Date,Open,High,Low,Close,Adj Close,Volume
2021-06-07,19.290000915527344,19.479999542236328,19.21999931335449,19.399999618530277,17.250391006469727,10765100.0
2021-06-08,19.57999992370605,19.649999618530277,19.38999938964844,19.5,17.339311599731445,7916900.0
2021-06-09,19.5,19.700000762939453,19.5,19.65999984741211,17.48158073425293,4972800.0
2021-06-10,19.780000686645508,19.90999984741211,19.71999931335449,19.88999938964844,17.68609619140625,6716400.0
2021-06-11,19.989999771118164,20.549999237060547,19.920000076293945,20.540000915527344,18.264074325561523,14076000.0
2021-06-14,20.36000061035156,20.600000381469727,20.309999465942383,20.450000762939453,18.18404769897461,10214000.0
2021-06-15,20.63999938964844,20.63999938964844,20.209999084472656,20.229999542236328,17.988422393798828,7477400.0
2021-06-16,20.40999984741211,20.5,20.299999237060547,20.3799991607666,18.121797561645508,5797500.0
2021-06-17,20.46999931335449,20.739999771118164,20.420000076293945,20.670000076293945,18.37966728210449,8568500.0
2021-06-18,20.59000015258789,20.63999938964844,20.15999984741211,20.190000534057617,17.952856063842773,11423400.0
2021-06-21,20.3799991607666,20.540000915527344,20.309999465942383,20.530000686645508,18.25518035888672,4007600.0
2021-06-22,20.5,20.780000686645508,20.40999984741211,20.76000022888184,18.459697723388672,5596100.0
2021-06-23,20.549999237060547,20.709999084472656,20.520000457763672,20.690000534057617,18.39745330810547,5710100.0
2021-06-24,21.350000381469727,21.450000762939453,21.190000534057617,21.190000534057617,18.842050552368164,5937000.0
2021-06-25,21.43000030517578,21.51000022888184,21.1299991607666,21.25,18.895402908325195,5249200.0
2021-06-28,21.3700008392334,21.5,21.200000762939453,21.290000915527344,18.930971145629883,4669000.0
2021-06-29,21.309999465942383,21.5,21.21999931335449,21.450000762939453,19.073240280151367,4748600.0
2021-06-30,21.40999984741211,21.43000030517578,21.170000076293945,21.190000534057617,18.842050552368164,6493500.0
2021-07-01,21.18000030517578,21.239999771118164,20.84000015258789,20.959999084472656,18.637535095214844,4670600.0
2021-07-02,21.100000381469727,21.149999618530277,21.020000457763672,21.06999969482422,18.73534202575684,4908600.0
2021-07-06,21.030000686645508,21.11000061035156,20.979999542236328,21.11000061035156,18.77091407775879,5728600.0
2021-07-07,21.200000762939453,21.229999542236328,20.959999084472656,21.18000030517578,18.83315658569336,4256200.0
2021-07-08,20.8700008392334,20.950000762939453,20.75,20.950000762939453,18.628643035888672,5439400.0
2021-07-09,21.06999969482422,21.34000015258789,20.989999771118164,21.34000015258789,18.975431442260746,4808400.0
2021-07-12,21.049999237060547,21.11000061035156,21.01000022888184,21.049999237060547,18.71756362915039,5247100.0
2021-07-13,20.899999618530277,21.09000015258789,20.8799991607666,21.049999237060547,18.71756362915039,8872500.0
2021-07-14,21.530000686645508,21.8700008392334,21.280000686645508,21.38999938964844,19.019887924194336,6837200.0
2021-07-15,21.34000015258789,21.399999618530277,21.06999969482422,21.1299991607666,18.7886962890625,5026900.0
2021-07-16,21.07999992370605,21.200000762939453,20.799999237060547,20.86000061035156,18.54861831665039,10653200.0
2021-07-19,20.6200008392334,20.770000457763672,20.5,20.63999938964844,18.352991104125977,6212800.0
2021-07-20,20.739999771118164,21.020000457763672,20.739999771118164,20.940000534057617,18.619749069213867,3727700.0
2021-07-21,20.979999542236328,21.31999969482422,20.940000534057617,21.309999465942383,18.948753356933597,4023500.0
2021-07-22,21.450000762939453,21.489999771118164,21.309999465942383,21.32999992370605,18.966535568237305,4106800.0
2021-07-23,21.3700008392334,21.739999771118164,21.3700008392334,21.729999542236328,19.322214126586918,4814800.0
2021-07-26,21.799999237060547,21.81999969482422,21.56999969482422,21.709999084472656,19.30443000793457,4878400.0
2021-07-27,21.600000381469727,21.790000915527344,21.549999237060547,21.709999084472656,19.30443000793457,9226700.0
2021-07-28,21.86000061035156,21.93000030517578,21.71999931335449,21.850000381469727,19.42892074584961,3593400.0
2021-07-29,21.8700008392334,22.13999938964844,21.8700008392334,21.920000076293945,19.49116516113281,5947800.0
2021-07-30,21.8799991607666,22.1299991607666,21.84000015258789,22.1200008392334,19.669002532958984,4464000.0
2021-08-02,22.290000915527344,22.459999084472656,22.209999084472656,22.270000457763672,19.80238151550293,5538200.0
2021-08-03,22.530000686645508,22.93000030517578,22.530000686645508,22.8799991607666,20.344789505004883,6607800.0
2021-08-04,22.690000534057617,22.75,22.520000457763672,22.63999938964844,20.13138198852539,5665100.0
2021-08-05,22.739999771118164,22.790000915527344,22.530000686645508,22.57999992370605,20.07802963256836,5253200.0
2021-08-06,22.46999931335449,22.809999465942383,22.43000030517578,22.809999465942383,20.282546997070312,4067000.0
2021-08-09,22.770000457763672,22.93000030517578,22.76000022888184,22.8799991607666,20.344789505004883,4917800.0
2021-08-10,22.96999931335449,23.07999992370605,22.739999771118164,22.780000686645508,20.2558708190918,4794100.0
2021-08-11,22.84000015258789,22.989999771118164,22.81999969482422,22.989999771118164,20.442602157592773,2829800.0
2021-08-12,23.100000381469727,23.450000762939453,23.049999237060547,23.31999969482422,20.73603820800781,4147900.0
2021-08-13,23.38999938964844,23.739999771118164,23.3700008392334,23.6299991607666,21.01168441772461,3686500.0
2021-08-16,23.549999237060547,23.61000061035156,23.31999969482422,23.399999618530277,20.80717086791992,3635400.0
2021-08-17,23.61000061035156,23.75,23.38999938964844,23.559999465942383,20.949443817138672,4824700.0
2021-08-18,23.51000022888184,23.8700008392334,23.46999931335449,23.479999542236328,20.878307342529297,5935700.0
2021-08-19,23.309999465942383,23.68000030517578,23.229999542236328,23.549999237060547,20.9405517578125,4911400.0
2021-08-20,23.600000381469727,23.90999984741211,23.56999969482422,23.8799991607666,21.23398208618164,3372800.0
2021-08-23,23.96999931335449,24.13999938964844,23.899999618530277,24.100000381469727,21.42960929870605,4528000.0
2021-08-24,23.940000534057617,24.030000686645508,23.739999771118164,23.8799991607666,21.23398208618164,6427200.0
2021-08-25,23.88999938964844,24.06999969482422,23.75,23.979999542236328,21.32290267944336,4122800.0
2021-08-26,23.8700008392334,23.88999938964844,23.63999938964844,23.65999984741211,21.03836250305176,4142700.0
2021-08-27,23.75,23.88999938964844,23.690000534057617,23.729999542236328,21.10060691833496,4616100.0
2021-08-30,23.71999931335449,23.84000015258789,23.670000076293945,23.71999931335449,21.09171295166016,3412000.0
2021-08-31,23.920000076293945,24.0,23.799999237060547,23.81999969482422,21.180635452270508,5439400.0
2021-09-01,23.600000381469727,23.690000534057617,23.5,23.549999237060547,20.9405517578125,9368800.0
2021-09-02,23.57999992370605,23.700000762939453,23.40999984741211,23.700000762939453,21.07392883300781,6195300.0
2021-09-03,23.86000061035156,24.07999992370605,23.790000915527344,24.030000686645508,21.36736488342285,3781200.0
2021-09-07,23.979999542236328,24.06999969482422,23.399999618530277,23.43000030517578,20.83384704589844,8424800.0
2021-09-08,23.34000015258789,23.40999984741211,23.1200008392334,23.190000534057617,20.620441436767575,4351700.0
2021-09-09,23.270000457763672,23.280000686645508,22.90999984741211,22.93000030517578,20.389249801635746,8297800.0
2021-09-10,23.06999969482422,23.11000061035156,22.940000534057617,22.989999771118164,20.442602157592773,4201300.0
2021-09-13,23.06999969482422,23.170000076293945,22.81999969482422,22.959999084472656,20.415925979614254,5872800.0
2021-09-14,23.040000915527344,23.13999938964844,22.959999084472656,23.01000022888184,20.460384368896484,3970300.0
2021-09-15,23.32999992370605,23.3799991607666,23.209999084472656,23.3700008392334,20.78049659729004,4835500.0
2021-09-16,23.350000381469727,23.350000381469727,22.96999931335449,23.09000015258789,20.53152084350586,6554000.0
2021-09-17,22.950000762939453,22.989999771118164,22.71999931335449,22.850000381469727,20.318115234375,8070400.0
2021-09-20,22.75,22.950000762939453,22.56999969482422,22.76000022888184,20.23808479309082,7148800.0
2021-09-21,23.1299991607666,23.229999542236328,23.100000381469727,23.1200008392334,20.558198928833008,4785000.0
2021-09-22,23.1200008392334,23.3799991607666,23.06999969482422,23.270000457763672,20.691577911376957,6613800.0
2021-09-23,23.68000030517578,23.790000915527344,23.600000381469727,23.729999542236328,21.10060691833496,5323800.0
2021-09-24,23.700000762939453,23.799999237060547,23.57999992370605,23.68000030517578,21.05614852905273,5455200.0
2021-09-27,23.229999542236328,23.229999542236328,22.8700008392334,22.899999618530277,20.362573623657227,7458800.0
2021-09-28,22.489999771118164,22.5,22.06999969482422,22.09000015258789,19.64232444763184,8522600.0
2021-09-29,22.34000015258789,22.57999992370605,22.200000762939453,22.479999542236328,19.989110946655277,9652300.0
2021-09-30,22.40999984741211,22.51000022888184,22.21999931335449,22.25,19.784597396850582,7337900.0
2021-10-01,22.34000015258789,22.399999618530277,22.059999465942383,22.32999992370605,19.855731964111328,7195200.0
2021-10-04,22.290000915527344,22.350000381469727,22.030000686645508,22.149999618530277,19.6956787109375,8654400.0
2021-10-05,22.290000915527344,22.780000686645508,22.290000915527344,22.75,20.22919464111328,9498900.0
2021-10-06,22.31999969482422,22.5,22.149999618530277,22.450000762939453,19.962438583374023,7134600.0
2021-10-07,22.649999618530277,22.84000015258789,22.559999465942383,22.770000457763672,20.246978759765625,9589800.0
2021-10-08,22.90999984741211,23.0,21.729999542236328,21.93000030517578,19.50005531311035,15739900.0
2021-10-11,22.030000686645508,22.07999992370605,21.809999465942383,21.81999969482422,19.402244567871094,11872400.0
2021-10-12,22.049999237060547,22.06999969482422,21.86000061035156,21.8799991607666,19.45559310913086,14046800.0
2021-10-13,22.8799991607666,22.989999771118164,22.520000457763672,22.649999618530277,20.14027404785156,13099100.0
2021-10-14,22.68000030517578,22.739999771118164,22.229999542236328,22.709999084472656,20.193628311157227,11343900.0
2021-10-15,22.899999618530277,23.399999618530277,22.76000022888184,23.3799991607666,20.789384841918945,22295600.0
2021-10-18,23.57999992370605,23.790000915527344,23.489999771118164,23.780000686645508,21.145065307617188,12618300.0
2021-10-19,24.049999237060547,24.280000686645508,23.940000534057617,24.21999931335449,21.53630828857422,7759900.0
2021-10-20,23.93000030517578,24.190000534057617,23.84000015258789,24.1299991607666,21.456283569335938,8434600.0
2021-10-21,23.51000022888184,23.559999465942383,23.32999992370605,23.40999984741211,20.816062927246094,6244600.0
2021-10-22,23.049999237060547,23.21999931335449,22.989999771118164,23.01000022888184,20.460384368896484,7696800.0
2021-10-25,22.8700008392334,22.979999542236328,22.729999542236328,22.93000030517578,20.389249801635746,10860000.0
2021-10-26,22.899999618530277,22.899999618530277,22.59000015258789,22.690000534057617,20.352474212646484,5844600.0
2021-10-27,22.90999984741211,22.950000762939453,22.549999237060547,22.549999237060547,20.226896286010746,17484500.0
2021-10-28,22.61000061035156,22.709999084472656,22.479999542236328,22.559999465942383,20.23586845397949,6915000.0
2021-10-29,22.25,22.31999969482422,22.149999618530277,22.280000686645508,19.98471450805664,5688100.0
2021-11-01,22.540000915527344,22.68000030517578,22.3799991607666,22.46999931335449,20.15513610839844,4766500.0
2021-11-02,22.46999931335449,22.690000534057617,22.450000762939453,22.65999984741211,20.325563430786133,3786300.0
2021-11-03,22.63999938964844,22.729999542236328,22.56999969482422,22.709999084472656,20.37041473388672,7089200.0
2021-11-04,22.809999465942383,22.850000381469727,22.68000030517578,22.709999084472656,20.37041473388672,4077600.0
2021-11-05,22.920000076293945,22.920000076293945,22.709999084472656,22.790000915527344,20.44217300415039,4723100.0
2021-11-08,23.209999084472656,23.46999931335449,23.209999084472656,23.440000534057617,21.02520751953125,6848800.0
2021-11-09,23.32999992370605,23.3799991607666,23.06999969482422,23.299999237060547,20.899633407592773,5532100.0
2021-11-10,23.13999938964844,23.209999084472656,22.950000762939453,22.959999084472656,20.59465980529785,6060200.0
2021-11-11,23.030000686645508,23.280000686645508,23.030000686645508,23.200000762939453,20.809934616088867,3639400.0
2021-11-12,23.59000015258789,23.700000762939453,23.530000686645508,23.700000762939453,21.258424758911133,5304700.0
2021-11-15,23.799999237060547,23.86000061035156,23.600000381469727,23.6299991607666,21.195634841918945,3667100.0
2021-11-16,23.75,24.09000015258789,23.700000762939453,24.030000686645508,21.554428100585938,8389100.0
2021-11-17,23.8799991607666,24.01000022888184,23.729999542236328,23.739999771118164,21.294301986694336,5177900.0
2021-11-18,23.71999931335449,23.739999771118164,23.530000686645508,23.649999618530277,21.213573455810547,6453500.0
2021-11-19,23.68000030517578,23.700000762939453,23.530000686645508,23.59000015258789,21.15975379943848,3084000.0
2021-11-22,23.459999084472656,23.559999465942383,22.76000022888184,22.770000457763672,20.424230575561523,12581200.0
2021-11-23,22.899999618530277,23.190000534057617,22.729999542236328,22.88999938964844,20.531869888305664,8496200.0
2021-11-24,22.350000381469727,22.6299991607666,22.299999237060547,22.61000061035156,20.280717849731445,3992100.0
2021-11-26,22.309999465942383,22.5,22.13999938964844,22.200000762939453,19.912954330444336,3527600.0
2021-11-29,22.459999084472656,22.649999618530277,22.31999969482422,22.6200008392334,20.28968620300293,9943000.0
2021-11-30,22.700000762939453,23.07999992370605,22.520000457763672,22.57999992370605,20.25380516052246,8744700.0
2021-12-01,22.850000381469727,22.8700008392334,22.43000030517578,22.440000534057617,20.12822914123535,6696100.0
2021-12-02,22.940000534057617,23.51000022888184,22.82999992370605,23.440000534057617,21.02520751953125,9337500.0
2021-12-03,23.1200008392334,23.13999938964844,22.700000762939453,22.8799991607666,20.522899627685547,6754900.0
2021-12-06,22.36000061035156,22.3700008392334,21.88999938964844,22.25,19.95780372619629,6857200.0
2021-12-07,22.56999969482422,23.06999969482422,22.51000022888184,23.059999465942383,20.68435478210449,8397300.0
2021-12-08,23.200000762939453,23.520000457763672,23.1200008392334,23.440000534057617,21.02520751953125,5193700.0
2021-12-09,23.229999542236328,23.440000534057617,23.21999931335449,23.25,20.854782104492188,4480800.0
2021-12-10,23.31999969482422,23.540000915527344,23.059999465942383,23.190000534057617,20.80096435546875,4001300.0
2021-12-13,23.040000915527344,23.040000915527344,22.57999992370605,22.61000061035156,20.280717849731445,4551600.0
2021-12-14,22.75,22.96999931335449,22.61000061035156,22.88999938964844,20.531869888305664,5253200.0
2021-12-15,22.75,23.280000686645508,22.71999931335449,23.26000022888184,20.863754272460938,6836200.0
2021-12-16,23.809999465942383,24.5,23.770000457763672,24.11000061035156,21.62618827819824,11307500.0
2021-12-17,23.920000076293945,24.270000457763672,23.8700008392334,24.040000915527344,21.56339836120605,6517000.0
2021-12-20,23.82999992370605,23.8700008392334,23.399999618530277,23.690000534057617,21.249452590942383,4031000.0
2021-12-21,23.979999542236328,24.25,23.84000015258789,24.21999931335449,21.724851608276367,3750300.0
2021-12-22,24.21999931335449,24.540000915527344,24.149999618530277,24.530000686645508,22.002918243408203,6968800.0
2021-12-23,24.690000534057617,24.799999237060547,24.5,24.729999542236328,22.18231201171875,2488600.0
2021-12-27,24.86000061035156,25.34000015258789,24.86000061035156,25.32999992370605,22.720502853393555,3527200.0
2021-12-28,25.36000061035156,25.38999938964844,25.18000030517578,25.299999237060547,22.69359016418457,3405800.0
2021-12-29,25.190000534057617,25.3799991607666,25.13999938964844,25.3799991607666,22.765350341796875,2330400.0
2021-12-30,25.540000915527344,25.600000381469727,25.38999938964844,25.40999984741211,22.792259216308597,2293900.0
2021-12-31,25.530000686645508,25.559999465942383,25.309999465942383,25.309999465942383,22.70255851745605,3009700.0
2022-01-03,25.38999938964844,25.540000915527344,25.149999618530277,25.26000022888184,22.657712936401367,4526700.0
2022-01-04,25.25,25.3700008392334,24.979999542236328,25.11000061035156,22.52316665649414,8180900.0
2022-01-05,24.84000015258789,24.920000076293945,24.25,24.299999237060547,21.796611785888672,8881400.0
2022-01-06,24.200000762939453,24.489999771118164,23.96999931335449,24.11000061035156,21.62618827819824,11523300.0
2022-01-07,24.21999931335449,24.3700008392334,23.96999931335449,24.200000762939453,21.70691299438477,6596500.0
2022-01-10,24.65999984741211,24.780000686645508,24.43000030517578,24.770000457763672,22.21819305419922,10032000.0
2022-01-11,24.8799991607666,25.059999465942383,24.65999984741211,25.020000457763672,22.44243621826172,9883900.0
2022-01-12,26.149999618530277,26.38999938964844,25.51000022888184,25.75,23.09723281860352,15578800.0
2022-01-13,25.739999771118164,25.780000686645508,25.46999931335449,25.600000381469727,22.96268653869629,20147500.0
2022-01-14,25.71999931335449,26.290000915527344,25.57999992370605,26.200000762939453,23.500873565673828,11294700.0
2022-01-18,25.709999084472656,25.770000457763672,25.420000076293945,25.51000022888184,22.881956100463867,6915000.0
2022-01-19,24.979999542236328,25.049999237060547,24.450000762939453,24.46999931335449,21.949094772338867,13756100.0
2022-01-20,24.32999992370605,24.3799991607666,23.65999984741211,23.68000030517578,21.240488052368164,19417500.0
2022-01-21,23.440000534057617,23.770000457763672,23.36000061035156,23.40999984741211,20.998300552368164,13813600.0
2022-01-24,22.8799991607666,22.96999931335449,21.96999931335449,22.940000534057617,20.57672119140625,18128000.0
2022-01-25,22.65999984741211,22.850000381469727,22.420000076293945,22.479999542236328,20.164106369018555,9588100.0
2022-01-26,22.71999931335449,22.84000015258789,22.170000076293945,22.38999938964844,20.08337783813477,11662800.0
2022-01-27,22.26000022888184,22.3799991607666,21.71999931335449,21.809999465942383,19.563129425048828,17086900.0
2022-01-28,22.149999618530277,22.700000762939453,22.049999237060547,22.65999984741211,20.325563430786133,15420200.0
2022-01-31,23.06999969482422,23.61000061035156,23.020000457763672,23.56999969482422,21.14181327819824,5686800.0
2022-02-01,23.51000022888184,23.6299991607666,23.239999771118164,23.520000457763672,21.096969604492188,10309700.0
2022-02-02,23.729999542236328,23.850000381469727,23.600000381469727,23.770000457763672,21.32121467590332,9033400.0
2022-02-03,23.07999992370605,23.26000022888184,22.729999542236328,22.76000022888184,20.41526222229004,12135000.0
2022-02-04,22.96999931335449,23.209999084472656,22.65999984741211,22.88999938964844,20.531869888305664,18253100.0
2022-02-07,22.68000030517578,22.90999984741211,22.40999984741211,22.46999931335449,20.15513610839844,15889900.0
2022-02-08,22.459999084472656,22.96999931335449,22.3700008392334,22.88999938964844,20.531869888305664,21190900.0
2022-02-09,23.170000076293945,23.459999084472656,23.100000381469727,23.40999984741211,20.998300552368164,7472800.0
2022-02-10,23.049999237060547,23.270000457763672,22.8700008392334,22.940000534057617,20.57672119140625,10600800.0
2022-02-11,22.71999931335449,22.770000457763672,22.209999084472656,22.270000457763672,19.97574234008789,7761500.0
2022-02-14,22.0,22.26000022888184,21.88999938964844,22.190000534057617,19.90398406982422,6502900.0
2022-02-15,22.780000686645508,22.950000762939453,22.649999618530277,22.88999938964844,20.531869888305664,9976200.0
2022-02-16,22.520000457763672,22.850000381469727,22.489999771118164,22.84000015258789,20.487024307250977,6605000.0
2022-02-17,22.649999618530277,22.75,22.3700008392334,22.43000030517578,20.1192569732666,8470200.0
2022-02-18,22.530000686645508,22.75,22.309999465942383,22.51000022888184,20.191017150878903,8932700.0
2022-02-22,22.6299991607666,23.31999969482422,22.61000061035156,23.049999237060547,20.67538833618164,17268300.0
2022-02-23,23.030000686645508,23.239999771118164,22.65999984741211,22.71999931335449,20.379383087158203,8420000.0
2022-02-24,21.40999984741211,22.25,21.040000915527344,22.239999771118164,19.94883155822754,21155100.0
2022-02-25,22.239999771118164,22.8700008392334,22.239999771118164,22.84000015258789,20.487024307250977,8269300.0
2022-02-28,22.61000061035156,22.780000686645508,22.290000915527344,22.459999084472656,20.146169662475582,6965700.0
2022-03-01,22.38999938964844,22.5,22.040000915527344,22.15999984741211,19.877077102661133,6930300.0
2022-03-02,22.209999084472656,22.780000686645508,22.170000076293945,22.59000015258789,20.262775421142575,8749500.0
2022-03-03,22.850000381469727,22.940000534057617,22.43000030517578,22.520000457763672,20.199987411499023,7023600.0
2022-03-04,22.280000686645508,22.549999237060547,22.149999618530277,22.459999084472656,20.146169662475582,13424500.0
2022-03-07,22.280000686645508,22.57999992370605,22.190000534057617,22.57999992370605,20.25380516052246,14195100.0
2022-03-08,22.68000030517578,23.61000061035156,22.540000915527344,23.32999992370605,20.92654037475586,20426800.0
2022-03-09,23.75,24.149999618530277,23.540000915527344,23.899999618530277,21.437822341918945,10599200.0
2022-03-10,23.540000915527344,23.93000030517578,23.540000915527344,23.84000015258789,21.38400077819824,7789000.0
2022-03-11,24.190000534057617,24.290000915527344,23.950000762939453,24.01000022888184,21.536487579345703,7892800.0
2022-03-14,24.459999084472656,25.040000915527344,24.43000030517578,24.690000534057617,22.146434783935547,13945300.0
2022-03-15,24.15999984741211,24.309999465942383,23.59000015258789,24.190000534057617,21.697946548461918,9186200.0
2022-03-16,24.46999931335449,25.1200008392334,24.399999618530277,25.11000061035156,22.52316665649414,12327300.0
2022-03-17,24.809999465942383,25.049999237060547,24.459999084472656,24.489999771118164,21.967039108276367,14814900.0
2022-03-18,24.38999938964844,25.040000915527344,24.209999084472656,25.040000915527344,22.460378646850582,29035600.0
2022-03-21,24.399999618530277,24.559999465942383,24.06999969482422,24.209999084472656,21.71588134765625,8200800.0
2022-03-22,24.61000061035156,24.950000762939453,24.57999992370605,24.790000915527344,22.236133575439453,5367300.0
2022-03-23,24.350000381469727,24.649999618530277,24.280000686645508,24.309999465942383,21.80558204650879,9022300.0
2022-03-24,24.6299991607666,24.690000534057617,24.38999938964844,24.670000076293945,22.128494262695312,3594400.0
2022-03-25,24.600000381469727,24.75,24.51000022888184,24.729999542236328,22.18231201171875,3365400.0
2022-03-28,24.729999542236328,24.770000457763672,24.520000457763672,24.71999931335449,22.173343658447266,2834400.0
2022-03-29,24.90999984741211,25.1200008392334,24.809999465942383,25.11000061035156,22.52316665649414,3817200.0
2022-03-30,24.81999969482422,25.170000076293945,24.81999969482422,24.96999931335449,22.39758682250977,6945500.0
2022-03-31,24.96999931335449,25.209999084472656,24.88999938964844,24.88999938964844,22.325830459594727,7849500.0
2022-04-01,25.1200008392334,25.1299991607666,24.540000915527344,24.61000061035156,22.074676513671875,14712000.0
2022-04-04,24.559999465942383,24.739999771118164,24.540000915527344,24.739999771118164,22.191286087036133,12357900.0
2022-04-05,24.5,24.540000915527344,24.270000457763672,24.3799991607666,21.868370056152344,6293000.0
2022-04-06,23.90999984741211,24.1200008392334,23.739999771118164,23.96999931335449,21.500608444213867,12373700.0
2022-04-07,23.75,24.0,23.670000076293945,23.81999969482422,21.366060256958008,8337400.0
2022-04-08,23.780000686645508,23.899999618530277,23.63999938964844,23.700000762939453,21.258424758911133,5583400.0
2022-04-11,23.270000457763672,23.450000762939453,22.959999084472656,23.049999237060547,20.67538833618164,6641500.0
2022-04-12,23.149999618530277,23.270000457763672,22.479999542236328,22.56999969482422,20.244836807250977,11642600.0
2022-04-13,21.88999938964844,21.899999618530277,20.920000076293945,21.190000534057617,19.00700569152832,20145500.0
2022-04-14,21.209999084472656,21.239999771118164,20.420000076293945,20.459999084472656,18.35221099853516,17199800.0
2022-04-18,20.540000915527344,20.71999931335449,20.3700008392334,20.559999465942383,18.441909790039062,11998300.0
2022-04-19,20.059999465942383,20.459999084472656,19.75,20.420000076293945,18.316329956054688,16645300.0
2022-04-20,20.68000030517578,20.729999542236328,20.459999084472656,20.56999969482422,18.450878143310547,10019600.0
2022-04-21,20.850000381469727,20.93000030517578,20.6299991607666,20.68000030517578,18.549545288085938,21840600.0
2022-04-22,20.51000022888184,20.61000061035156,20.1200008392334,20.26000022888184,18.172813415527344,11983400.0
2022-04-25,20.170000076293945,20.40999984741211,20.030000686645508,20.40999984741211,18.30735969543457,8778400.0
2022-04-26,20.25,20.3799991607666,20.059999465942383,20.1200008392334,18.047237396240234,13027100.0
2022-04-27,19.989999771118164,20.31999969482422,19.989999771118164,20.1200008392334,18.047237396240234,9754100.0
2022-04-28,20.40999984741211,20.65999984741211,20.350000381469727,20.5,18.388090133666992,24229100.0
2022-04-29,20.239999771118164,20.299999237060547,19.8700008392334,19.8700008392334,17.8229923248291,12325100.0
2022-05-02,19.8799991607666,20.21999931335449,19.84000015258789,20.149999618530277,18.074142456054688,15073900.0
2022-05-03,20.190000534057617,20.290000915527344,20.1299991607666,20.21999931335449,18.136934280395508,7716800.0
2022-05-04,20.100000381469727,20.65999984741211,20.040000915527344,20.61000061035156,18.48675537109375,7519400.0
2022-05-05,20.600000381469727,20.790000915527344,20.11000061035156,20.309999465942383,18.217660903930664,9577100.0
2022-05-06,19.959999084472656,20.0,19.709999084472656,19.850000381469727,17.805049896240234,6615300.0
2022-05-09,20.040000915527344,20.13999938964844,19.76000022888184,19.81999969482422,17.77814292907715,14538200.0
2022-05-10,20.020000457763672,20.1200008392334,19.520000457763672,19.76000022888184,17.72432518005371,18342600.0
2022-05-11,19.59000015258789,19.770000457763672,19.3799991607666,19.40999984741211,17.41037940979004,8503200.0
2022-05-12,19.15999984741211,19.649999618530277,19.1200008392334,19.530000686645508,17.51801872253418,13434100.0
2022-05-13,19.299999237060547,19.51000022888184,19.190000534057617,19.450000762939453,17.446258544921875,14033500.0
2022-05-16,19.1299991607666,19.18000030517578,18.899999618530277,18.940000534057617,16.988800048828125,11057600.0
2022-05-17,19.420000076293945,19.6200008392334,19.399999618530277,19.61000061035156,17.58977508544922,7184600.0
2022-05-18,19.31999969482422,19.38999938964844,18.76000022888184,18.780000686645508,16.84528350830078,10672000.0
2022-05-19,18.36000061035156,18.82999992370605,18.21999931335449,18.6299991607666,16.710735321044922,9392800.0
2022-05-20,18.81999969482422,18.82999992370605,18.38999938964844,18.700000762939453,16.773527145385742,6019100.0
2022-05-23,18.790000915527344,18.93000030517578,18.63999938964844,18.88999938964844,16.94394874572754,7451600.0
2022-05-24,18.489999771118164,18.56999969482422,18.25,18.399999618530277,16.504430770874023,9904800.0
2022-05-25,18.100000381469727,18.270000457763672,17.899999618530273,18.13999938964844,16.271217346191406,19046500.0
2022-05-26,18.21999931335449,18.559999465942383,18.13999938964844,18.450000762939453,16.549280166625977,9116900.0
2022-05-27,18.799999237060547,19.040000915527344,18.75,19.0,17.042619705200195,14402900.0
2022-05-31,19.040000915527344,19.13999938964844,18.670000076293945,18.86000061035156,17.106107711791992,14970000.0
2022-06-01,18.920000076293945,19.149999618530277,18.850000381469727,19.030000686645508,17.260295867919922,11631300.0
2022-06-02,19.25,19.520000457763672,19.25,19.51000022888184,17.695663452148438,9397700.0
2022-06-03,19.399999618530277,19.600000381469727,19.34000015258789,19.3799991607666,17.57775115966797,9036000.0
2022-06-06,19.520000457763672,19.63999938964844,19.38999938964844,19.43000030517578,17.62310028076172,3917300.0
2022-06-07,19.149999618530277,19.38999938964844,19.040000915527344,19.3799991607666,17.57775115966797,11026400.0
2022-06-08,19.290000915527344,19.309999465942383,19.149999618530277,19.15999984741211,17.378210067749023,3191500.0
2022-06-09,19.170000076293945,19.290000915527344,18.8799991607666,18.8799991607666,17.12424659729004,5958200.0
2022-06-10,18.6200008392334,18.6200008392334,18.200000762939453,18.32999992370605,16.625394821166992,8787000.0
2022-06-13,17.899999618530273,18.040000915527344,17.760000228881836,17.850000381469727,16.190032958984375,9535700.0
2022-06-14,18.010000228881836,18.309999465942383,18.0,18.239999771118164,16.543766021728516,11567800.0
2022-06-15,18.059999465942383,18.32999992370605,17.899999618530273,18.290000915527344,16.589115142822266,16537200.0
2022-06-16,17.760000228881836,17.790000915527344,17.600000381469727,17.670000076293945,16.02677345275879,5810400.0
2022-06-17,17.520000457763672,17.950000762939453,17.520000457763672,17.760000228881836,16.108402252197266,13242000.0
2022-06-21,18.520000457763672,18.950000762939453,18.459999084472656,18.770000457763672,17.024477005004883,14786000.0
2022-06-22,18.350000381469727,18.479999542236328,18.190000534057617,18.31999969482422,16.61632537841797,12715900.0
2022-06-23,18.450000762939453,18.549999237060547,18.290000915527344,18.440000534057617,16.72516441345215,12097800.0
2022-06-24,18.3700008392334,18.700000762939453,18.309999465942383,18.670000076293945,16.93377685546875,6561500.0
2022-06-27,18.76000022888184,18.780000686645508,18.56999969482422,18.76000022888184,17.01540756225586,8163800.0
2022-06-28,18.76000022888184,18.84000015258789,18.440000534057617,18.459999084472656,16.743305206298828,5168800.0
2022-06-29,18.3700008392334,18.670000076293945,18.280000686645508,18.61000061035156,16.879358291625977,5126600.0
2022-06-30,18.399999618530277,18.56999969482422,18.34000015258789,18.51000022888184,16.78865623474121,10376700.0
2022-07-01,18.600000381469727,18.90999984741211,18.5,18.850000381469727,17.0970401763916,9066900.0
2022-07-05,18.51000022888184,18.690000534057617,18.36000061035156,18.670000076293945,16.93377685546875,10265200.0
2022-07-06,18.700000762939453,19.020000457763672,18.700000762939453,18.93000030517578,17.169599533081055,8860200.0
2022-07-07,18.989999771118164,19.18000030517578,18.899999618530277,19.15999984741211,17.378210067749023,9675500.0
2022-07-08,19.049999237060547,19.15999984741211,18.76000022888184,19.059999465942383,17.28750991821289,15835100.0
2022-07-11,18.5,18.59000015258789,18.229999542236328,18.459999084472656,16.743305206298828,7908800.0
2022-07-12,18.190000534057617,18.3700008392334,18.11000061035156,18.209999084472656,16.516551971435547,12463200.0
2022-07-13,18.040000915527344,18.270000457763672,17.979999542236328,18.11000061035156,16.425853729248047,8601800.0
2022-07-14,17.799999237060547,17.950000762939453,17.6299991607666,17.899999618530273,16.235383987426758,6778800.0
2022-07-15,18.1200008392334,18.209999084472656,17.950000762939453,18.170000076293945,16.480274200439453,4846900.0
2022-07-18,18.57999992370605,18.739999771118164,18.38999938964844,18.440000534057617,16.72516441345215,7496500.0
2022-07-19,18.600000381469727,18.780000686645508,18.540000915527344,18.709999084472656,16.97005844116211,5046400.0
2022-07-20,18.780000686645508,18.86000061035156,18.61000061035156,18.71999931335449,16.979127883911133,13431500.0
2022-07-21,19.100000381469727,19.280000686645508,18.950000762939453,19.209999084472656,17.423559188842773,15563600.0
2022-07-22,18.88999938964844,19.059999465942383,18.799999237060547,18.8799991607666,17.12424659729004,9935200.0
2022-07-25,18.700000762939453,18.739999771118164,18.25,18.559999465942383,16.83400535583496,15146700.0
2022-07-26,18.09000015258789,18.09000015258789,17.84000015258789,17.90999984741211,16.244455337524414,13040200.0
2022-07-27,18.239999771118164,18.790000915527344,18.200000762939453,18.709999084472656,16.97005844116211,9772700.0
2022-07-28,18.86000061035156,19.170000076293945,18.770000457763672,19.149999618530277,17.369138717651367,9660300.0
2022-07-29,19.3700008392334,19.600000381469727,19.31999969482422,19.489999771118164,17.677520751953125,7222000.0
2022-08-01,19.36000061035156,19.6200008392334,19.350000381469727,19.6200008392334,17.79543113708496,8471600.0
2022-08-02,19.479999542236328,19.6200008392334,19.440000534057617,19.489999771118164,17.677520751953125,6613000.0
2022-08-03,19.76000022888184,20.100000381469727,19.71999931335449,20.100000381469727,18.230792999267575,7339100.0
2022-08-04,20.170000076293945,20.270000457763672,20.07999992370605,20.149999618530277,18.276142120361328,8486500.0
2022-08-05,20.100000381469727,20.309999465942383,20.020000457763672,20.309999465942383,18.4212646484375,5790000.0
2022-08-08,20.309999465942383,20.3799991607666,20.200000762939453,20.270000457763672,18.384984970092773,9722500.0
2022-08-09,20.18000030517578,20.26000022888184,20.1299991607666,20.18000030517578,18.303354263305664,5140100.0
2022-08-10,20.450000762939453,20.600000381469727,20.309999465942383,20.3799991607666,18.484752655029297,5828100.0
2022-08-11,20.290000915527344,20.420000076293945,20.100000381469727,20.149999618530277,18.276142120361328,7446900.0
2022-08-12,20.049999237060547,20.13999938964844,19.950000762939453,20.11000061035156,18.239866256713867,4842800.0
2022-08-15,20.020000457763672,20.149999618530277,20.020000457763672,20.11000061035156,18.239866256713867,2987500.0
2022-08-16,20.049999237060547,20.15999984741211,19.989999771118164,20.149999618530277,18.276142120361328,7513200.0
2022-08-17,20.07999992370605,20.18000030517578,19.899999618530277,20.09000015258789,18.221723556518555,10568900.0
2022-08-18,19.88999938964844,20.049999237060547,19.88999938964844,19.96999931335449,18.11288452148437,5370900.0
2022-08-19,20.040000915527344,20.040000915527344,19.75,19.780000686645508,17.940553665161133,2868500.0
2022-08-22,19.479999542236328,19.6200008392334,19.450000762939453,19.520000457763672,17.704730987548828,9260400.0
2022-08-23,19.420000076293945,19.450000762939453,19.25,19.25,17.459840774536133,6669000.0
2022-08-24,19.239999771118164,19.38999938964844,19.200000762939453,19.25,17.459840774536133,5528700.0
2022-08-25,19.1299991607666,19.200000762939453,19.020000457763672,19.18000030517578,17.396350860595703,3818500.0
2022-08-26,19.15999984741211,19.209999084472656,18.6200008392334,18.63999938964844,16.906566619873047,5710800.0
2022-08-29,18.3700008392334,18.46999931335449,18.270000457763672,18.38999938964844,16.67981719970703,5544000.0
2022-08-30,18.780000686645508,18.780000686645508,18.36000061035156,18.43000030517578,16.71609878540039,6267500.0
2022-08-31,18.479999542236328,18.549999237060547,18.299999237060547,18.299999237060547,16.598182678222656,7419500.0
2022-09-01,18.32999992370605,18.420000076293945,18.190000534057617,18.420000076293945,16.707027435302734,4480300.0
2022-09-02,18.299999237060547,18.440000534057617,18.0,18.09000015258789,16.407712936401367,5248800.0
2022-09-06,18.13999938964844,18.21999931335449,17.93000030517578,17.979999542236328,16.30794334411621,7158700.0
2022-09-07,18.13999938964844,18.450000762939453,18.11000061035156,18.43000030517578,16.71609878540039,4769300.0
2022-09-08,18.350000381469727,18.530000686645508,18.280000686645508,18.530000686645508,16.806795120239258,3936900.0
2022-09-09,18.770000457763672,19.100000381469727,18.75,19.059999465942383,17.28750991821289,5513600.0
2022-09-12,19.229999542236328,19.40999984741211,19.190000534057617,19.239999771118164,17.45077133178711,3607400.0
2022-09-13,18.76000022888184,18.899999618530277,18.489999771118164,18.559999465942383,16.83400535583496,15227800.0
2022-09-14,18.3700008392334,18.440000534057617,17.969999313354492,18.07999992370605,16.398645401000977,16757300.0
2022-09-15,17.700000762939453,17.809999465942383,17.510000228881836,17.790000915527344,16.135616302490234,21950100.0
2022-09-16,17.200000762939453,17.459999084472656,17.09000015258789,17.3799991607666,15.763738632202148,42686600.0
2022-09-19,17.40999984741211,17.520000457763672,17.290000915527344,17.40999984741211,15.7909517288208,15219300.0
2022-09-20,17.260000228881836,17.309999465942383,16.950000762939453,17.020000457763672,15.43722152709961,18634300.0
2022-09-21,17.09000015258789,17.290000915527344,17.0,17.020000457763672,15.43722152709961,10736000.0
2022-09-22,16.899999618530273,16.979999542236328,16.600000381469727,16.68000030517578,15.128839492797852,17899000.0
2022-09-23,16.579999923706055,16.709999084472656,16.389999389648438,16.610000610351562,15.065348625183104,18057100.0
2022-09-26,16.729999542236328,16.93000030517578,16.639999389648438,16.690000534057617,15.137907028198242,10331500.0
2022-09-27,16.899999618530273,17.040000915527344,16.68000030517578,16.790000915527344,15.228607177734377,12443100.0
2022-09-28,16.860000610351562,17.200000762939453,16.790000915527344,17.110000610351562,15.518850326538086,8791800.0
2022-09-29,16.84000015258789,16.899999618530273,16.700000762939453,16.899999618530273,15.328380584716797,6037800.0
2022-09-30,17.100000381469727,17.229999542236328,16.969999313354492,16.969999313354492,15.391870498657228,6245800.0
2022-10-03,16.8700008392334,17.170000076293945,16.81999969482422,17.049999237060547,15.464428901672363,9703100.0
2022-10-04,17.3799991607666,17.709999084472656,17.309999465942383,17.700000762939453,16.053985595703125,8648900.0
2022-10-05,17.549999237060547,17.75,17.399999618530273,17.639999389648438,15.999560356140137,6090900.0
2022-10-06,17.65999984741211,17.729999542236328,17.469999313354492,17.479999542236328,15.854442596435549,10827300.0
2022-10-07,17.329999923706055,17.3799991607666,17.0,17.059999465942383,15.47350025177002,14041700.0
2022-10-10,17.559999465942383,17.690000534057617,17.329999923706055,17.559999465942383,15.927002906799316,23349600.0
2022-10-11,17.030000686645508,17.270000457763672,16.989999771118164,17.1299991607666,15.536989212036133,12839500.0
2022-10-12,17.139999389648438,17.309999465942383,17.030000686645508,17.100000381469727,15.509780883789062,11642700.0
2022-10-13,17.0,18.229999542236328,16.90999984741211,18.049999237060547,16.371431350708008,16478500.0
2022-10-14,17.93000030517578,18.200000762939453,17.790000915527344,17.809999465942383,16.153751373291016,13607400.0
2022-10-17,18.1200008392334,18.3799991607666,18.11000061035156,18.15999984741211,16.471206665039062,9800800.0
2022-10-18,18.25,18.3799991607666,17.889999389648438,18.06999969482422,16.389572143554688,7630100.0
2022-10-19,17.850000381469727,17.979999542236328,17.729999542236328,17.829999923706055,16.171894073486328,6284000.0
2022-10-20,18.030000686645508,18.229999542236328,17.860000610351562,17.889999389648438,16.2263126373291,8674600.0
2022-10-21,17.93000030517578,18.36000061035156,17.860000610351562,18.299999237060547,16.598182678222656,7393300.0
2022-10-24,18.290000915527344,18.540000915527344,18.21999931335449,18.440000534057617,16.72516441345215,9595200.0
2022-10-25,18.5,18.68000030517578,18.479999542236328,18.6200008392334,16.888429641723633,5701200.0
2022-10-26,18.600000381469727,18.8799991607666,18.549999237060547,18.68000030517578,16.942846298217773,7555000.0
2022-10-27,18.479999542236328,18.6299991607666,18.40999984741211,18.51000022888184,16.971269607543945,7597000.0
2022-10-28,18.40999984741211,18.809999465942383,18.3700008392334,18.790000915527344,17.227994918823242,8698000.0
2022-10-31,18.65999984741211,18.82999992370605,18.61000061035156,18.729999542236328,17.172983169555664,8585500.0
2022-11-01,19.190000534057617,19.21999931335449,18.84000015258789,18.90999984741211,17.33802032470703,5474700.0
2022-11-02,18.709999084472656,18.8799991607666,18.40999984741211,18.40999984741211,16.879581451416016,6370600.0
2022-11-03,18.200000762939453,18.270000457763672,18.07999992370605,18.190000534057617,16.677873611450195,11328700.0
2022-11-04,18.270000457763672,18.459999084472656,18.100000381469727,18.32999992370605,16.806232452392578,10899800.0
2022-11-07,18.25,18.65999984741211,18.25,18.57999992370605,17.035449981689453,6280400.0
2022-11-08,18.700000762939453,18.950000762939453,18.6200008392334,18.739999771118164,17.182151794433594,6187600.0
2022-11-09,18.51000022888184,18.75,18.46999931335449,18.479999542236328,16.94375991821289,10196200.0
2022-11-10,19.09000015258789,19.290000915527344,18.920000076293945,19.200000762939453,17.603912353515625,9282800.0
2022-11-11,19.51000022888184,19.790000915527344,19.36000061035156,19.75,18.10818862915039,6249900.0
2022-11-14,19.6200008392334,19.799999237060547,19.549999237060547,19.549999237060547,17.92481803894043,5670300.0
2022-11-15,19.979999542236328,20.059999465942383,19.739999771118164,19.76000022888184,18.117359161376957,5136400.0
2022-11-16,19.649999618530277,19.81999969482422,19.61000061035156,19.690000534057617,18.05317687988281,4740800.0
2022-11-17,19.38999938964844,19.540000915527344,19.34000015258789,19.479999542236328,17.86063575744629,4115500.0
2022-11-18,19.68000030517578,19.68000030517578,19.36000061035156,19.46999931335449,17.85146713256836,2744300.0
2022-11-21,19.26000022888184,19.34000015258789,19.239999771118164,19.299999237060547,17.69559669494629,7430300.0
2022-11-22,19.280000686645508,19.40999984741211,19.26000022888184,19.3700008392334,17.759780883789062,4605400.0
2022-11-23,19.309999465942383,19.549999237060547,19.299999237060547,19.530000686645508,17.906478881835938,3328100.0
2022-11-25,19.82999992370605,20.020000457763672,19.780000686645508,19.920000076293945,18.264057159423828,3161100.0
2022-11-28,19.899999618530277,19.959999084472656,19.61000061035156,19.6299991607666,17.9981632232666,4043200.0
2022-11-29,19.71999931335449,19.88999938964844,19.670000076293945,19.709999084472656,18.071514129638672,5516500.0
2022-11-30,19.84000015258789,20.36000061035156,19.770000457763672,20.350000381469727,18.658313751220703,6994600.0
2022-12-01,20.399999618530277,20.56999969482422,20.25,20.51000022888184,18.805011749267575,5586800.0
2022-12-02,20.100000381469727,20.290000915527344,19.86000061035156,20.190000534057617,18.511613845825195,5674600.0
2022-12-05,20.040000915527344,20.149999618530277,19.59000015258789,19.75,18.10818862915039,7650000.0
2022-12-06,19.489999771118164,19.57999992370605,19.18000030517578,19.40999984741211,17.79645347595215,11673400.0
2022-12-07,19.350000381469727,19.43000030517578,19.229999542236328,19.38999938964844,17.778114318847656,8087400.0
2022-12-08,19.540000915527344,19.81999969482422,19.489999771118164,19.57999992370605,17.95232391357422,6872000.0
2022-12-09,18.920000076293945,19.020000457763672,18.40999984741211,18.489999771118164,16.952930450439453,12510700.0
2022-12-12,18.489999771118164,18.530000686645508,18.36000061035156,18.40999984741211,16.879581451416016,6741000.0
2022-12-13,19.01000022888184,19.149999618530277,18.6299991607666,18.729999542236328,17.172983169555664,13184600.0
2022-12-14,18.75,18.96999931335449,18.600000381469727,18.71999931335449,17.163814544677734,7721700.0
2022-12-15,18.32999992370605,18.36000061035156,18.010000228881836,18.170000076293945,16.659534454345703,6568600.0
2022-12-16,18.11000061035156,18.21999931335449,17.690000534057617,17.729999542236328,16.256113052368164,15368300.0
2022-12-19,17.860000610351562,17.989999771118164,17.790000915527344,17.8799991607666,16.39364242553711,10765900.0
2022-12-20,17.950000762939453,18.209999084472656,17.899999618530273,18.059999465942383,16.558677673339844,6483900.0
2022-12-21,18.020000457763672,18.270000457763672,18.020000457763672,18.21999931335449,16.70537757873535,4228200.0
2022-12-22,18.040000915527344,18.07999992370605,17.729999542236328,17.93000030517578,16.43948745727539,7911000.0
2022-12-23,17.81999969482422,17.950000762939453,17.729999542236328,17.920000076293945,16.430316925048828,3685100.0
2022-12-27,18.010000228881836,18.09000015258789,17.84000015258789,18.030000686645508,16.531173706054688,4943200.0
2022-12-28,18.049999237060547,18.190000534057617,17.920000076293945,17.959999084472656,16.466991424560547,5872100.0
2022-12-29,18.09000015258789,18.3799991607666,18.09000015258789,18.239999771118164,16.72371482849121,4971600.0
2022-12-30,18.09000015258789,18.18000030517578,17.850000381469727,18.010000228881836,16.512836456298828,4468300.0
2023-01-03,18.18000030517578,18.350000381469727,18.059999465942383,18.229999542236328,16.71454620361328,11041400.0
2023-01-04,17.940000534057617,18.170000076293945,17.860000610351562,18.100000381469727,16.595355987548828,10440400.0
2023-01-05,17.809999465942383,17.8700008392334,17.68000030517578,17.68000030517578,16.21026611328125,6420300.0
2023-01-06,17.530000686645508,17.84000015258789,17.469999313354492,17.809999465942383,16.3294620513916,8915600.0
2023-01-09,18.09000015258789,18.239999771118164,17.989999771118164,18.0,16.5036678314209,10778100.0
2023-01-10,17.93000030517578,17.940000534057617,17.690000534057617,17.829999923706055,16.34779930114746,9517600.0
2023-01-11,17.81999969482422,18.149999618530277,17.739999771118164,18.1200008392334,16.613691329956055,9032200.0
2023-01-12,18.520000457763672,18.61000061035156,18.059999465942383,18.399999618530277,16.87041473388672,10853600.0
2023-01-13,18.38999938964844,18.57999992370605,18.239999771118164,18.520000457763672,16.980438232421875,10388700.0
2023-01-17,18.6200008392334,18.8799991607666,18.6200008392334,18.670000076293945,17.117971420288086,7344100.0
2023-01-18,18.81999969482422,18.989999771118164,18.75,18.75,17.191320419311523,6338300.0
2023-01-19,18.780000686645508,18.920000076293945,18.75,18.809999465942383,17.2463321685791,4594600.0
2023-01-20,18.68000030517578,18.82999992370605,18.59000015258789,18.780000686645508,17.218826293945312,6126200.0
2023-01-23,18.90999984741211,19.11000061035156,18.81999969482422,19.049999237060547,17.466381072998047,4319100.0
2023-01-24,18.96999931335449,19.0,18.84000015258789,18.899999618530277,17.3288516998291,7045800.0
2023-01-25,18.729999542236328,18.739999771118164,18.540000915527344,18.6200008392334,17.072128295898438,8245400.0
2023-01-26,18.690000534057617,18.959999084472656,18.59000015258789,18.940000534057617,17.365528106689453,6245500.0
2023-01-27,18.6200008392334,18.76000022888184,18.5,18.65999984741211,17.108802795410156,5411100.0
2023-01-30,18.71999931335449,18.8799991607666,18.649999618530277,18.690000534057617,17.136308670043945,8848300.0
2023-01-31,18.6200008392334,18.799999237060547,18.540000915527344,18.799999237060547,17.23716163635254,7983100.0
2023-02-01,18.8799991607666,19.13999938964844,18.770000457763672,19.020000457763672,17.438875198364258,7845700.0
2023-02-02,19.399999618530277,19.540000915527344,19.280000686645508,19.51000022888184,17.888141632080078,10416900.0
2023-02-03,19.299999237060547,19.489999771118164,19.200000762939453,19.280000686645508,17.677263259887695,5482200.0
2023-02-06,18.90999984741211,18.989999771118164,18.75,18.81999969482422,17.25550079345703,7774000.0
2023-02-07,18.68000030517578,19.06999969482422,18.68000030517578,19.030000686645508,17.44804573059082,6590600.0
2023-02-08,19.25,19.34000015258789,19.1299991607666,19.15999984741211,17.567235946655273,5737300.0
2023-02-09,19.520000457763672,19.59000015258789,19.299999237060547,19.34000015258789,17.732275009155273,4725100.0
2023-02-10,19.290000915527344,19.3799991607666,19.030000686645508,19.15999984741211,17.567235946655273,11739400.0
2023-02-13,18.88999938964844,19.049999237060547,18.86000061035156,19.020000457763672,17.438875198364258,5610000.0
2023-02-14,19.059999465942383,19.239999771118164,18.950000762939453,19.1200008392334,17.530561447143555,6225500.0
2023-02-15,19.1200008392334,19.270000457763672,19.07999992370605,19.229999542236328,17.63141632080078,8592700.0
2023-02-16,19.11000061035156,19.290000915527344,19.06999969482422,19.1200008392334,17.530561447143555,6542000.0
2023-02-17,19.01000022888184,19.1200008392334,18.950000762939453,19.07999992370605,17.49388885498047,5695200.0
2023-02-21,18.809999465942383,19.01000022888184,18.780000686645508,18.790000915527344,17.227994918823242,11326500.0
2023-02-22,18.700000762939453,18.76000022888184,18.59000015258789,18.6200008392334,17.072128295898438,7887000.0
2023-02-23,18.6299991607666,18.780000686645508,18.540000915527344,18.700000762939453,17.145477294921875,7433600.0
2023-02-24,18.46999931335449,18.5,18.26000022888184,18.32999992370605,16.806232452392578,11821700.0
2023-02-27,18.190000534057617,18.280000686645508,18.11000061035156,18.15999984741211,16.650365829467773,6270100.0
2023-02-28,18.0,18.049999237060547,17.93000030517578,17.940000534057617,16.448654174804688,7969800.0
2023-03-01,18.09000015258789,18.11000061035156,17.889999389648438,18.020000457763672,16.522005081176758,4293700.0
2023-03-02,17.84000015258789,18.09000015258789,17.790000915527344,18.09000015258789,16.586185455322266,6263000.0
2023-03-03,18.13999938964844,18.18000030517578,17.920000076293945,18.18000030517578,16.668701171875,6765200.0
2023-03-06,18.34000015258789,18.34000015258789,18.21999931335449,18.26000022888184,16.74205207824707,7383700.0
2023-03-07,18.25,18.31999969482422,18.1200008392334,18.21999931335449,16.70537757873535,5435600.0
2023-03-08,18.229999542236328,18.229999542236328,18.06999969482422,18.15999984741211,16.650365829467773,4737800.0
2023-03-09,17.969999313354492,18.09000015258789,17.719999313354492,17.719999313354492,16.2469425201416,6733900.0
2023-03-10,17.780000686645508,17.950000762939453,17.6299991607666,17.68000030517578,16.21026611328125,6763900.0
2023-03-13,17.25,17.510000228881836,16.969999313354492,17.270000457763672,15.834351539611816,13321500.0
2023-03-14,17.209999084472656,17.469999313354492,17.200000762939453,17.329999923706055,15.889361381530762,7397600.0
2023-03-15,16.889999389648438,17.010000228881836,16.739999771118164,16.93000030517578,15.522616386413574,14925800.0
2023-03-16,16.770000457763672,17.200000762939453,16.770000457763672,17.190000534057617,15.76100254058838,7402800.0
2023-03-17,17.06999969482422,17.1200008392334,16.860000610351562,16.889999389648438,15.48594093322754,15611100.0
2023-03-20,16.899999618530273,17.040000915527344,16.84000015258789,16.93000030517578,15.522616386413574,9583200.0
2023-03-21,16.84000015258789,16.90999984741211,16.68000030517578,16.889999389648438,15.48594093322754,13141400.0
2023-03-22,16.770000457763672,16.90999984741211,16.59000015258789,16.600000381469727,15.220048904418944,8451200.0
2023-03-23,16.860000610351562,17.059999465942383,16.65999984741211,16.940000534057617,15.531784057617188,14192500.0
2023-03-24,16.75,16.809999465942383,16.649999618530273,16.799999237060547,15.403422355651855,6230000.0
2023-03-27,16.899999618530273,17.040000915527344,16.829999923706055,17.020000457763672,15.605134963989258,11983600.0
2023-03-28,16.81999969482422,16.90999984741211,16.68000030517578,16.770000457763672,15.375916481018066,9638200.0
2023-03-29,16.829999923706055,16.979999542236328,16.809999465942383,16.959999084472656,15.550121307373049,7848700.0
2023-03-30,17.110000610351562,17.139999389648438,17.020000457763672,17.139999389648438,15.715157508850098,6290700.0
2023-03-31,17.43000030517578,17.459999084472656,17.25,17.440000534057617,15.99021816253662,8384400.0
2023-04-03,17.209999084472656,17.440000534057617,17.209999084472656,17.420000076293945,15.971881866455078,8446400.0
2023-04-04,17.43000030517578,17.459999084472656,17.34000015258789,17.3700008392334,15.926039695739746,7522300.0
2023-04-05,17.389999389648438,17.440000534057617,17.239999771118164,17.329999923706055,15.889361381530762,5559700.0
2023-04-06,17.299999237060547,17.3700008392334,17.149999618530273,17.25,15.816015243530272,6830800.0
2023-04-10,17.360000610351562,17.399999618530273,17.200000762939453,17.389999389648438,15.944374084472656,9204200.0
2023-04-11,17.229999542236328,17.450000762939453,17.18000030517578,17.450000762939453,15.9993896484375,11708400.0
2023-04-12,17.709999084472656,17.799999237060547,17.010000228881836,17.06999969482422,15.650978088378906,16959200.0
2023-04-13,15.869999885559082,15.970000267028809,15.329999923706056,15.399999618530272,14.11980438232422,40415000.0
2023-04-14,15.449999809265137,15.550000190734863,15.0600004196167,15.18000030517578,13.91809368133545,26028600.0
2023-04-17,15.06999969482422,15.289999961853027,15.050000190734863,15.1899995803833,13.927261352539062,17173000.0
2023-04-18,15.170000076293944,15.1899995803833,14.9399995803833,14.960000038146973,13.716381072998049,20768400.0
2023-04-19,14.829999923706056,14.920000076293944,14.760000228881836,14.81999969482422,13.588018417358398,19107300.0
2023-04-20,14.81999969482422,14.989999771118164,14.789999961853027,14.850000381469728,13.615524291992188,16901400.0
2023-04-21,14.90999984741211,14.960000038146973,14.84000015258789,14.869999885559082,13.633861541748049,6908400.0
2023-04-24,14.81999969482422,14.859999656677246,14.710000038146973,14.81999969482422,13.588018417358398,11751900.0
2023-04-25,14.880000114440918,14.880000114440918,14.779999732971191,14.789999961853027,13.56051254272461,14700200.0
2023-04-26,14.829999923706056,14.949999809265137,14.779999732971191,14.850000381469728,13.615524291992188,11181600.0
2023-04-27,15.079999923706056,15.34000015258789,15.079999923706056,15.3100004196167,14.037285804748535,11606400.0
2023-04-28,15.260000228881836,15.550000190734863,15.260000228881836,15.539999961853027,14.24816608428955,11666900.0
2023-05-01,15.5,15.529999732971191,15.43000030517578,15.489999771118164,14.202322006225586,7691400.0
2023-05-02,15.479999542236328,15.56999969482422,15.359999656677246,15.539999961853027,14.24816608428955,10433300.0
2023-05-03,15.520000457763672,15.579999923706056,15.350000381469728,15.380000114440918,14.101468086242676,9372300.0
2023-05-04,15.380000114440918,15.449999809265137,15.289999961853027,15.300000190734863,14.028117179870604,12316300.0
2023-05-05,15.239999771118164,15.279999732971191,15.170000076293944,15.25,13.982274055480955,11268800.0
2023-05-08,15.350000381469728,15.369999885559082,15.25,15.260000228881836,13.991442680358888,12112600.0
2023-05-09,15.25,15.289999961853027,15.210000038146973,15.270000457763672,14.0006103515625,12613800.0
2023-05-10,15.270000457763672,15.34000015258789,15.18000030517578,15.300000190734863,14.028117179870604,15541600.0
2023-05-11,15.199999809265137,15.199999809265137,15.010000228881836,15.029999732971191,13.780562400817873,15960000.0
2023-05-12,15.0,15.109999656677246,14.979999542236328,15.079999923706056,13.82640552520752,10854900.0
2023-05-15,15.130000114440918,15.380000114440918,15.079999923706056,15.34000015258789,14.064791679382324,8921200.0
2023-05-16,15.25,15.279999732971191,15.100000381469728,15.109999656677246,13.853910446166992,13214600.0
2023-05-17,15.0,15.220000267028809,15.0,15.1899995803833,13.927261352539062,7723900.0
2023-05-18,15.09000015258789,15.170000076293944,15.06999969482422,15.149999618530272,13.890586853027344,9384700.0
2023-05-19,15.289999961853027,15.399999618530272,15.239999771118164,15.25,13.982274055480955,7375200.0
2023-05-22,15.489999771118164,15.729999542236328,15.470000267028809,15.649999618530272,14.349020957946776,10336400.0
2023-05-23,15.5600004196167,15.640000343322754,15.510000228881836,15.529999732971191,14.238996505737305,7113800.0
2023-05-24,15.600000381469728,15.640000343322754,15.489999771118164,15.5600004196167,14.26650333404541,6913200.0
2023-05-25,15.739999771118164,15.760000228881836,15.520000457763672,15.65999984741211,14.358189582824709,9303400.0
2023-05-26,15.8100004196167,15.9399995803833,15.789999961853027,15.869999885559082,14.55073356628418,6331800.0
2023-05-30,15.890000343322754,15.949999809265137,15.829999923706056,15.899999618530272,14.578238487243652,6573500.0
2023-05-31,15.800000190734863,16.010000228881836,15.800000190734863,15.960000038146973,14.633251190185549,9041000.0
2023-06-01,15.789999961853027,15.899999618530272,15.670000076293944,15.829999923706056,14.71038055419922,7995900.0
2023-06-02,15.710000038146973,15.869999885559082,15.699999809265137,15.800000190734863,14.682503700256348,7581500.0
2023-06-05,15.670000076293944,15.710000038146973,15.34000015258789,15.399999618530272,14.31079387664795,14055500.0
2023-06-06,15.3100004196167,15.670000076293944,15.260000228881836,15.640000343322754,14.533819198608398,12480900.0
2023-06-07,15.640000343322754,15.699999809265137,15.529999732971191,15.640000343322754,14.533819198608398,7357300.0
2023-06-08,15.56999969482422,15.649999618530272,15.390000343322754,15.4399995803833,14.3479642868042,10270800.0
2023-06-09,15.31999969482422,15.520000457763672,15.300000190734863,15.449999809265137,14.357256889343262,8376100.0
2023-06-12,15.640000343322754,15.84000015258789,15.619999885559082,15.8100004196167,14.69179630279541,9468800.0
2023-06-13,15.93000030517578,15.9399995803833,15.699999809265137,15.850000381469728,14.728965759277344,5843500.0
2023-06-14,15.800000190734863,15.890000343322754,15.489999771118164,15.5600004196167,14.459477424621582,15595900.0
2023-06-15,15.470000267028809,15.65999984741211,15.40999984741211,15.619999885559082,14.515233039855955,9532800.0
2023-06-16,15.739999771118164,15.859999656677246,15.640000343322754,15.829999923706056,14.71038055419922,18245800.0
2023-06-20,15.8100004196167,15.84000015258789,15.56999969482422,15.640000343322754,14.533819198608398,7622000.0
2023-06-21,15.359999656677246,15.4399995803833,15.119999885559082,15.390000343322754,14.301501274108888,15032000.0
2023-06-22,15.210000038146973,15.510000228881836,15.18000030517578,15.470000267028809,14.375843048095703,11712900.0
2023-06-23,15.239999771118164,15.270000457763672,15.149999618530272,15.199999809265137,14.124939918518066,8482700.0
2023-06-26,15.3100004196167,15.539999961853027,15.300000190734863,15.5,14.40372085571289,8509100.0
2023-06-27,15.609999656677246,15.640000343322754,15.460000038146973,15.619999885559082,14.515233039855955,7913600.0
2023-06-28,15.68000030517578,15.770000457763672,15.550000190734863,15.75,14.636038780212402,7520300.0
2023-06-29,15.779999732971191,15.920000076293944,15.6899995803833,15.899999618530272,14.775429725646973,7992900.0
2023-06-30,16.170000076293945,16.260000228881836,16.020000457763672,16.06999969482422,14.933404922485352,12763900.0
2023-07-03,16.190000534057617,16.299999237060547,16.049999237060547,16.139999389648438,14.998454093933104,7111800.0
2023-07-05,16.149999618530273,16.3700008392334,16.1299991607666,16.260000228881836,15.109966278076172,13415500.0
2023-07-06,16.139999389648438,16.18000030517578,16.0,16.06999969482422,14.933404922485352,6464100.0
2023-07-07,16.0,16.18000030517578,16.0,16.049999237060547,14.914819717407228,5208600.0
2023-07-10,16.040000915527344,16.06999969482422,15.979999542236328,16.010000228881836,14.877649307250977,6775000.0
2023-07-11,16.260000228881836,16.280000686645508,16.149999618530273,16.239999771118164,15.091382026672363,7631500.0
2023-07-12,16.260000228881836,16.290000915527344,16.030000686645508,16.06999969482422,14.933404922485352,7102600.0
2023-07-13,16.579999923706055,16.850000381469727,16.579999923706055,16.790000915527344,15.602483749389648,13295300.0
2023-07-14,17.15999984741211,17.200000762939453,16.989999771118164,17.040000915527344,15.834800720214844,11539700.0
2023-07-17,17.049999237060547,17.309999465942383,17.030000686645508,17.290000915527344,16.067119598388672,12658400.0
2023-07-18,17.799999237060547,18.13999938964844,17.760000228881836,17.8799991607666,16.615388870239258,25345300.0
2023-07-19,17.809999465942383,17.950000762939453,17.639999389648438,17.709999084472656,16.45741081237793,21117700.0
2023-07-20,16.0,16.219999313354492,15.329999923706056,16.219999313354492,15.072795867919922,39518000.0
2023-07-21,16.190000534057617,16.469999313354492,16.09000015258789,16.299999237060547,15.147137641906738,15268200.0
2023-07-24,16.299999237060547,16.34000015258789,16.170000076293945,16.219999313354492,15.072795867919922,10331400.0
2023-07-25,16.229999542236328,16.440000534057617,16.229999542236328,16.3799991607666,15.221478462219238,7717900.0
2023-07-26,16.399999618530273,16.670000076293945,16.399999618530273,16.6200008392334,15.444507598876951,10006100.0
2023-07-27,16.639999389648438,16.780000686645508,16.610000610351562,16.6299991607666,15.453798294067385,11839800.0
2023-07-28,16.360000610351562,16.479999542236328,16.190000534057617,16.459999084472656,15.295820236206056,9072200.0
2023-07-31,16.6200008392334,16.75,16.600000381469727,16.65999984741211,15.48167610168457,6604000.0
2023-08-01,16.719999313354492,16.84000015258789,16.649999618530273,16.799999237060547,15.611773490905762,7462200.0
2023-08-02,16.540000915527344,16.600000381469727,16.43000030517578,16.520000457763672,15.35157871246338,11896400.0
2023-08-03,16.520000457763672,16.559999465942383,16.440000534057617,16.510000228881836,15.342284202575684,10134400.0
2023-08-04,16.68000030517578,16.8799991607666,16.639999389648438,16.709999084472656,15.5281400680542,7013000.0
2023-08-07,16.8799991607666,16.889999389648438,16.709999084472656,16.780000686645508,15.593189239501951,5533700.0
2023-08-08,16.700000762939453,16.770000457763672,16.579999923706055,16.770000457763672,15.583897590637209,6330600.0
2023-08-09,16.809999465942383,16.850000381469727,16.6299991607666,16.709999084472656,15.5281400680542,7998100.0
2023-08-10,16.780000686645508,17.0,16.780000686645508,16.8700008392334,15.67682647705078,9033300.0
2023-08-11,16.610000610351562,16.700000762939453,16.559999465942383,16.68000030517578,15.500263214111328,6831100.0
2023-08-14,16.799999237060547,16.950000762939453,16.739999771118164,16.860000610351562,15.66753101348877,5407200.0
2023-08-15,16.770000457763672,17.18000030517578,16.770000457763672,17.1299991607666,15.91843318939209,13343900.0
2023-08-16,17.209999084472656,17.309999465942383,17.06999969482422,17.1299991607666,15.91843318939209,8748900.0
2023-08-17,17.170000076293945,17.170000076293945,16.950000762939453,16.969999313354492,15.769749641418455,6166600.0
2023-08-18,16.709999084472656,16.760000228881836,16.600000381469727,16.719999313354492,15.537432670593262,5445600.0
2023-08-21,16.90999984741211,16.950000762939453,16.739999771118164,16.8799991607666,15.686116218566896,6993300.0
2023-08-22,16.959999084472656,17.100000381469727,16.940000534057617,16.989999771118164,15.788335800170898,4037600.0
2023-08-23,17.079999923706055,17.290000915527344,17.079999923706055,17.270000457763672,16.048532485961914,6097000.0
2023-08-24,17.299999237060547,17.34000015258789,17.09000015258789,17.1299991607666,15.91843318939209,4708800.0
2023-08-25,17.18000030517578,17.309999465942383,17.059999465942383,17.25,16.02994728088379,4662000.0
2023-08-28,17.260000228881836,17.399999618530273,17.25,17.329999923706055,16.10428810119629,5356600.0
2023-08-29,17.280000686645508,17.43000030517578,17.260000228881836,17.420000076293945,16.18792152404785,7928100.0
2023-08-30,17.469999313354492,17.59000015258789,17.450000762939453,17.549999237060547,16.308727264404297,4613400.0
2023-08-31,17.5,17.56999969482422,17.360000610351562,17.3700008392334,16.141460418701172,6511500.0
2023-09-01,17.520000457763672,17.579999923706055,17.450000762939453,17.520000457763672,16.280851364135742,5315100.0
2023-09-05,17.81999969482422,17.950000762939453,17.760000228881836,17.770000457763672,16.51317024230957,5746400.0
2023-09-06,17.690000534057617,17.75,17.549999237060547,17.579999923706055,16.336606979370117,5049300.0
2023-09-07,17.549999237060547,17.600000381469727,17.479999542236328,17.520000457763672,16.280851364135742,5920700.0
2023-09-08,17.6200008392334,17.760000228881836,17.579999923706055,17.75,16.494583129882812,5796800.0
2023-09-11,17.84000015258789,17.950000762939453,17.739999771118164,17.950000762939453,16.680438995361328,5196600.0
2023-09-12,18.040000915527344,18.18000030517578,18.010000228881836,18.059999465942383,16.782657623291016,6680000.0
2023-09-13,18.040000915527344,18.049999237060547,17.93000030517578,18.0,16.726900100708008,4102400.0
2023-09-14,18.11000061035156,18.18000030517578,18.030000686645508,18.11000061035156,16.829120635986328,2914100.0
2023-09-15,18.07999992370605,18.1299991607666,17.700000762939453,17.75,16.494583129882812,16969900.0
2023-09-18,17.75,17.8799991607666,17.709999084472656,17.760000228881836,16.503877639770508,3944300.0
2023-09-19,17.739999771118164,17.81999969482422,17.690000534057617,17.790000915527344,16.531755447387695,3171400.0
2023-09-20,17.959999084472656,18.11000061035156,17.8799991607666,17.889999389648438,16.62468147277832,4888100.0
2023-09-21,17.90999984741211,17.969999313354492,17.739999771118164,17.739999771118164,16.485292434692383,5630200.0
2023-09-22,17.889999389648438,17.950000762939453,17.739999771118164,17.780000686645508,16.522462844848633,5319300.0
2023-09-25,17.559999465942383,17.68000030517578,17.40999984741211,17.610000610351562,16.364484786987305,4992900.0
2023-09-26,17.43000030517578,17.5,17.25,17.270000457763672,16.048532485961914,5946500.0
2023-09-27,17.420000076293945,17.510000228881836,17.329999923706055,17.440000534057617,16.20650863647461,10292100.0
2023-09-28,17.040000915527344,17.149999618530273,16.719999313354492,16.959999084472656,15.760458946228027,18047500.0
2023-09-29,17.1299991607666,17.290000915527344,17.049999237060547,17.110000610351562,15.89984893798828,9559900.0
2023-10-02,17.030000686645508,17.190000534057617,17.030000686645508,17.18000030517578,15.964899063110352,4529900.0
2023-10-03,17.09000015258789,17.239999771118164,16.979999542236328,17.0,15.79762840270996,6775000.0
2023-10-04,17.190000534057617,17.450000762939453,17.15999984741211,17.440000534057617,16.20650863647461,7318800.0
2023-10-05,17.520000457763672,17.649999618530273,17.459999084472656,17.610000610351562,16.364484786987305,5069500.0
2023-10-06,17.59000015258789,17.860000610351562,17.540000915527344,17.790000915527344,16.531755447387695,5476600.0
2023-10-09,17.579999923706055,17.799999237060547,17.530000686645508,17.75,16.494583129882812,8642700.0
2023-10-10,17.850000381469727,18.0,17.780000686645508,17.850000381469727,16.587512969970703,11060900.0
2023-10-11,17.860000610351562,17.93000030517578,17.549999237060547,17.610000610351562,16.364484786987305,15897100.0
2023-10-12,16.399999618530273,16.889999389648438,16.209999084472656,16.459999084472656,15.295820236206056,26816400.0
2023-10-13,16.84000015258789,17.190000534057617,16.770000457763672,16.899999618530273,15.704702377319336,13208800.0
2023-10-16,16.969999313354492,17.299999237060547,16.969999313354492,17.209999084472656,15.992774963378906,7474100.0
2023-10-17,17.09000015258789,17.399999618530273,17.09000015258789,17.350000381469727,16.122875213623047,7210500.0
2023-10-18,17.18000030517578,17.280000686645508,17.100000381469727,17.139999389648438,15.927726745605469,6115500.0
2023-10-19,17.09000015258789,17.260000228881836,17.06999969482422,17.09000015258789,15.88126277923584,4830900.0
2023-10-20,17.0,17.18000030517578,16.93000030517578,16.969999313354492,15.769749641418455,5910200.0
2023-10-23,16.760000228881836,17.010000228881836,16.709999084472656,16.780000686645508,15.593189239501951,8505800.0
2023-10-24,16.670000076293945,16.81999969482422,16.649999618530273,16.780000686645508,15.796528816223145,5602500.0
2023-10-25,16.459999084472656,16.530000686645508,16.3700008392334,16.3799991607666,15.41997241973877,4727100.0
2023-10-26,16.389999389648438,16.469999313354492,16.270000457763672,16.31999969482422,15.363489151000977,6991300.0
2023-10-27,16.510000228881836,16.610000610351562,16.399999618530273,16.440000534057617,15.47645664215088,5591700.0
2023-10-30,16.5,16.559999465942383,16.389999389648438,16.5,15.532938957214355,5559700.0
2023-10-31,16.40999984741211,16.510000228881836,16.31999969482422,16.420000076293945,15.457629203796388,4663500.0
2023-11-01,16.299999237060547,16.40999984741211,16.270000457763672,16.399999618530273,15.438799858093262,5943300.0
2023-11-02,16.6200008392334,16.739999771118164,16.549999237060547,16.690000534057617,15.711804389953612,9262500.0
2023-11-03,16.799999237060547,16.850000381469727,16.670000076293945,16.68000030517578,15.702391624450684,8674200.0
2023-11-06,16.799999237060547,16.8700008392334,16.719999313354492,16.860000610351562,15.871840476989746,3979000.0
2023-11-07,16.799999237060547,16.850000381469727,16.709999084472656,16.790000915527344,15.80594539642334,2875500.0
2023-11-08,16.68000030517578,16.729999542236328,16.6200008392334,16.670000076293945,15.692977905273438,3314000.0
2023-11-09,16.540000915527344,16.579999923706055,16.34000015258789,16.360000610351562,15.401144981384276,7329500.0
2023-11-10,16.399999618530273,16.68000030517578,16.3799991607666,16.6299991607666,15.655320167541504,5099500.0
2023-11-13,16.450000762939453,16.610000610351562,16.420000076293945,16.549999237060547,15.580007553100586,4579800.0
2023-11-14,16.75,16.989999771118164,16.729999542236328,16.920000076293945,15.928324699401855,6902000.0
2023-11-15,16.969999313354492,17.360000610351562,16.969999313354492,17.360000610351562,16.3425350189209,10004100.0
2023-11-16,17.450000762939453,17.510000228881836,17.270000457763672,17.270000457763672,16.257810592651367,5859600.0
2023-11-17,17.309999465942383,17.520000457763672,17.270000457763672,17.510000228881836,16.48374366760254,4249400.0
2023-11-20,17.40999984741211,17.579999923706055,17.3700008392334,17.540000915527344,16.511985778808594,5052400.0
2023-11-21,17.469999313354492,17.549999237060547,17.40999984741211,17.440000534057617,16.4178466796875,4702200.0
2023-11-22,17.639999389648438,17.68000030517578,17.5,17.579999923706055,16.549638748168945,5435700.0
2023-11-24,17.389999389648438,17.469999313354492,17.290000915527344,17.469999313354492,16.446088790893555,2743400.0
2023-11-27,17.34000015258789,17.420000076293945,17.270000457763672,17.3700008392334,16.35194969177246,3757400.0
2023-11-28,17.3700008392334,17.670000076293945,17.34000015258789,17.6299991607666,16.596708297729492,6783900.0
2023-11-29,17.739999771118164,17.75,17.600000381469727,17.6200008392334,16.587297439575195,6039100.0
2023-11-30,17.610000610351562,17.690000534057617,17.469999313354492,17.549999237060547,16.521398544311523,5541400.0
2023-12-01,17.469999313354492,17.75,17.43000030517578,17.729999542236328,16.69085121154785,4766000.0
2023-12-04,17.84000015258789,17.8799991607666,17.639999389648438,17.690000534057617,16.653194427490234,5588600.0
2023-12-05,17.59000015258789,17.709999084472656,17.389999389648438,17.459999084472656,16.43667221069336,5016100.0
2023-12-06,17.799999237060547,17.860000610351562,17.65999984741211,17.690000534057617,16.653194427490234,6891300.0
2023-12-07,17.670000076293945,17.709999084472656,17.579999923706055,17.639999389648438,16.606122970581055,3340000.0
2023-12-08,17.889999389648438,17.93000030517578,17.739999771118164,17.889999389648438,16.841472625732422,4581100.0
2023-12-11,17.809999465942383,17.889999389648438,17.31999969482422,17.40999984741211,16.389604568481445,8516800.0
2023-12-12,17.5,17.559999465942383,17.34000015258789,17.549999237060547,16.521398544311523,5521000.0
2023-12-13,17.389999389648438,17.469999313354492,17.290000915527344,17.469999313354492,16.446088790893555,9025600.0
2023-12-14,18.0,18.46999931335449,17.959999084472656,18.3700008392334,17.2933406829834,14029200.0
2023-12-15,18.93000030517578,18.979999542236328,18.6299991607666,18.670000076293945,17.575756072998047,8262300.0
2023-12-18,18.690000534057617,18.850000381469727,18.549999237060547,18.799999237060547,17.698137283325195,4898200.0
2023-12-19,18.68000030517578,18.950000762939453,18.68000030517578,18.790000915527344,17.688722610473633,5257800.0
2023-12-20,18.530000686645508,18.68000030517578,18.420000076293945,18.420000076293945,17.340410232543945,6181000.0
2023-12-21,18.5,18.559999465942383,18.18000030517578,18.40999984741211,17.33099365234375,7763900.0
2023-12-22,18.700000762939453,18.88999938964844,18.63999938964844,18.76000022888184,17.660480499267578,7018100.0
2023-12-26,18.63999938964844,18.670000076293945,18.3700008392334,18.450000762939453,17.36865234375,3866200.0
2023-12-27,18.63999938964844,18.68000030517578,18.450000762939453,18.600000381469727,17.50986099243164,4338000.0
2023-12-28,18.61000061035156,18.68000030517578,18.530000686645508,18.559999465942383,17.472204208374023,3308700.0
2023-12-29,18.5,18.530000686645508,18.31999969482422,18.3799991607666,17.302751541137695,2864800.0
2024-01-02,18.239999771118164,18.280000686645508,18.020000457763672,18.07999992370605,17.020336151123047,8963600.0
2024-01-03,17.559999465942383,18.059999465942383,17.549999237060547,18.040000915527344,16.982683181762695,12408800.0
2024-01-04,18.200000762939453,18.270000457763672,18.010000228881836,18.06999969482422,17.010923385620117,6707600.0
2024-01-05,18.25,18.31999969482422,18.06999969482422,18.100000381469727,17.039165496826172,10479200.0
2024-01-08,18.100000381469727,18.420000076293945,18.09000015258789,18.399999618530277,17.32158088684082,7538600.0
2024-01-09,18.350000381469727,18.420000076293945,18.209999084472656,18.25,17.180374145507812,6106100.0
2024-01-10,18.280000686645508,18.309999465942383,17.979999542236328,18.100000381469727,17.039165496826172,13572600.0
2024-01-11,18.63999938964844,19.13999938964844,18.6299991607666,18.81999969482422,17.716964721679688,17927300.0
2024-01-12,19.40999984741211,20.059999465942383,19.40999984741211,19.600000381469727,18.451251983642575,21182400.0
2024-01-16,19.38999938964844,19.56999969482422,19.209999084472656,19.46999931335449,18.3288688659668,13410000.0
2024-01-17,19.559999465942383,19.709999084472656,19.46999931335449,19.540000915527344,18.39476776123047,11273100.0
2024-01-18,19.81999969482422,19.959999084472656,19.649999618530277,19.82999992370605,18.667768478393555,9891800.0
2024-01-19,19.799999237060547,20.030000686645508,19.729999542236328,19.989999771118164,18.81839179992676,7921000.0
2024-01-22,19.93000030517578,20.0,19.84000015258789,19.8700008392334,18.70542526245117,5823300.0
2024-01-23,19.700000762939453,19.950000762939453,19.61000061035156,19.790000915527344,18.63011360168457,8984900.0
2024-01-24,20.100000381469727,20.18000030517578,19.959999084472656,19.989999771118164,18.81839179992676,10476100.0
2024-01-25,20.0,20.15999984741211,19.86000061035156,20.09000015258789,18.91253089904785,7290500.0
2024-01-26,20.15999984741211,20.3700008392334,20.1200008392334,20.21999931335449,19.034912109375,5696300.0
2024-01-29,20.149999618530277,20.170000076293945,20.06999969482422,20.170000076293945,18.987842559814453,5283800.0
2024-01-30,20.030000686645508,20.06999969482422,19.86000061035156,19.950000762939453,18.780736923217773,6409700.0
2024-01-31,20.040000915527344,20.149999618530277,19.850000381469727,19.86000061035156,18.69601058959961,6594300.0
2024-02-01,19.86000061035156,20.21999931335449,19.82999992370605,20.190000534057617,19.006671905517575,8251300.0
2024-02-02,20.32999992370605,20.489999771118164,20.200000762939453,20.350000381469727,19.15729331970215,6117900.0
2024-02-05,20.31999969482422,20.350000381469727,20.200000762939453,20.299999237060547,19.11022186279297,3604800.0
2024-02-06,20.649999618530277,20.739999771118164,20.5,20.61000061035156,19.40205383300781,7549400.0
2024-02-07,20.309999465942383,20.479999542236328,20.1299991607666,20.43000030517578,19.23260498046875,5739100.0
2024-02-08,20.43000030517578,20.51000022888184,20.170000076293945,20.190000534057617,19.006671905517575,6885700.0
2024-02-09,20.149999618530277,20.25,20.049999237060547,20.100000381469727,18.92194557189941,5895300.0
2024-02-12,20.09000015258789,20.239999771118164,20.09000015258789,20.13999938964844,18.9596004486084,4253200.0
2024-02-13,19.920000076293945,20.01000022888184,19.809999465942383,19.86000061035156,18.69601058959961,6914100.0
2024-02-14,20.059999465942383,20.200000762939453,19.989999771118164,20.18000030517578,18.997257232666016,7591100.0
2024-02-15,20.270000457763672,20.32999992370605,20.190000534057617,20.309999465942383,19.11963653564453,5247500.0
2024-02-16,20.350000381469727,20.57999992370605,20.26000022888184,20.46999931335449,19.27025985717773,5516600.0
2024-02-20,20.280000686645508,20.399999618530277,19.989999771118164,20.020000457763672,18.846635818481445,7587200.0
2024-02-21,19.790000915527344,19.940000534057617,19.68000030517578,19.780000686645508,18.62070083618164,6191500.0
2024-02-22,20.200000762939453,20.36000061035156,20.13999938964844,20.309999465942383,19.11963653564453,6590200.0
2024-02-23,20.209999084472656,20.26000022888184,20.100000381469727,20.11000061035156,18.931360244750977,4228200.0
2024-02-26,19.93000030517578,20.030000686645508,19.82999992370605,19.989999771118164,18.81839179992676,5145700.0
2024-02-27,19.979999542236328,20.059999465942383,19.93000030517578,20.0,18.82780647277832,2751500.0
2024-02-28,19.950000762939453,19.959999084472656,19.809999465942383,19.950000762939453,18.780736923217773,4344500.0
2024-02-29,20.030000686645508,20.09000015258789,19.93000030517578,19.959999084472656,18.79014778137207,6256900.0
2024-03-01,19.920000076293945,19.920000076293945,19.76000022888184,19.82999992370605,18.667768478393555,6151800.0
2024-03-04,19.63999938964844,19.809999465942383,19.5,19.799999237060547,18.6395263671875,6821800.0
2024-03-05,19.38999938964844,19.489999771118164,19.21999931335449,19.290000915527344,18.15942001342773,7522600.0
2024-03-06,19.520000457763672,19.6200008392334,19.299999237060547,19.32999992370605,18.19707489013672,9226500.0
2024-03-07,19.5,19.520000457763672,19.34000015258789,19.38999938964844,18.253557205200195,11084100.0
2024-03-08,19.399999618530277,19.450000762939453,19.25,19.26000022888184,18.131175994873047,8183300.0
2024-03-11,19.209999084472656,19.299999237060547,19.170000076293945,19.21999931335449,18.093521118164062,8544100.0
2024-03-12,19.43000030517578,19.56999969482422,19.350000381469727,19.420000076293945,18.281801223754883,11415900.0
2024-03-13,19.350000381469727,19.450000762939453,19.290000915527344,19.38999938964844,18.253557205200195,7171000.0
2024-03-14,19.799999237060547,19.90999984741211,19.56999969482422,19.65999984741211,18.507732391357425,8476900.0
2024-03-15,19.6200008392334,19.65999984741211,19.21999931335449,19.229999542236328,18.102935791015625,13296100.0
2024-03-18,19.190000534057617,19.229999542236328,19.06999969482422,19.170000076293945,18.04645347595215,6324200.0
2024-03-19,18.690000534057617,18.850000381469727,18.6299991607666,18.850000381469727,17.745206832885742,9561000.0
2024-03-20,18.670000076293945,18.93000030517578,18.63999938964844,18.93000030517578,17.820518493652344,9677300.0
2024-03-21,18.350000381469727,18.489999771118164,18.1299991607666,18.209999084472656,17.142717361450195,22905000.0
2024-03-22,18.11000061035156,18.1200008392334,17.690000534057617,17.719999313354492,16.68143653869629,15028500.0
2024-03-25,17.790000915527344,17.790000915527344,17.59000015258789,17.6299991607666,16.596708297729492,12454500.0
2024-03-26,17.709999084472656,17.81999969482422,17.639999389648438,17.75,16.709678649902344,10500900.0
2024-03-27,17.829999923706055,17.84000015258789,17.68000030517578,17.790000915527344,16.74733543395996,6074600.0
2024-03-28,17.790000915527344,17.989999771118164,17.790000915527344,17.93000030517578,16.879127502441406,7019600.0
2024-04-01,17.889999389648438,17.920000076293945,17.5,17.579999923706055,16.549638748168945,14601600.0
2024-04-02,17.43000030517578,17.610000610351562,17.389999389648438,17.579999923706055,16.549638748168945,12687000.0
2024-04-03,17.549999237060547,17.81999969482422,17.520000457763672,17.719999313354492,16.68143653869629,8871400.0
2024-04-04,17.739999771118164,18.020000457763672,17.649999618530273,17.75,16.709678649902344,12716500.0
2024-04-05,17.700000762939453,17.850000381469727,17.649999618530273,17.829999923706055,16.784988403320312,5967200.0
2024-04-08,17.739999771118164,17.959999084472656,17.729999542236328,17.860000610351562,16.813232421875,8716600.0
2024-04-09,18.030000686645508,18.270000457763672,18.010000228881836,18.190000534057617,17.123889923095703,13467900.0
2024-04-10,18.0,18.07999992370605,17.860000610351562,18.0,16.945026397705078,11553000.0
2024-04-11,18.13999938964844,18.13999938964844,17.850000381469727,17.940000534057617,16.8885440826416,13389200.0
2024-04-12,17.780000686645508,17.860000610351562,17.530000686645508,17.719999313354492,16.68143653869629,17657700.0
2024-04-15,17.690000534057617,17.709999084472656,17.260000228881836,17.270000457763672,16.257810592651367,11374300.0
2024-04-16,16.979999542236328,17.190000534057617,16.979999542236328,17.049999237060547,16.050704956054688,13033300.0
2024-04-17,17.139999389648438,17.18000030517578,16.8700008392334,16.950000762939453,15.95656681060791,17034100.0
2024-04-18,16.260000228881836,16.899999618530273,16.040000915527344,16.510000228881836,15.542353630065918,31702900.0
2024-04-19,16.760000228881836,16.950000762939453,16.68000030517578,16.809999465942383,15.824769973754885,16182300.0
2024-04-22,17.049999237060547,17.389999389648438,16.959999084472656,17.299999237060547,16.286052703857422,19944700.0
2024-04-23,17.299999237060547,17.3700008392334,17.1299991607666,17.15999984741211,16.15425682067871,8832400.0
2024-04-24,17.15999984741211,17.229999542236328,16.93000030517578,17.040000915527344,16.041292190551758,10685000.0
2024-04-25,17.020000457763672,17.100000381469727,16.829999923706055,17.010000228881836,16.01304817199707,10657300.0
2024-04-26,17.110000610351562,17.1299991607666,16.8799991607666,16.940000534057617,15.947153091430664,8845000.0
2024-04-29,16.950000762939453,17.09000015258789,16.93000030517578,16.969999313354492,15.975393295288086,7426500.0
2024-04-30,16.93000030517578,16.950000762939453,16.709999084472656,16.709999084472656,15.730630874633787,11349100.0
2024-05-01,16.719999313354492,16.889999389648438,16.68000030517578,16.770000457763672,15.787117004394531,6966200.0
2024-05-02,16.850000381469727,16.90999984741211,16.6299991607666,16.8700008392334,15.881255149841309,8716700.0
2024-05-03,16.920000076293945,16.989999771118164,16.860000610351562,16.93000030517578,15.937736511230469,4035300.0
2024-05-06,17.0,17.040000915527344,16.950000762939453,16.969999313354492,15.975393295288086,4209700.0
2024-05-07,17.059999465942383,17.190000534057617,16.989999771118164,17.1299991607666,16.126014709472656,8843200.0
2024-05-08,16.989999771118164,17.139999389648438,16.899999618530273,17.09000015258789,16.088359832763672,4739100.0
2024-05-09,17.040000915527344,17.059999465942383,16.889999389648438,16.969999313354492,15.975393295288086,12308400.0
2024-05-10,16.940000534057617,16.959999084472656,16.790000915527344,16.8700008392334,15.881255149841309,10340700.0
2024-05-13,16.940000534057617,17.040000915527344,16.889999389648438,16.920000076293945,15.928324699401855,5923300.0
2024-05-14,17.0,17.010000228881836,16.860000610351562,16.950000762939453,15.95656681060791,9395500.0
2024-05-15,17.020000457763672,17.1299991607666,16.860000610351562,17.049999237060547,16.050704956054688,4019700.0
2024-05-16,17.209999084472656,17.290000915527344,17.149999618530273,17.239999771118164,16.229568481445312,10753400.0
2024-05-17,17.149999618530273,17.170000076293945,17.020000457763672,17.1299991607666,16.126014709472656,7986000.0
2024-05-20,17.15999984741211,17.219999313354492,17.110000610351562,17.1299991607666,16.126014709472656,6096100.0
2024-05-21,17.059999465942383,17.110000610351562,17.0,17.010000228881836,16.01304817199707,7889700.0
2024-05-22,17.260000228881836,17.309999465942383,17.190000534057617,17.270000457763672,16.257810592651367,8385600.0
2024-05-23,17.440000534057617,17.520000457763672,17.3700008392334,17.399999618530273,16.380189895629883,9249300.0
2024-05-24,17.399999618530273,17.479999542236328,17.329999923706055,17.360000610351562,16.3425350189209,9241000.0
2024-05-28,17.309999465942383,17.389999389648438,17.270000457763672,17.31999969482422,16.304880142211914,11508000.0
2024-05-29,17.1200008392334,17.149999618530273,17.0,17.030000686645508,16.031877517700195,8563800.0
2024-05-30,16.90999984741211,16.959999084472656,16.770000457763672,16.8700008392334,15.881255149841309,11351200.0
2024-05-31,16.729999542236328,16.81999969482422,16.43000030517578,16.75,16.08775520324707,14253800.0
2024-06-03,16.8700008392334,16.899999618530273,16.68000030517578,16.850000381469727,16.183801651000977,8585300.0
2024-06-04,16.690000534057617,16.799999237060547,16.559999465942383,16.799999237060547,16.135778427124023,8822800.0
2024-06-05,17.09000015258789,17.18000030517578,17.0,17.149999618530273,16.471939086914062,7513200.0
2024-06-06,17.43000030517578,17.549999237060547,17.389999389648438,17.540000915527344,16.846519470214844,7386000.0
2024-06-07,18.059999465942383,18.170000076293945,17.90999984741211,18.010000228881836,17.29793930053711,11158200.0
2024-06-10,17.709999084472656,17.8700008392334,17.649999618530273,17.84000015258789,17.134658813476562,6404300.0
2024-06-11,17.809999465942383,17.81999969482422,17.600000381469727,17.790000915527344,17.086637496948242,5756500.0
2024-06-12,17.799999237060547,17.90999984741211,17.75,17.860000610351562,17.15386962890625,6033900.0
2024-06-13,17.850000381469727,17.899999618530273,17.739999771118164,17.809999465942383,17.105844497680664,6851000.0
2024-06-14,17.68000030517578,17.809999465942383,17.6200008392334,17.790000915527344,17.086637496948242,6694600.0
2024-06-17,17.770000457763672,17.989999771118164,17.729999542236328,17.940000534057617,17.2307071685791,6348700.0
2024-06-18,17.979999542236328,18.06999969482422,17.8799991607666,17.90999984741211,17.20189094543457,10828100.0
2024-06-20,18.420000076293945,18.479999542236328,18.15999984741211,18.270000457763672,17.547658920288086,17345600.0
2024-06-21,18.209999084472656,18.239999771118164,17.899999618530273,18.059999465942383,17.34596061706543,22822100.0
2024-06-24,17.989999771118164,18.190000534057617,17.959999084472656,18.13999938964844,17.42279815673828,5758800.0
2024-06-25,18.26000022888184,18.36000061035156,18.15999984741211,18.34000015258789,17.61488914489746,8733100.0
2024-06-26,18.290000915527344,18.350000381469727,18.15999984741211,18.21999931335449,17.4996337890625,8693400.0
2024-06-27,18.6200008392334,18.700000762939453,18.549999237060547,18.6299991607666,17.893423080444336,8949300.0
2024-06-28,18.690000534057617,18.739999771118164,18.540000915527344,18.6200008392334,17.883821487426758,9520300.0
2024-07-01,18.8799991607666,18.950000762939453,18.709999084472656,18.76000022888184,18.018285751342773,8064200.0
2024-07-02,19.100000381469727,19.26000022888184,19.040000915527344,19.229999542236328,18.469701766967773,10531700.0
2024-07-03,19.290000915527344,19.43000030517578,19.280000686645508,19.3700008392334,18.604167938232425,7252400.0
2024-07-05,19.450000762939453,19.56999969482422,19.350000381469727,19.43000030517578,18.661794662475582,7709600.0
2024-07-08,19.61000061035156,19.6299991607666,19.46999931335449,19.5,18.729026794433597,10910900.0
2024-07-09,19.57999992370605,19.59000015258789,19.290000915527344,19.299999237060547,18.53693389892578,12586700.0
2024-07-10,19.450000762939453,19.51000022888184,19.15999984741211,19.3700008392334,18.604167938232425,16768700.0
2024-07-11,19.63999938964844,20.06999969482422,19.59000015258789,19.88999938964844,19.10360717773437,14459300.0
2024-07-12,20.15999984741211,20.459999084472656,20.1299991607666,20.399999618530277,19.59344291687012,10583500.0
2024-07-15,20.170000076293945,20.40999984741211,20.170000076293945,20.309999465942383,19.50700187683105,11641700.0
2024-07-16,20.51000022888184,20.65999984741211,20.46999931335449,20.65999984741211,19.843164443969727,7137500.0
2024-07-17,20.540000915527344,20.68000030517578,20.459999084472656,20.530000686645508,19.718305587768555,14389200.0
2024-07-18,21.65999984741211,22.61000061035156,21.520000457763672,22.25,21.37029838562012,42176100.0
2024-07-19,21.309999465942383,21.8700008392334,21.309999465942383,21.68000030517578,20.82283592224121,16443500.0
2024-07-22,21.68000030517578,21.790000915527344,21.459999084472656,21.790000915527344,20.92848777770996,8459600.0
2024-07-23,21.86000061035156,22.100000381469727,21.729999542236328,22.07999992370605,21.20702171325684,9992300.0
2024-07-24,21.8700008392334,22.11000061035156,21.82999992370605,21.86000061035156,20.99571990966797,7859100.0
2024-07-25,21.790000915527344,22.1299991607666,21.790000915527344,22.01000022888184,21.139789581298828,11403500.0
2024-07-26,22.459999084472656,22.940000534057617,22.440000534057617,22.790000915527344,21.888952255249023,15980100.0
2024-07-29,22.6299991607666,22.71999931335449,22.51000022888184,22.600000381469727,21.70646476745605,8940800.0
2024-07-30,22.549999237060547,22.68000030517578,22.5,22.61000061035156,21.716068267822266,6682900.0
2024-07-31,22.56999969482422,22.649999618530277,21.75,22.1299991607666,21.25504302978516,18250700.0
2024-08-01,22.290000915527344,22.440000534057617,22.170000076293945,22.299999237060547,21.418323516845703,10759600.0
2024-08-02,21.82999992370605,21.850000381469727,21.479999542236328,21.770000457763672,20.909278869628903,10940900.0
2024-08-05,20.540000915527344,21.030000686645508,20.3799991607666,20.799999237060547,19.977628707885746,14844400.0
2024-08-06,20.96999931335449,21.09000015258789,20.88999938964844,20.989999771118164,20.16011619567871,9996700.0
2024-08-07,21.290000915527344,21.43000030517578,20.950000762939453,20.96999931335449,20.140905380249023,8944600.0
2024-08-08,20.899999618530277,21.170000076293945,20.8799991607666,21.13999938964844,20.304187774658203,8243300.0
2024-08-09,21.229999542236328,21.420000076293945,21.13999938964844,21.299999237060547,20.457860946655277,7794500.0
2024-08-12,21.309999465942383,21.450000762939453,21.209999084472656,21.309999465942383,20.467464447021484,11669500.0
2024-08-13,21.3799991607666,21.670000076293945,21.3799991607666,21.59000015258789,20.73639488220215,7691800.0
2024-08-14,21.61000061035156,21.770000457763672,21.559999465942383,21.75,20.89006805419922,5350300.0
2024-08-15,21.88999938964844,22.0,21.809999465942383,21.82999992370605,20.96690559387207,6838200.0
2024-08-16,22.0,22.06999969482422,21.899999618530277,22.01000022888184,21.139789581298828,5219100.0
2024-08-19,22.09000015258789,22.309999465942383,22.049999237060547,22.26000022888184,21.379905700683597,5276900.0
2024-08-20,22.270000457763672,22.38999938964844,22.190000534057617,22.309999465942383,21.427928924560547,5588900.0
2024-08-21,22.3799991607666,22.57999992370605,22.3700008392334,22.56999969482422,21.677648544311523,7843700.0
2024-08-22,22.40999984741211,22.51000022888184,22.309999465942383,22.34000015258789,21.456743240356445,4273000.0
2024-08-23,22.350000381469727,22.40999984741211,22.149999618530277,22.34000015258789,21.456743240356445,4428500.0
2024-08-26,22.309999465942383,22.5,22.309999465942383,22.440000534057617,21.55278968811035,4569000.0
2024-08-27,22.559999465942383,22.90999984741211,22.530000686645508,22.799999237060547,21.8985538482666,8258200.0
2024-08-28,23.020000457763672,23.479999542236328,22.96999931335449,23.0,22.09064674377441,7492200.0
2024-08-29,23.01000022888184,23.31999969482422,23.01000022888184,23.200000762939453,22.28274154663086,5756200.0
2024-08-30,23.290000915527344,23.3700008392334,23.1299991607666,23.280000686645508,22.35957717895508,6375000.0
2024-09-03,23.18000030517578,23.32999992370605,22.88999938964844,22.979999542236328,22.07143783569336,5793200.0
2024-09-04,22.86000061035156,23.100000381469727,22.82999992370605,23.059999465942383,22.14827537536621,5558000.0
2024-09-05,23.030000686645508,23.200000762939453,22.850000381469727,22.899999618530277,21.99460220336914,6270100.0
2024-09-06,22.81999969482422,22.920000076293945,22.489999771118164,22.540000915527344,21.648836135864254,7517300.0
2024-09-09,22.76000022888184,22.76000022888184,22.559999465942383,22.6200008392334,21.72567176818848,4585000.0
2024-09-10,22.770000457763672,22.93000030517578,22.649999618530277,22.93000030517578,22.023414611816406,6484400.0
2024-09-11,22.88999938964844,22.950000762939453,22.559999465942383,22.920000076293945,22.013811111450195,5590600.0
2024-09-12,23.25,23.32999992370605,23.07999992370605,23.25,22.33076286315918,5643300.0
2024-09-13,23.270000457763672,23.32999992370605,23.149999618530277,23.200000762939453,22.28274154663086,5273400.0
2024-09-16,23.200000762939453,23.290000915527344,23.049999237060547,23.190000534057617,22.273134231567383,6747300.0
2024-09-17,23.280000686645508,23.420000076293945,22.81999969482422,22.96999931335449,22.06183433532715,10352700.0
2024-09-18,22.479999542236328,22.700000762939453,22.38999938964844,22.479999542236328,21.591205596923828,7051700.0
2024-09-19,22.729999542236328,22.809999465942383,22.6200008392334,22.690000534057617,21.79290580749512,6281100.0
2024-09-20,22.63999938964844,22.899999618530277,22.61000061035156,22.850000381469727,21.946578979492188,21841100.0
2024-09-23,22.71999931335449,22.729999542236328,22.489999771118164,22.690000534057617,21.79290580749512,4900300.0
2024-09-24,22.6200008392334,22.71999931335449,22.459999084472656,22.57999992370605,21.687253952026367,7015300.0
2024-09-25,22.51000022888184,22.61000061035156,22.450000762939453,22.559999465942383,21.668045043945312,9151500.0
2024-09-26,23.049999237060547,23.26000022888184,22.86000061035156,22.959999084472656,22.052227020263672,10927900.0
2024-09-27,22.6200008392334,22.700000762939453,22.34000015258789,22.38999938964844,21.50476455688477,9702000.0
2024-09-30,22.280000686645508,22.420000076293945,22.07999992370605,22.270000457763672,21.389509201049805,11576900.0
2024-10-01,22.420000076293945,22.520000457763672,22.270000457763672,22.38999938964844,21.50476455688477,8366500.0
2024-10-02,22.36000061035156,22.440000534057617,22.170000076293945,22.31999969482422,21.43753242492676,5273100.0
2024-10-03,22.190000534057617,22.43000030517578,22.190000534057617,22.40999984741211,21.523975372314453,7816800.0
2024-10-04,22.61000061035156,22.8799991607666,22.59000015258789,22.790000915527344,21.888952255249023,9261000.0
2024-10-07,22.729999542236328,23.06999969482422,22.71999931335449,22.90999984741211,22.00420570373535,7549400.0
2024-10-08,23.13999938964844,23.36000061035156,23.07999992370605,23.31999969482422,22.397994995117188,7722500.0
2024-10-09,23.31999969482422,23.3799991607666,23.209999084472656,23.270000457763672,22.349971771240234,4269500.0
2024-10-10,22.6299991607666,22.729999542236328,22.450000762939453,22.649999618530277,21.75448608398437,7665900.0
2024-10-11,22.82999992370605,22.989999771118164,22.780000686645508,22.93000030517578,22.023414611816406,5065600.0
2024-10-14,23.280000686645508,23.450000762939453,23.200000762939453,23.36000061035156,22.43641471862793,7100000.0
2024-10-15,23.18000030517578,23.280000686645508,22.96999931335449,23.020000457763672,22.1098575592041,10562700.0
2024-10-16,22.76000022888184,22.93000030517578,22.700000762939453,22.899999618530277,21.99460220336914,13868500.0
2024-10-17,22.18000030517578,22.729999542236328,22.020000457763672,22.65999984741211,21.764089584350582,16539000.0
2024-10-18,22.38999938964844,22.540000915527344,22.21999931335449,22.51000022888184,21.62002182006836,11307600.0
2024-10-21,21.989999771118164,22.280000686645508,21.979999542236328,22.200000762939453,21.3222770690918,10411900.0
2024-10-22,22.049999237060547,22.25,22.049999237060547,22.15999984741211,21.28385734558105,5733800.0
2024-10-23,22.18000030517578,22.3700008392334,22.11000061035156,22.209999084472656,21.331880569458008,4532000.0
2024-10-24,22.209999084472656,22.31999969482422,22.020000457763672,22.049999237060547,21.178207397460938,7199600.0
2024-10-25,22.049999237060547,22.09000015258789,21.8700008392334,21.88999938964844,21.024534225463867,6572800.0
2024-10-28,22.209999084472656,22.21999931335449,22.049999237060547,22.06999969482422,21.197416305541992,3887200.0
2024-10-29,21.68000030517578,21.96999931335449,21.6299991607666,21.770000457763672,21.148845672607425,8789300.0
2024-10-30,21.520000457763672,21.559999465942383,21.11000061035156,21.1200008392334,20.517391204833984,8486700.0
2024-10-31,21.040000915527344,21.07999992370605,20.8700008392334,20.90999984741211,20.31338119506836,8615100.0
2024-11-01,20.8799991607666,21.040000915527344,20.76000022888184,20.76000022888184,20.16766166687012,9285500.0
2024-11-04,20.76000022888184,20.8799991607666,20.649999618530277,20.71999931335449,20.128803253173828,11936900.0
2024-11-05,20.780000686645508,20.809999465942383,20.65999984741211,20.709999084472656,20.11908721923828,9558400.0
2024-11-06,21.51000022888184,21.600000381469727,21.200000762939453,21.399999618530277,20.78940200805664,17779900.0
2024-11-07,21.440000534057617,21.65999984741211,21.34000015258789,21.649999618530277,21.03226852416992,12341100.0
2024-11-08,21.65999984741211,22.0,21.65999984741211,21.75,21.12941551208496,7743000.0
2024-11-11,21.8799991607666,22.1299991607666,21.770000457763672,22.040000915527344,21.41114044189453,6092100.0
2024-11-12,22.020000457763672,22.170000076293945,21.989999771118164,22.020000457763672,21.391712188720703,3848800.0
2024-11-13,21.979999542236328,22.059999465942383,21.799999237060547,22.040000915527344,21.41114044189453,5432100.0
2024-11-14,21.940000534057617,22.030000686645508,21.809999465942383,21.81999969482422,21.197418212890625,6169200.0
2024-11-15,21.709999084472656,21.75,21.3700008392334,21.530000686645508,20.91569328308105,7650200.0
2024-11-18,21.32999992370605,21.670000076293945,21.270000457763672,21.600000381469727,20.98369598388672,4816400.0
2024-11-19,21.43000030517578,21.950000762939453,21.43000030517578,21.729999542236328,21.1099853515625,6033100.0
2024-11-20,22.0,22.030000686645508,21.799999237060547,21.989999771118164,21.36256599426269,7812600.0
2024-11-21,21.81999969482422,22.040000915527344,21.770000457763672,21.959999084472656,21.33342170715332,6121500.0
2024-11-22,22.40999984741211,22.809999465942383,22.299999237060547,22.790000915527344,22.139741897583008,8678600.0
2024-11-25,22.479999542236328,22.8799991607666,22.450000762939453,22.84000015258789,22.18831443786621,11805800.0
2024-11-26,22.940000534057617,23.200000762939453,22.899999618530277,23.18000030517578,22.518613815307617,7339500.0
2024-11-27,23.01000022888184,23.1200008392334,22.56999969482422,22.739999771118164,22.09116744995117,9141100.0
2024-11-29,22.13999938964844,22.239999771118164,22.0,22.06999969482422,21.440284729003903,5620900.0
2024-12-02,22.11000061035156,22.280000686645508,22.01000022888184,22.200000762939453,21.56657600402832,5836200.0
2024-12-03,22.290000915527344,22.399999618530277,22.030000686645508,22.1200008392334,21.488859176635746,8215700.0
2024-12-04,22.34000015258789,22.61000061035156,22.270000457763672,22.520000457763672,21.877445220947266,5866400.0
2024-12-05,22.76000022888184,23.09000015258789,22.75,22.86000061035156,22.207744598388672,5984600.0
2024-12-06,22.8799991607666,22.979999542236328,22.799999237060547,22.86000061035156,22.207744598388672,4709600.0
2024-12-09,23.01000022888184,23.40999984741211,23.01000022888184,23.15999984741211,22.49918365478516,6292000.0
2024-12-10,23.1299991607666,23.3799991607666,22.959999084472656,23.239999771118164,22.57690048217773,6600900.0
2024-12-11,23.239999771118164,23.51000022888184,23.190000534057617,23.36000061035156,22.693477630615234,6193400.0
2024-12-12,23.3700008392334,23.46999931335449,23.149999618530277,23.25,22.58661651611328,5750900.0
2024-12-13,23.520000457763672,23.6299991607666,23.280000686645508,23.399999618530277,22.73233413696289,4443500.0
2024-12-16,23.350000381469727,23.57999992370605,23.309999465942383,23.350000381469727,22.683761596679688,9862100.0
2024-12-17,23.32999992370605,23.3799991607666,23.1200008392334,23.1299991607666,22.47003936767578,3890600.0
2024-12-18,23.1299991607666,23.290000915527344,22.6200008392334,22.649999618530277,22.00373649597168,6071000.0
2024-12-19,23.18000030517578,23.6200008392334,23.100000381469727,23.420000076293945,22.75176429748535,9178400.0
2024-12-20,22.6299991607666,22.96999931335449,22.440000534057617,22.729999542236328,22.081453323364254,12356700.0
2024-12-23,22.729999542236328,22.84000015258789,22.51000022888184,22.780000686645508,22.130027770996094,3622600.0
2024-12-24,22.57999992370605,22.81999969482422,22.549999237060547,22.770000457763672,22.120311737060547,2051600.0
2024-12-26,22.63999938964844,22.76000022888184,22.600000381469727,22.63999938964844,21.994020462036133,3440300.0
2024-12-27,22.59000015258789,22.700000762939453,22.299999237060547,22.479999542236328,21.838586807250977,4339900.0
2024-12-30,22.21999931335449,22.21999931335449,21.88999938964844,22.100000381469727,21.46942901611328,4830800.0
2024-12-31,22.149999618530277,22.190000534057617,21.88999938964844,21.920000076293945,21.294565200805664,2304300.0
2025-01-02,22.75,22.81999969482422,22.489999771118164,22.6200008392334,21.974592208862305,6556200.0
2025-01-03,22.520000457763672,22.65999984741211,22.450000762939453,22.6299991607666,21.98430633544922,3810700.0
2025-01-06,22.57999992370605,22.809999465942383,22.57999992370605,22.75,22.10088348388672,4862600.0
2025-01-07,22.670000076293945,22.8799991607666,22.530000686645508,22.61000061035156,21.96487808227539,5150400.0
2025-01-08,22.59000015258789,22.809999465942383,22.549999237060547,22.780000686645508,22.130027770996094,6199700.0
2025-01-10,22.850000381469727,23.190000534057617,22.700000762939453,22.700000762939453,22.05231094360352,7409000.0
2025-01-13,22.520000457763672,22.780000686645508,22.479999542236328,22.690000534057617,22.04259490966797,11561800.0
2025-01-14,22.57999992370605,22.700000762939453,22.489999771118164,22.51000022888184,21.86773109436035,13923400.0
2025-01-15,22.71999931335449,22.96999931335449,22.63999938964844,22.88999938964844,22.23688697814941,9229900.0
2025-01-16,22.600000381469727,22.600000381469727,21.309999465942383,21.56999969482422,20.954551696777344,22922700.0
2025-01-17,21.239999771118164,21.5,21.11000061035156,21.190000534057617,20.58539390563965,13512700.0
2025-01-21,21.100000381469727,21.170000076293945,20.93000030517578,21.149999618530277,20.54653549194336,18004300.0
2025-01-22,21.440000534057617,21.690000534057617,21.32999992370605,21.61000061035156,20.993410110473636,9311600.0
2025-01-23,21.57999992370605,21.799999237060547,21.520000457763672,21.780000686645508,21.158559799194336,10751800.0
2025-01-24,21.739999771118164,21.850000381469727,21.670000076293945,21.68000030517578,21.061412811279297,7612600.0
2025-01-27,21.229999542236328,21.6299991607666,21.229999542236328,21.540000915527344,20.92540740966797,9588900.0
2025-01-28,21.40999984741211,21.559999465942383,21.31999969482422,21.530000686645508,20.91569328308105,14719300.0
2025-01-29,21.739999771118164,21.81999969482422,21.59000015258789,21.700000762939453,21.08084297180176,8351400.0
2025-01-30,21.729999542236328,22.06999969482422,21.700000762939453,21.81999969482422,21.197418212890625,6800600.0
2025-01-31,21.920000076293945,22.049999237060547,21.81999969482422,21.950000762939453,21.32370948791504,9751700.0
2025-02-03,21.57999992370605,22.09000015258789,21.57999992370605,21.989999771118164,21.36256599426269,10983000.0
2025-02-04,22.0,22.399999618530277,22.0,22.3799991607666,21.741439819335938,9778200.0
2025-02-05,22.1200008392334,22.32999992370605,22.020000457763672,22.309999465942383,21.673437118530277,9910900.0
2025-02-06,22.3799991607666,22.399999618530277,22.09000015258789,22.239999771118164,21.605432510375977,9375200.0
2025-02-07,22.190000534057617,22.190000534057617,21.649999618530277,21.82999992370605,21.20713233947754,9618000.0
2025-02-10,21.799999237060547,21.8799991607666,21.709999084472656,21.8700008392334,21.24599266052246,9249900.0
2025-02-11,21.75,21.989999771118164,21.63999938964844,21.96999931335449,21.343137741088867,8557800.0
2025-02-12,21.59000015258789,21.75,21.51000022888184,21.75,21.12941551208496,5914200.0
2025-02-13,21.57999992370605,21.76000022888184,21.5,21.739999771118164,21.11969947814941,9916700.0
2025-02-14,21.729999542236328,21.75,21.540000915527344,21.56999969482422,20.954551696777344,7038100.0
2025-02-18,21.46999931335449,21.46999931335449,21.170000076293945,21.40999984741211,20.799116134643555,10779700.0
2025-02-19,21.190000534057617,21.209999084472656,21.0,21.209999084472656,20.60482215881348,11414600.0
2025-02-20,21.270000457763672,21.3700008392334,21.1299991607666,21.350000381469727,20.74082946777344,10776600.0
2025-02-21,21.190000534057617,21.280000686645508,21.100000381469727,21.170000076293945,20.56596565246582,13778200.0
2025-02-24,20.65999984741211,20.850000381469727,20.6200008392334,20.82999992370605,20.23566436767578,12509400.0
2025-02-25,20.75,20.81999969482422,20.61000061035156,20.770000457763672,20.177377700805664,9215000.0
2025-02-26,20.780000686645508,20.96999931335449,20.71999931335449,20.770000457763672,20.177377700805664,9233300.0
2025-02-27,20.76000022888184,20.799999237060547,20.489999771118164,20.5,19.91508102416992,10206600.0
2025-02-28,19.84000015258789,20.100000381469727,19.700000762939453,20.100000381469727,19.5264949798584,17385600.0
2025-03-03,20.06999969482422,20.190000534057617,19.790000915527344,19.82999992370605,19.264196395874023,9916000.0
2025-03-04,19.65999984741211,19.93000030517578,19.559999465942383,19.709999084472656,19.14762115478516,13778200.0
2025-03-05,20.07999992370605,20.190000534057617,19.920000076293945,20.059999465942383,19.48763656616211,12466000.0
2025-03-06,19.979999542236328,20.030000686645508,19.68000030517578,19.75,19.186479568481445,11306000.0
2025-03-07,19.600000381469727,19.8700008392334,19.51000022888184,19.86000061035156,19.29334259033203,15923200.0
2025-03-10,19.75,19.790000915527344,19.36000061035156,19.440000534057617,18.885326385498047,14185200.0
2025-03-11,19.1299991607666,19.200000762939453,18.809999465942383,18.96999931335449,18.428735733032227,17695000.0
2025-03-12,18.489999771118164,18.649999618530277,18.34000015258789,18.5,17.972145080566406,15292400.0
2025-03-13,18.5,18.59000015258789,18.26000022888184,18.290000915527344,17.768138885498047,10913500.0
2025-03-14,18.3799991607666,18.459999084472656,18.26000022888184,18.399999618530277,17.874998092651367,7767300.0
2025-03-17,18.59000015258789,18.700000762939453,18.38999938964844,18.56999969482422,18.04014778137207,10044500.0
2025-03-18,18.690000534057617,18.690000534057617,18.38999938964844,18.450000762939453,17.923572540283203,13070400.0
2025-03-19,18.540000915527344,18.670000076293945,18.440000534057617,18.56999969482422,18.04014778137207,9710800.0
2025-03-20,18.32999992370605,18.38999938964844,17.899999618530273,18.059999465942383,17.544700622558594,19376100.0
2025-03-21,18.40999984741211,18.43000030517578,18.170000076293945,18.31999969482422,17.79728126525879,18677600.0
2025-03-24,18.6299991607666,18.6299991607666,18.5,18.59000015258789,18.05957794189453,7515800.0
2025-03-25,18.88999938964844,19.020000457763672,18.790000915527344,18.82999992370605,18.2927303314209,11605900.0
2025-03-26,18.6200008392334,18.790000915527344,18.600000381469727,18.65999984741211,18.127580642700195,7391100.0
2025-03-27,18.700000762939453,18.780000686645508,18.600000381469727,18.670000076293945,18.13729476928711,6249500.0
2025-03-28,18.3700008392334,18.479999542236328,18.11000061035156,18.170000076293945,17.651561737060547,7866100.0
2025-03-31,18.0,18.290000915527344,17.8700008392334,18.25,17.729278564453125,12408200.0
2025-04-01,18.190000534057617,18.209999084472656,17.950000762939453,18.200000762939453,17.680706024169922,13574900.0
2025-04-02,18.149999618530277,18.43000030517578,18.1200008392334,18.38999938964844,17.865283966064453,9782300.0
2025-04-03,17.559999465942383,17.75,17.280000686645508,17.350000381469727,16.85495948791504,16271300.0
2025-04-04,16.799999237060547,16.899999618530273,16.5,16.579999923706055,16.106929779052734,19389000.0
2025-04-07,16.40999984741211,17.43000030517578,16.350000381469727,16.780000686645508,16.301223754882812,23309900.0
2025-04-08,17.040000915527344,17.170000076293945,16.229999542236328,16.420000076293945,15.951493263244627,12944700.0
2025-04-09,16.149999618530273,17.770000457763672,16.149999618530273,17.65999984741211,17.156112670898438,20797800.0
2025-04-10,17.260000228881836,17.309999465942383,16.5,16.979999542236328,16.495515823364258,25884800.0
2025-04-11,16.760000228881836,16.950000762939453,16.479999542236328,16.8799991607666,16.39836883544922,15133500.0
2025-04-14,17.170000076293945,17.170000076293945,16.8799991607666,17.010000228881836,16.524660110473633,20142000.0
2025-04-15,16.889999389648438,17.059999465942383,16.860000610351562,17.030000686645508,16.544090270996094,16826200.0
2025-04-16,16.600000381469727,16.850000381469727,16.530000686645508,16.579999923706055,16.106929779052734,21244700.0
2025-04-17,16.219999313354492,16.450000762939453,15.81999969482422,16.139999389648438,15.679482460021973,20714100.0
2025-04-21,16.860000610351562,16.8799991607666,16.389999389648438,16.579999923706055,16.106929779052734,20614300.0
2025-04-22,16.65999984741211,16.93000030517578,16.65999984741211,16.860000610351562,16.37894058227539,10459300.0
2025-04-23,17.360000610351562,17.549999237060547,17.18000030517578,17.229999542236328,16.73838233947754,12569300.0
2025-04-24,17.270000457763672,17.450000762939453,17.239999771118164,17.360000610351562,16.864673614501953,10165700.0
2025-04-25,17.399999618530273,17.440000534057617,17.260000228881836,17.399999618530273,16.903532028198242,7574000.0
2025-04-28,17.360000610351562,17.450000762939453,17.149999618530273,17.329999923706055,16.835529327392578,7546900.0
2025-04-29,17.43000030517578,17.649999618530273,17.360000610351562,17.56999969482422,17.068679809570312,7769600.0
2025-04-30,17.549999237060547,17.6200008392334,17.290000915527344,17.600000381469727,17.09782600402832,7085500.0
2025-05-01,17.719999313354492,17.760000228881836,17.59000015258789,17.600000381469727,17.09782600402832,7752700.0
2025-05-02,17.8700008392334,18.020000457763672,17.8700008392334,17.8799991607666,17.369836807250977,8940500.0
2025-05-05,17.84000015258789,17.979999542236328,17.84000015258789,17.850000381469727,17.340694427490234,5659500.0
2025-05-06,17.850000381469727,17.989999771118164,17.739999771118164,17.770000457763672,17.262975692749023,8333400.0
2025-05-07,17.690000534057617,17.760000228881836,17.6299991607666,17.709999084472656,17.204687118530273,5479000.0
2025-05-08,17.670000076293945,17.770000457763672,17.450000762939453,17.489999771118164,16.990962982177734,11433300.0
2025-05-09,17.719999313354492,17.760000228881836,17.40999984741211,17.489999771118164,16.990962982177734,8642400.0
2025-05-12,18.86000061035156,18.920000076293945,18.5,18.649999618530277,18.11786460876465,16249500.0
2025-05-13,18.280000686645508,18.450000762939453,18.270000457763672,18.3799991607666,17.85556983947754,8599700.0
2025-05-14,18.530000686645508,18.540000915527344,18.38999938964844,18.459999084472656,17.933286666870117,8648200.0
2025-05-15,18.65999984741211,18.790000915527344,18.61000061035156,18.71999931335449,18.185867309570312,8079100.0
2025-05-16,18.34000015258789,18.399999618530277,18.11000061035156,18.309999465942383,17.787567138671875,12914100.0
2025-05-19,18.100000381469727,18.38999938964844,18.09000015258789,18.32999992370605,17.806997299194336,9394400.0
2025-05-20,18.270000457763672,18.299999237060547,18.15999984741211,18.239999771118164,17.71956443786621,7065500.0
2025-05-21,18.15999984741211,18.350000381469727,18.07999992370605,18.15999984741211,17.641847610473633,7863200.0
2025-05-22,17.90999984741211,18.13999938964844,17.809999465942383,18.040000915527344,17.525272369384766,8345000.0
2025-05-23,17.950000762939453,18.209999084472656,17.950000762939453,18.11000061035156,17.59327507019043,10086500.0
2025-05-27,18.290000915527344,18.51000022888184,18.270000457763672,18.489999771118164,17.962430953979492,9014400.0
2025-05-28,18.3700008392334,18.450000762939453,18.31999969482422,18.36000061035156,17.83614158630371,6625900.0
2025-05-29,18.530000686645508,18.59000015258789,18.38999938964844,18.459999084472656,17.933286666870117,8526600.0
2025-05-30,18.270000457763672,18.270000457763672,18.07999992370605,18.190000534057617,17.920480728149414,12638500.0
2025-06-02,18.06999969482422,18.209999084472656,18.0,18.190000534057617,17.920480728149414,8475400.0
2025-06-03,18.020000457763672,18.1200008392334,17.93000030517578,18.040000915527344,17.772703170776367,11219600.0
2025-06-04,18.040000915527344,18.100000381469727,17.81999969482422,17.850000381469727,17.58551788330078,7541700.0
2025-06-05,18.0,18.0,17.850000381469727,17.93000030517578,17.66433334350586,9590900.0
2025-06-06,18.190000534057617,18.26000022888184,18.149999618530277,18.200000762939453,17.93033218383789,6425900.0
2025-06-09,18.229999542236328,18.36000061035156,18.21999931335449,18.290000915527344,18.018999099731445,5386700.0
2025-06-10,18.56999969482422,18.670000076293945,18.450000762939453,18.51000022888184,18.23573875427246,9545800.0
2025-06-11,18.8799991607666,18.93000030517578,18.600000381469727,18.61000061035156,18.33425712585449,15531200.0
2025-06-12,18.479999542236328,18.6299991607666,18.38999938964844,18.559999465942383,18.28499794006348,11362600.0
2025-06-13,18.479999542236328,18.559999465942383,18.3700008392334,18.420000076293945,18.147071838378903,10471900.0
2025-06-16,18.729999542236328,18.81999969482422,18.700000762939453,18.75,18.472183227539062,9604100.0
2025-06-17,18.75,18.86000061035156,18.670000076293945,18.670000076293945,18.393367767333984,10128900.0
2025-06-18,18.649999618530277,18.65999984741211,18.43000030517578,18.43000030517578,18.156923294067383,10915900.0
2025-06-20,18.32999992370605,18.3700008392334,17.68000030517578,17.68000030517578,17.41803741455078,37327100.0
2025-06-23,17.860000610351562,18.100000381469727,17.829999923706055,18.100000381469727,17.83181381225586,15272800.0
2025-06-24,18.149999618530277,18.309999465942383,18.149999618530277,18.299999237060547,18.02884864807129,8763700.0
2025-06-25,18.56999969482422,18.63999938964844,18.489999771118164,18.51000022888184,18.23573875427246,10846500.0
2025-06-26,18.6299991607666,18.670000076293945,18.520000457763672,18.600000381469727,18.324405670166016,14327700.0
2025-06-27,18.63999938964844,18.65999984741211,18.40999984741211,18.520000457763672,18.245590209960938,13502100.0
2025-06-30,18.549999237060547,18.559999465942383,18.459999084472656,18.530000686645508,18.255443572998047,12743100.0
2025-07-01,18.709999084472656,18.979999542236328,18.559999465942383,18.899999618530277,18.61995887756348,15010100.0
2025-07-02,18.75,18.88999938964844,18.670000076293945,18.8799991607666,18.600255966186523,9428300.0
2025-07-03,18.899999618530277,18.979999542236328,18.86000061035156,18.959999084472656,18.67906951904297,4267300.0
2025-07-07,18.86000061035156,18.959999084472656,18.76000022888184,18.81999969482422,18.54114532470703,8790400.0
2025-07-08,18.88999938964844,19.059999465942383,18.81999969482422,18.88999938964844,18.610107421875,10832400.0
2025-07-09,18.989999771118164,19.0,18.71999931335449,18.81999969482422,18.54114532470703,13092800.0
2025-07-10,18.36000061035156,18.420000076293945,18.059999465942383,18.100000381469727,17.83181381225586,27407300.0
2025-07-11,18.299999237060547,18.350000381469727,18.18000030517578,18.190000534057617,17.920480728149414,16461200.0
2025-07-14,18.010000228881836,18.1200008392334,17.899999618530273,18.010000228881836,17.743146896362305,14495200.0
2025-07-15,18.25,18.31999969482422,18.200000762939453,18.21999931335449,17.950035095214844,14013600.0
2025-07-16,18.46999931335449,18.51000022888184,18.34000015258789,18.5,18.225887298583984,15715300.0
2025-07-17,18.36000061035156,18.520000457763672,18.280000686645508,18.46999931335449,18.19633102416992,13528000.0
2025-07-18,18.350000381469727,18.3799991607666,18.13999938964844,18.209999084472656,17.940181732177734,9706800.0
2025-07-21,18.190000534057617,18.34000015258789,18.170000076293945,18.190000534057617,17.920480728149414,11469300.0
2025-07-22,18.1200008392334,18.299999237060547,18.100000381469727,18.26000022888184,17.989442825317383,18870500.0
2025-07-23,18.459999084472656,18.82999992370605,18.399999618530277,18.450000762939453,18.17662811279297,24739700.0
2025-07-24,17.8799991607666,17.8799991607666,17.59000015258789,17.68000030517578,17.41803741455078,14675700.0
2025-07-25,17.459999084472656,17.459999084472656,17.25,17.3700008392334,17.11263084411621,19087800.0
2025-07-28,17.31999969482422,17.34000015258789,17.059999465942383,17.15999984741211,16.90574073791504,21715200.0
2025-07-29,17.280000686645508,17.290000915527344,17.110000610351562,17.209999084472656,16.954999923706055,11563700.0
2025-07-30,17.1200008392334,17.1299991607666,16.889999389648438,16.950000762939453,16.698854446411133,13278800.0
2025-07-31,17.010000228881836,17.020000457763672,16.709999084472656,16.719999313354492,16.472259521484375,15926400.0
2025-08-01,16.649999618530273,16.649999618530273,16.3700008392334,16.40999984741211,16.166852951049805,20078400.0
2025-08-04,16.549999237060547,16.68000030517578,16.440000534057617,16.479999542236328,16.235816955566406,18306000.0
2025-08-05,16.469999313354492,16.489999771118164,16.190000534057617,16.200000762939453,15.959966659545898,22539900.0
2025-08-06,16.139999389648438,16.190000534057617,15.970000267028809,16.06999969482422,15.831891059875488,16992500.0
2025-08-07,16.170000076293945,16.329999923706055,15.979999542236328,16.020000457763672,15.782632827758787,19616500.0
2025-08-08,16.09000015258789,16.1200008392334,15.960000038146973,15.989999771118164,15.753076553344728,13909900.0
2025-08-11,15.989999771118164,16.170000076293945,15.920000076293944,15.979999542236328,15.74322509765625,20161800.0
2025-08-12,15.979999542236328,16.1200008392334,15.90999984741211,16.06999969482422,15.831891059875488,18403100.0
2025-08-13,16.139999389648438,16.420000076293945,16.079999923706055,16.3799991607666,16.137298583984375,27608700.0
2025-08-14,16.329999923706055,16.40999984741211,16.110000610351562,16.360000610351562,16.117595672607422,18675100.0
2025-08-15,16.399999618530273,16.65999984741211,16.399999618530273,16.559999465942383,16.31463050842285,9000900.0
2025-08-18,16.360000610351562,16.43000030517578,16.260000228881836,16.40999984741211,16.166852951049805,11116100.0
2025-08-19,16.479999542236328,16.68000030517578,16.459999084472656,16.600000381469727,16.35403823852539,18923300.0
2025-08-20,17.06999969482422,17.190000534057617,16.969999313354492,17.010000228881836,16.757963180541992,22949600.0
2025-08-21,16.90999984741211,17.059999465942383,16.889999389648438,17.049999237060547,16.79737091064453,19974100.0
2025-08-22,17.0,17.3799991607666,16.979999542236328,17.34000015258789,17.08307456970215,33953400.0
2025-08-25,17.43000030517578,17.450000762939453,17.299999237060547,17.329999923706055,17.073223114013672,17187400.0
2025-08-26,17.170000076293945,17.329999923706055,17.1299991607666,17.219999313354492,16.96485137939453,14770200.0
2025-08-27,17.229999542236328,17.389999389648438,17.15999984741211,17.360000610351562,17.102779388427734,10264900.0
2025-08-28,16.989999771118164,17.040000915527344,16.889999389648438,17.0,16.748111724853516,28336300.0
2025-08-29,16.729999542236328,16.889999389648438,16.649999618530273,16.81999969482422,16.570777893066406,17333200.0
2025-09-02,16.770000457763672,16.899999618530273,16.700000762939453,16.889999389648438,16.639741897583008,13503100.0
2025-09-03,16.799999237060547,16.850000381469727,16.5,16.639999389648438,16.39344596862793,19263600.0
2025-09-04,16.56999969482422,16.600000381469727,16.280000686645508,16.59000015258789,16.344186782836914,15167700.0
2025-09-05,16.489999771118164,16.639999389648438,16.31999969482422,16.3799991607666,16.137298583984375,23404000.0
2025-09-08,16.610000610351562,16.809999465942383,16.5,16.790000915527344,16.54122543334961,25547900.0
2025-09-09,16.989999771118164,17.139999389648438,16.93000030517578,17.010000228881836,16.757963180541992,14879900.0
2025-09-10,17.200000762939453,17.25,16.90999984741211,16.979999542236328,16.728408813476562,17812800.0
2025-09-11,16.889999389648438,17.139999389648438,16.559999465942383,17.06999969482422,16.817073822021484,30237600.0
2025-09-12,17.040000915527344,17.06999969482422,16.899999618530273,16.959999084472656,16.708703994750977,12966900.0
2025-09-15,16.989999771118164,17.100000381469727,16.84000015258789,16.920000076293945,16.66929817199707,18852800.0
2025-09-16,16.989999771118164,17.079999923706055,16.8799991607666,17.059999465942383,16.807222366333008,17749400.0
2025-09-17,17.200000762939453,17.780000686645508,17.200000762939453,17.68000030517578,17.41803741455078,32050800.0
2025-09-18,17.530000686645508,17.600000381469727,17.440000534057617,17.56999969482422,17.30966567993164,13245800.0
2025-09-19,17.549999237060547,17.610000610351562,16.239999771118164,16.969999313354492,16.718555450439453,54720200.0
2025-09-22,16.8700008392334,17.18000030517578,16.790000915527344,17.149999618530273,16.895889282226562,14994200.0
2025-09-23,17.110000610351562,17.139999389648438,16.8799991607666,16.8799991607666,16.6298885345459,11524400.0
2025-09-24,16.899999618530273,17.040000915527344,16.81999969482422,17.030000686645508,16.777667999267578,17049600.0
2025-09-25,16.75,16.860000610351562,16.489999771118164,16.540000915527344,16.29492950439453,17831200.0
2025-09-26,16.469999313354492,16.600000381469727,16.360000610351562,16.520000457763672,16.275224685668945,19463500.0
2025-09-29,16.440000534057617,16.479999542236328,16.219999313354492,16.31999969482422,16.078187942504883,19370300.0
2025-09-30,16.309999465942383,16.440000534057617,16.209999084472656,16.270000457763672,16.028928756713867,13331200.0
2025-10-01,16.219999313354492,16.399999618530273,16.209999084472656,16.3700008392334,16.1274471282959,15899200.0
2025-10-02,16.31999969482422,16.43000030517578,16.030000686645508,16.149999618530273,15.910706520080566,13738800.0
2025-10-03,16.239999771118164,16.25,16.06999969482422,16.229999542236328,15.989521026611328,15110100.0
2025-10-06,16.489999771118164,16.719999313354492,16.389999389648438,16.690000534057617,16.442705154418945,21090500.0
2025-10-07,16.469999313354492,16.469999313354492,16.260000228881836,16.389999389648438,16.14715003967285,15178500.0
2025-10-08,16.68000030517578,16.790000915527344,16.59000015258789,16.739999771118164,16.49196434020996,13231300.0
2025-10-09,16.969999313354492,17.18000030517578,16.8799991607666,17.059999465942383,16.807222366333008,21105900.0
2025-10-10,17.0,17.06999969482422,16.579999923706055,16.579999923706055,16.334335327148438,15132700.0
2025-10-13,16.670000076293945,16.860000610351562,16.639999389648438,16.780000686645508,16.5313720703125,9959800.0
2025-10-14,16.700000762939453,16.700000762939453,16.40999984741211,16.479999542236328,16.235816955566406,19181600.0
2025-10-15,16.549999237060547,16.670000076293945,16.440000534057617,16.440000534057617,16.196409225463867,23613300.0
2025-10-16,16.200000762939453,16.290000915527344,15.81999969482422,16.06999969482422,15.831891059875488,30758900.0
2025-10-17,16.139999389648438,16.389999389648438,16.139999389648438,16.329999923706055,16.08803939819336,12874600.0
2025-10-20,16.3700008392334,16.920000076293945,16.350000381469727,16.90999984741211,16.65944480895996,19872900.0
2025-10-21,16.760000228881836,17.40999984741211,16.719999313354492,17.40999984741211,17.152036666870117,24526800.0
2025-10-22,17.40999984741211,17.559999465942383,17.3700008392334,17.469999313354492,17.21114730834961,23013100.0
2025-10-23,17.5,17.649999618530273,17.350000381469727,17.530000686645508,17.270259857177734,14138800.0
2025-10-24,17.530000686645508,17.59000015258789,17.40999984741211,17.479999542236328,17.220998764038086,8492500.0
2025-10-27,17.200000762939453,17.270000457763672,16.889999389648438,17.040000915527344,17.040000915527344,11499700.0
2025-10-28,16.989999771118164,17.110000610351562,16.889999389648438,16.889999389648438,16.889999389648438,15833300.0
2025-10-29,17.100000381469727,17.190000534057617,16.780000686645508,16.8799991607666,16.8799991607666,13848200.0
2025-10-30,16.739999771118164,16.790000915527344,16.56999969482422,16.639999389648438,16.639999389648438,14127400.0
2025-10-31,16.549999237060547,16.649999618530273,16.399999618530273,16.56999969482422,16.56999969482422,13459400.0
2025-11-03,16.639999389648438,16.65999984741211,16.329999923706055,16.40999984741211,16.40999984741211,12273800.0
2025-11-04,16.360000610351562,16.399999618530273,16.270000457763672,16.299999237060547,16.299999237060547,10752700.0
2025-11-05,16.350000381469727,16.5,16.31999969482422,16.420000076293945,16.420000076293945,9322900.0
2025-11-06,16.450000762939453,16.450000762939453,16.170000076293945,16.18000030517578,16.18000030517578,10341600.0
2025-11-07,16.270000457763672,16.510000228881836,16.270000457763672,16.5,16.5,8094500.0
2025-11-10,16.770000457763672,16.889999389648438,16.6200008392334,16.760000228881836,16.760000228881836,9889900.0
2025-11-11,16.90999984741211,17.09000015258789,16.8799991607666,17.010000228881836,17.010000228881836,9370300.0
2025-11-12,17.149999618530273,17.280000686645508,17.049999237060547,17.09000015258789,17.09000015258789,10919500.0
2025-11-13,17.059999465942383,17.170000076293945,16.950000762939453,16.959999084472656,16.959999084472656,10304900.0
2025-11-14,16.65999984741211,16.739999771118164,16.579999923706055,16.649999618530273,16.649999618530273,11248600.0
2025-11-17,16.729999542236328,16.889999389648438,16.65999984741211,16.770000457763672,16.770000457763672,10426600.0
2025-11-18,16.639999389648438,16.989999771118164,16.610000610351562,16.950000762939453,16.950000762939453,14371300.0
2025-11-19,17.290000915527344,17.3700008392334,17.229999542236328,17.309999465942383,17.309999465942383,7807700.0
2025-11-20,17.270000457763672,17.280000686645508,17.0,17.1299991607666,17.1299991607666,12455000.0
2025-11-21,17.219999313354492,17.760000228881836,17.100000381469727,17.700000762939453,17.700000762939453,16657000.0
2025-11-24,17.520000457763672,17.579999923706055,17.260000228881836,17.270000457763672,17.270000457763672,12775000.0
2025-11-25,17.34000015258789,17.34000015258789,17.059999465942383,17.280000686645508,17.280000686645508,10433200.0
2025-11-26,17.3799991607666,17.700000762939453,17.350000381469727,17.420000076293945,17.420000076293945,8260000.0
2025-11-28,17.610000610351562,17.610000610351562,17.40999984741211,17.479999542236328,17.479999542236328,3688900.0
2025-12-01,17.510000228881836,17.579999923706055,17.399999618530273,17.450000762939453,17.450000762939453,5508400.0
2025-12-02,17.5,17.510000228881836,17.34000015258789,17.40999984741211,17.40999984741211,6642800.0
2025-12-03,17.6200008392334,17.719999313354492,17.510000228881836,17.65999984741211,17.65999984741211,7412700.0
2025-12-04,17.799999237060547,18.31999969482422,17.790000915527344,18.290000915527344,18.290000915527344,18299700.0
2025-12-05,18.149999618530277,18.229999542236328,18.030000686645508,18.06999969482422,18.06999969482422,9198300.0
2025-12-08,18.059999465942383,18.06999969482422,17.700000762939453,17.719999313354492,17.719999313354492,7209500.0
2025-12-09,17.739999771118164,18.020000457763672,17.729999542236328,17.75,17.75,16529000.0
2025-12-10,17.639999389648438,18.1299991607666,17.6200008392334,18.06999969482422,18.06999969482422,10143600.0
2025-12-11,17.950000762939453,17.989999771118164,17.770000457763672,17.799999237060547,17.799999237060547,12986500.0
2025-12-12,17.809999465942383,17.889999389648438,17.65999984741211,17.780000686645508,17.780000686645508,7955900.0
2025-12-15,17.75,17.920000076293945,17.690000534057617,17.780000686645508,17.780000686645508,8091200.0
2025-12-16,17.75,17.889999389648438,17.670000076293945,17.770000457763672,17.770000457763672,14058800.0
2025-12-17,17.899999618530273,18.280000686645508,17.8700008392334,18.21999931335449,18.21999931335449,15974900.0
2025-12-18,18.280000686645508,19.309999465942383,18.209999084472656,19.18000030517578,19.18000030517578,29526500.0
2025-12-19,19.07999992370605,30.0,18.989999771118164,20.21999931335449,20.21999931335449,118705800.0
2025-12-22,19.780000686645508,19.799999237060547,18.780000686645508,19.15999984741211,19.15999984741211,23938800.0
2025-12-23,18.790000915527344,19.020000457763672,18.489999771118164,18.56999969482422,18.56999969482422,13291700.0
2025-12-24,18.520000457763672,18.729999542236328,18.450000762939453,18.670000076293945,18.670000076293945,13262500.0
2025-12-26,18.61000061035156,18.82999992370605,18.520000457763672,18.790000915527344,18.790000915527344,6204000.0
2025-12-29,18.559999465942383,18.559999465942383,18.280000686645508,18.43000030517578,18.43000030517578,6075600.0
2025-12-30,18.34000015258789,18.3799991607666,18.030000686645508,18.040000915527344,18.040000915527344,6867400.0
2025-12-31,18.1299991607666,18.13999938964844,17.81999969482422,17.81999969482422,17.81999969482422,4524100.0
2026-01-02,18.1200008392334,18.31999969482422,18.030000686645508,18.149999618530277,18.149999618530277,8327700.0
2026-01-05,17.899999618530273,18.100000381469727,17.670000076293945,17.68000030517578,17.68000030517578,16098800.0
2026-01-06,17.84000015258789,18.229999542236328,17.84000015258789,18.100000381469727,18.100000381469727,11906900.0
2026-01-07,18.38999938964844,18.540000915527344,18.15999984741211,18.229999542236328,18.229999542236328,8960000.0
2026-01-08,18.06999969482422,18.229999542236328,17.969999313354492,18.040000915527344,18.040000915527344,7461600.0
2026-01-09,18.07999992370605,18.100000381469727,17.700000762939453,17.829999923706055,17.829999923706055,6356300.0
2026-01-12,17.700000762939453,17.84000015258789,17.549999237060547,17.799999237060547,17.799999237060547,12811600.0
2026-01-13,17.739999771118164,17.799999237060547,17.459999084472656,17.520000457763672,17.520000457763672,19913500.0
2026-01-14,18.3799991607666,19.450000762939453,18.06999969482422,19.350000381469727,19.350000381469727,37606900.0
2026-01-15,18.90999984741211,19.100000381469727,18.5,18.81999969482422,18.81999969482422,19077800.0
2026-01-16,18.850000381469727,18.8799991607666,18.549999237060547,18.6299991607666,18.6299991607666,12792700.0
2026-01-20,18.51000022888184,18.559999465942383,18.200000762939453,18.209999084472656,18.209999084472656,8885400.0
2026-01-21,18.26000022888184,18.43000030517578,18.049999237060547,18.309999465942383,18.309999465942383,9311900.0
2026-01-22,18.38999938964844,18.530000686645508,18.209999084472656,18.290000915527344,18.290000915527344,7346300.0
2026-01-23,18.3799991607666,18.3799991607666,18.11000061035156,18.239999771118164,18.239999771118164,4347600.0
2026-01-26,18.25,18.700000762939453,18.229999542236328,18.549999237060547,18.549999237060547,5162400.0
2026-01-27,18.6200008392334,18.71999931335449,18.149999618530277,18.25,18.25,7960200.0
2026-01-28,18.200000762939453,18.200000762939453,17.8799991607666,17.93000030517578,17.93000030517578,8729200.0
2026-01-29,18.1299991607666,18.18000030517578,17.649999618530273,17.75,17.75,15133900.0
2026-01-30,17.700000762939453,17.75,17.5,17.579999923706055,17.579999923706055,17190500.0
2026-02-02,17.6299991607666,18.38999938964844,17.600000381469727,18.34000015258789,18.34000015258789,14203800.0
2026-02-03,18.1299991607666,18.229999542236328,17.170000076293945,17.31999969482422,17.31999969482422,29449200.0
2026-02-04,16.709999084472656,17.209999084472656,16.489999771118164,16.739999771118164,16.739999771118164,32385600.0
2026-02-05,16.5,16.93000030517578,16.489999771118164,16.799999237060547,16.799999237060547,13642800.0
2026-02-06,16.530000686645508,16.8799991607666,16.5,16.84000015258789,16.84000015258789,14622500.0
2026-02-09,16.600000381469727,16.600000381469727,16.229999542236328,16.309999465942383,16.309999465942383,10278200.0
2026-02-10,16.5,16.739999771118164,16.440000534057617,16.610000610351562,16.610000610351562,9978100.0
2026-02-11,16.200000762939453,16.219999313354492,15.739999771118164,15.760000228881836,15.760000228881836,12472900.0
2026-02-12,15.239999771118164,15.270000457763672,14.1899995803833,14.210000038146973,14.210000038146973,32387500.0
2026-02-13,14.619999885559082,14.920000076293944,14.460000038146973,14.720000267028809,14.720000267028809,19838300.0
2026-02-17,15.06999969482422,15.239999771118164,14.579999923706056,14.75,14.75,23069500.0
2026-02-18,14.68000030517578,15.130000114440918,14.68000030517578,15.050000190734863,15.050000190734863,14666600.0
2026-02-19,14.710000038146973,14.779999732971191,14.369999885559082,14.550000190734863,14.550000190734863,18068200.0
2026-02-20,14.609999656677246,14.920000076293944,14.600000381469728,14.649999618530272,14.649999618530272,15845900.0
2026-02-23,14.350000381469728,14.369999885559082,13.770000457763672,13.90999984741211,13.90999984741211,23772100.0
2026-02-24,13.859999656677246,14.15999984741211,13.65999984741211,13.84000015258789,13.84000015258789,25141200.0
2026-02-25,14.010000228881836,14.3100004196167,13.670000076293944,14.239999771118164,14.239999771118164,28804500.0
2026-02-26,14.380000114440918,14.760000228881836,14.239999771118164,14.699999809265137,14.699999809265137,19283300.0
2026-02-27,14.18000030517578,14.4399995803833,13.989999771118164,14.4399995803833,14.4399995803833,16921500.0
2026-03-02,14.09000015258789,14.329999923706056,13.979999542236328,14.1899995803833,14.1899995803833,10539300.0
2026-03-03,13.850000381469728,14.289999961853027,13.84000015258789,14.220000267028809,14.220000267028809,11463100.0
2026-03-04,14.229999542236328,14.489999771118164,14.15999984741211,14.329999923706056,14.329999923706056,20009500.0
2026-03-05,14.3100004196167,14.5600004196167,14.199999809265137,14.399999618530272,14.399999618530272,14782300.0
2026-03-06,14.119999885559082,14.520000457763672,14.0600004196167,14.4399995803833,14.4399995803833,15217400.0
2026-03-09,14.329999923706056,14.449999809265137,14.140000343322754,14.420000076293944,14.420000076293944,14572800.0
2026-03-10,14.239999771118164,14.350000381469728,13.829999923706056,14.039999961853027,14.039999961853027,17286900.0
2026-03-11,13.920000076293944,14.0600004196167,13.59000015258789,13.869999885559082,13.869999885559082,15353300.0
2026-03-12,13.84000015258789,13.890000343322754,13.4399995803833,13.4399995803833,13.4399995803833,16372600.0
2026-03-13,13.59000015258789,13.619999885559082,13.25,13.270000457763672,13.270000457763672,10456500.0
2026-03-16,13.329999923706056,13.369999885559082,13.149999618530272,13.260000228881836,13.260000228881836,22523200.0
2026-03-17,13.300000190734863,13.3100004196167,13.079999923706056,13.199999809265137,13.199999809265137,22008800.0
2026-03-18,13.510000228881836,13.600000381469728,12.880000114440918,12.920000076293944,12.920000076293944,25447600.0
2026-03-19,12.6899995803833,13.149999618530272,12.56999969482422,13.050000190734863,13.050000190734863,24317200.0
2026-03-20,13.229999542236328,13.329999923706056,13.0600004196167,13.119999885559082,13.119999885559082,100979500.0
2026-03-23,13.399999618530272,13.539999961853027,13.270000457763672,13.300000190734863,13.300000190734863,15983100.0
2026-03-24,13.260000228881836,13.380000114440918,13.050000190734863,13.079999923706056,13.079999923706056,11069900.0
2026-03-25,13.390000343322754,13.529999732971191,12.90999984741211,13.170000076293944,13.170000076293944,11348100.0
2026-03-26,13.100000381469728,13.359999656677246,13.079999923706056,13.15999984741211,13.15999984741211,8750500.0
2026-03-27,13.0600004196167,13.140000343322754,12.729999542236328,12.829999923706056,12.829999923706056,11866900.0
2026-03-30,12.899999618530272,13.270000457763672,12.899999618530272,13.25,13.25,10980700.0
2026-03-31,13.369999885559082,13.699999809265137,13.210000038146973,13.510000228881836,13.510000228881836,16621100.0
2026-04-01,13.470000267028809,13.649999618530272,13.220000267028809,13.300000190734863,13.300000190734863,14046400.0
2026-04-02,13.380000114440918,13.800000190734863,13.3100004196167,13.739999771118164,13.739999771118164,11172000.0
2026-04-06,13.829999923706056,13.850000381469728,13.649999618530272,13.699999809265137,13.699999809265137,9093000.0
2026-04-07,13.949999809265137,14.100000381469728,13.850000381469728,13.960000038146973,13.960000038146973,17202300.0
2026-04-08,14.199999809265137,14.420000076293944,13.90999984741211,14.0,14.0,13072700.0
2026-04-09,13.899999618530272,14.0,13.520000457763672,13.760000228881836,13.760000228881836,21081000.0
2026-04-10,13.739999771118164,13.75,13.270000457763672,13.289999961853027,13.289999961853027,19339800.0
2026-04-13,13.289999961853027,13.989999771118164,13.25,13.970000267028809,13.970000267028809,15023700.0
2026-04-14,14.029999732971191,14.270000457763672,13.859999656677246,13.9399995803833,13.9399995803833,14719900.0
2026-04-15,14.0,14.380000114440918,13.880000114440918,14.3100004196167,14.3100004196167,16260500.0
2026-04-16,14.420000076293944,14.489999771118164,14.229999542236328,14.380000114440918,14.380000114440918,16461800.0
2026-04-17,14.5,14.710000038146973,14.420000076293944,14.460000038146973,14.460000038146973,14210800.0
2026-04-20,14.25,14.329999923706056,14.09000015258789,14.210000038146973,14.210000038146973,13034400.0
2026-04-21,14.15999984741211,14.220000267028809,13.9399995803833,14.06999969482422,14.06999969482422,19462600.0
2026-04-22,13.81999969482422,13.869999885559082,13.420000076293944,13.479999542236328,13.479999542236328,21799500.0
2026-04-23,12.579999923706056,12.979999542236328,12.529999732971191,12.9399995803833,12.9399995803833,33431700.0
2026-04-24,12.56999969482422,12.880000114440918,12.40999984741211,12.859999656677246,12.859999656677246,22912100.0
2026-04-27,12.779999732971191,12.81999969482422,12.239999771118164,12.279999732971191,12.279999732971191,20410400.0
2026-04-28,12.390000343322754,12.460000038146973,12.18000030517578,12.25,12.25,18627200.0
2026-04-29,12.220000267028809,12.479999542236328,12.18000030517578,12.34000015258789,12.34000015258789,14906600.0
2026-04-30,12.40999984741211,12.5600004196167,12.260000228881836,12.460000038146973,12.460000038146973,13167800.0
2026-05-01,12.520000457763672,12.640000343322754,12.390000343322754,12.479999542236328,12.479999542236328,8389800.0
2026-05-04,12.31999969482422,12.479999542236328,12.1899995803833,12.239999771118164,12.239999771118164,11735400.0
2026-05-05,12.239999771118164,12.510000228881836,12.15999984741211,12.460000038146973,12.460000038146973,10423300.0
2026-05-06,12.369999885559082,12.68000030517578,12.329999923706056,12.640000343322754,12.640000343322754,16179400.0
2026-05-07,12.510000228881836,12.739999771118164,12.470000267028809,12.56999969482422,12.56999969482422,11742600.0
2026-05-08,12.75,12.84000015258789,12.380000114440918,12.829999923706056,12.829999923706056,12856600.0
2026-05-11,12.630000114440918,12.65999984741211,12.229999542236328,12.300000190734863,12.300000190734863,11768600.0
2026-05-12,12.15999984741211,12.220000267028809,11.920000076293944,12.050000190734863,12.050000190734863,10114300.0
2026-05-13,11.850000381469728,11.9399995803833,11.65999984741211,11.859999656677246,11.859999656677246,12549500.0
2026-05-14,11.699999809265137,11.859999656677246,11.5600004196167,11.65999984741211,11.65999984741211,11782300.0
2026-05-15,11.829999923706056,12.149999618530272,11.770000457763672,12.06999969482422,12.06999969482422,18788100.0
2026-05-18,12.06999969482422,12.68000030517578,11.970000267028809,12.59000015258789,12.59000015258789,22950900.0
2026-05-19,12.640000343322754,13.270000457763672,12.529999732971191,12.720000267028809,12.720000267028809,22702700.0
2026-05-20,12.489999771118164,12.779999732971191,12.300000190734863,12.770000457763672,12.770000457763672,28776000.0
2026-05-21,12.380000114440918,12.6899995803833,12.239999771118164,12.640000343322754,12.640000343322754,17329800.0
2026-05-22,12.649999618530272,12.8100004196167,12.529999732971191,12.670000076293944,12.670000076293944,19027200.0
2026-05-26,12.600000381469728,12.600000381469728,12.039999961853027,12.079999923706056,12.079999923706056,22361400.0
2026-05-27,12.079999923706056,12.449999809265137,12.079999923706056,12.390000343322754,12.390000343322754,15036500.0
2026-05-28,12.420000076293944,12.779999732971191,12.229999542236328,12.699999809265137,12.699999809265137,33405700.0
2026-05-29,12.59000015258789,12.729999542236328,12.329999923706056,12.649999618530272,12.649999618530272,27699800.0
2026-06-01,12.720000267028809,13.5600004196167,12.720000267028809,13.40999984741211,13.40999984741211,34182100.0
2026-06-02,13.279999732971191,13.399999618530272,12.859999656677246,13.079999923706056,13.079999923706056,23013900.0
2026-06-03,12.869999885559082,12.880000114440918,12.350000381469728,12.460000038146973,12.460000038146973,17725700.0
2026-06-04,12.84000015258789,12.859999656677246,12.539999961853027,12.56999969482422,12.56999969482422,14882500.0
2026-06-05,12.760000228881836,12.81999969482422,12.390000343322754,12.399999618530272,12.399999618530272,8239000.0
,,,,,,
