Date,Open,High,Low,Close,Adj Close,Volume
2021-06-07,335.04998779296875,336.6600036621094,334.3399963378906,336.6000061035156,326.6468200683594,32611900.0
2021-06-08,338.3999938964844,339.2900085449219,335.0299987792969,336.760009765625,326.8020324707031,27282800.0
2021-06-09,338.1700134277344,338.9700012207031,336.6499938964844,336.8399963378906,326.8796691894531,21485300.0
2021-06-10,337.19000244140625,340.4599914550781,336.7300109863281,340.3500061035156,330.2859191894531,33702100.0
2021-06-11,340.3599853515625,341.25,339.69000244140625,341.239990234375,331.1495056152344,21222800.0
2021-06-14,341.67999267578125,344.5199890136719,340.4599914550781,344.510009765625,334.3229064941406,27827700.0
2021-06-15,344.1499938964844,344.4700012207031,341.5199890136719,342.260009765625,332.1394348144531,35963800.0
2021-06-16,342.739990234375,343.8399963378906,337.45001220703125,341.010009765625,330.9263916015625,55399500.0
2021-06-17,339.9700012207031,346.3800048828125,339.9200134277344,345.3399963378906,335.1283569335937,59722700.0
2021-06-18,343.6300048828125,344.8099975585937,341.8599853515625,342.6300048828125,332.4985046386719,55414900.0
2021-06-21,342.42999267578125,344.69000244140625,340.1499938964844,344.3599853515625,334.5649108886719,32992600.0
2021-06-22,344.1499938964844,348.0299987792969,343.8399963378906,347.57000732421875,337.6836853027344,28941600.0
2021-06-23,347.510009765625,348.9200134277344,346.8800048828125,347.739990234375,337.8489074707031,27188500.0
2021-06-24,349.7300109863281,351.4599914550781,349.1700134277344,349.8900146484375,339.93768310546875,32581600.0
2021-06-25,350.4700012207031,350.7200012207031,348.8399963378906,349.4599914550781,339.5198669433594,28682800.0
2021-06-28,350.7799987792969,353.8500061035156,350.7200012207031,353.7099914550781,343.64898681640625,39130300.0
2021-06-29,353.5299987792969,355.0199890136719,352.6700134277344,354.989990234375,344.892578125,29426000.0
2021-06-30,354.8299865722656,355.2300109863281,353.8299865722656,354.42999267578125,344.3485412597656,32724000.0
2021-07-01,354.07000732421875,355.0899963378906,352.67999267578125,354.57000732421875,344.48455810546875,29290000.0
2021-07-02,356.5199890136719,358.9700012207031,356.2799987792969,358.6400146484375,348.43878173828125,32727200.0
2021-07-06,359.260009765625,360.4800109863281,356.489990234375,360.19000244140625,349.9447326660156,38842400.0
2021-07-07,362.4500122070313,362.760009765625,358.94000244140625,360.9500122070313,350.6829833984375,35265200.0
2021-07-08,355.739990234375,359.6499938964844,354.4200134277344,358.7699890136719,348.56512451171875,50890000.0
2021-07-09,358.1700134277344,361.5,357.57000732421875,361.010009765625,350.7413330078125,35184500.0
2021-07-12,362.4500122070313,362.8900146484375,360.8299865722656,362.4200134277344,352.1112060546875,25717700.0
2021-07-13,362.0299987792969,365.4700012207031,361.5400085449219,362.4200134277344,352.1112060546875,39723000.0
2021-07-14,364.8299865722656,365.489990234375,362.2200012207031,363.0700073242188,352.7427978515625,35336400.0
2021-07-15,362.9800109863281,363.1900024414063,358.4599914550781,360.5199890136719,350.2652893066406,53391600.0
2021-07-16,361.3999938964844,362.4100036621094,357.239990234375,357.6000061035156,347.4283142089844,47262000.0
2021-07-19,354.04998779296875,355.17999267578125,352.0400085449219,354.6700134277344,344.58172607421875,64404600.0
2021-07-20,355.6300048828125,360.2799987792969,353.79998779296875,358.7900085449219,348.58453369140625,42183700.0
2021-07-21,358.3500061035156,361.55999755859375,358.1199951171875,361.55999755859375,351.2757873535156,30259900.0
2021-07-22,361.7699890136719,363.9599914550781,361.7699890136719,363.9500122070313,353.5978088378906,30252200.0
2021-07-23,365.30999755859375,368.489990234375,363.9200134277344,368.2000122070313,357.72686767578125,31960800.0
2021-07-26,367.489990234375,368.8900146484375,366.6000061035156,368.489990234375,358.00860595703125,28438100.0
2021-07-27,368.2200012207031,368.2200012207031,360.1600036621094,364.4299926757813,354.0640563964844,57933100.0
2021-07-28,365.6000061035156,367.4500122070313,363.239990234375,365.8299865722656,355.4243469238281,42066200.0
2021-07-29,365.25,367.6799926757813,365.25,366.4800109863281,356.0557556152344,25672500.0
2021-07-30,362.4400024414063,365.1700134277344,362.4100036621094,364.5700073242188,354.2000732421875,36484600.0
2021-08-02,366.2799987792969,366.8800048828125,363.8699951171875,364.6000061035156,354.2292785644531,27334100.0
2021-08-03,365.2799987792969,366.9299926757813,362.0,366.80999755859375,356.3764038085937,35558500.0
2021-08-04,366.7699890136719,368.3200073242188,365.6300048828125,367.3399963378906,356.89129638671875,29602200.0
2021-08-05,368.1799926757813,369.9100036621094,367.4500122070313,369.6700134277344,359.15509033203125,21443900.0
2021-08-06,368.3699951171875,369.3699951171875,366.9100036621094,368.0499877929688,357.5811767578125,33332100.0
2021-08-09,368.5199890136719,369.2699890136719,367.3900146484375,368.7300109863281,358.24176025390625,25960200.0
2021-08-10,369.260009765625,369.55999755859375,365.6199951171875,366.8399963378906,356.40557861328125,35130800.0
2021-08-11,368.1400146484375,368.6499938964844,364.8399963378906,366.2099914550781,355.7934265136719,34249800.0
2021-08-12,365.6900024414063,367.8999938964844,364.2999877929688,367.5299987792969,357.075927734375,25969200.0
2021-08-13,367.8900146484375,369.1600036621094,367.3800048828125,368.8200073242188,358.3292541503906,19336200.0
2021-08-16,367.6700134277344,369.0199890136719,363.7000122070313,368.9800109863281,358.4846496582031,34856900.0
2021-08-17,366.1499938964844,367.1499938964844,363.2300109863281,365.7300109863281,355.3271484375,44793900.0
2021-08-18,365.1799926757813,366.6199951171875,361.8699951171875,362.2099914550781,351.9072570800781,38541900.0
2021-08-19,360.2200012207031,365.6799926757813,359.9599914550781,363.9599914550781,353.607421875,48499400.0
2021-08-20,365.05999755859375,368.1400146484375,364.739990234375,367.7300109863281,357.2701721191406,39486000.0
2021-08-23,368.7999877929688,373.9400024414063,368.7900085449219,373.2300109863281,362.61376953125,34034700.0
2021-08-24,373.8399963378906,374.989990234375,373.3599853515625,374.3699951171875,363.7213745117188,21732900.0
2021-08-25,374.6300048828125,375.3900146484375,373.8599853515625,374.7999877929688,364.1391296386719,20441900.0
2021-08-26,373.9200134277344,374.6199951171875,371.9700012207031,372.4200134277344,361.8268432617188,29133300.0
2021-08-27,373.0700073242188,376.55999755859375,372.5700073242188,376.0400085449219,365.3439025878906,27104700.0
2021-08-30,376.8500061035156,380.760009765625,376.8299865722656,380.260009765625,369.44378662109375,27295700.0
2021-08-31,380.510009765625,380.5799865722656,378.3599853515625,379.9500122070313,369.142578125,29628200.0
2021-09-01,381.0400085449219,382.7099914550781,380.3699951171875,380.5799865722656,369.754638671875,28138300.0
2021-09-02,381.9700012207031,382.30999755859375,379.1499938964844,380.3999938964844,369.5798034667969,25453400.0
2021-09-03,379.2200012207031,381.9800109863281,379.2000122070313,381.5700073242188,370.7165222167969,24605400.0
2021-09-07,381.6799926757813,382.7799987792969,380.489990234375,382.1099853515625,371.2411804199219,23970200.0
2021-09-08,381.9299926757813,381.9299926757813,378.4500122070313,380.7799987792969,369.9490051269531,32949200.0
2021-09-09,381.010009765625,382.1499938964844,379.2200012207031,379.4700012207031,368.67626953125,29399000.0
2021-09-10,381.2300109863281,381.9700012207031,376.25,376.5899963378906,365.8782043457031,40249400.0
2021-09-13,378.989990234375,379.4299926757813,374.2200012207031,376.3299865722656,365.6256408691406,48741800.0
2021-09-14,377.8599853515625,378.6099853515625,374.2799987792969,375.260009765625,364.58599853515625,41826600.0
2021-09-15,375.7300109863281,378.4100036621094,373.3699951171875,378.0499877929688,367.2966613769531,34097900.0
2021-09-16,376.6799926757813,378.8999938964844,374.7000122070313,378.30999755859375,367.54925537109375,35193100.0
2021-09-17,377.8200073242188,377.8699951171875,372.760009765625,373.8299865722656,363.1966857910156,60912300.0
2021-09-20,367.4599914550781,369.25,360.9299926757813,365.7000122070313,355.6918640136719,76203200.0
2021-09-21,367.5799865722656,368.80999755859375,364.989990234375,366.1499938964844,356.1295471191406,41927500.0
2021-09-22,367.0899963378906,371.0700073242188,365.9599914550781,369.5700073242188,359.4559326171875,46972900.0
2021-09-23,370.760009765625,374.0400085449219,370.1000061035156,372.9800109863281,362.7726135253906,44652000.0
2021-09-24,370.6499938964844,373.760009765625,370.2699890136719,373.3299865722656,363.1131286621094,36056800.0
2021-09-27,370.2000122070313,371.25,367.7300109863281,370.3500061035156,360.2145690917969,43338100.0
2021-09-28,365.6700134277344,370.2999877929688,359.3500061035156,359.8699951171875,350.0214538574219,97701600.0
2021-09-29,361.1700134277344,363.3699951171875,358.6400146484375,359.2799987792969,349.4476318359375,58076600.0
2021-09-30,360.9700012207031,362.6799926757813,357.1000061035156,357.9599914550781,348.1636962890625,61384600.0
2021-10-01,358.6000061035156,361.25,354.3800048828125,360.17999267578125,350.3229675292969,56375500.0
2021-10-04,358.5199890136719,358.8599853515625,350.32000732421875,352.6199951171875,342.9698486328125,76766000.0
2021-10-05,353.7099914550781,359.69000244140625,353.4800109863281,357.3800048828125,347.5995178222656,47232900.0
2021-10-06,354.0799865722656,359.95001220703125,353.1499938964844,359.6700134277344,349.8269958496094,56806500.0
2021-10-07,362.7999877929688,365.6900024414063,362.25,362.9700012207031,353.0365600585937,39411200.0
2021-10-08,364.0799865722656,364.3200073242188,360.6099853515625,361.1600036621094,351.27618408203125,41822300.0
2021-10-11,359.5799865722656,363.2000122070313,358.29998779296875,358.3900146484375,348.5819396972656,34847200.0
2021-10-12,359.8800048828125,360.3299865722656,356.4800109863281,357.1400146484375,347.3661804199219,43905100.0
2021-10-13,359.510009765625,360.6900024414063,357.42999267578125,360.0,350.1478576660156,40120800.0
2021-10-14,363.6900024414063,366.8500061035156,363.010009765625,366.6300048828125,356.5964050292969,43433900.0
2021-10-15,367.8800048828125,369.05999755859375,366.8200073242188,368.9400024414063,358.8431701660156,40419900.0
2021-10-18,367.6099853515625,372.8699951171875,366.989990234375,372.6499938964844,362.4516906738281,34513500.0
2021-10-19,373.75,375.5199890136719,372.7000122070313,375.4700012207031,365.194580078125,29091000.0
2021-10-20,375.9400024414063,376.5700073242188,373.4599914550781,374.9800109863281,364.7178955078125,31390300.0
2021-10-21,374.1600036621094,377.4700012207031,373.8500061035156,377.2699890136719,366.9451904296875,25469300.0
2021-10-22,375.9800109863281,376.9700012207031,372.3900146484375,374.1000061035156,363.8619689941406,36275800.0
2021-10-25,375.55999755859375,378.8699951171875,373.55999755859375,377.9299926757813,367.5871276855469,32597800.0
2021-10-26,380.2300109863281,382.7099914550781,377.9100036621094,379.1199951171875,368.7445983886719,47191300.0
2021-10-27,379.5799865722656,383.1499938964844,379.30999755859375,380.0,369.60052490234375,45760500.0
2021-10-28,381.9500122070313,384.4800109863281,381.1600036621094,384.2200012207031,373.705078125,38007000.0
2021-10-29,381.05999755859375,386.2799987792969,380.7000122070313,386.1099853515625,375.5433654785156,37310100.0
2021-11-01,386.55999755859375,387.55999755859375,384.4200134277344,387.4299926757813,376.8271179199219,30765300.0
2021-11-02,386.7999877929688,389.5400085449219,386.75,389.0499877929688,378.4028015136719,25135300.0
2021-11-03,389.5499877929688,393.6099853515625,388.4800109863281,393.1799926757813,382.4198303222656,33748900.0
2021-11-04,394.4800109863281,399.2000122070313,393.9200134277344,398.2200012207031,387.3219299316406,40265300.0
2021-11-05,400.0400085449219,400.989990234375,397.1600036621094,398.6000061035156,387.6915588378906,43383800.0
2021-11-08,398.5700073242188,399.6199951171875,397.3999938964844,398.05999755859375,387.166259765625,29256300.0
2021-11-09,399.1600036621094,399.5700073242188,393.9200134277344,395.3200073242188,384.5011901855469,50490700.0
2021-11-10,392.4700012207031,395.3599853515625,387.5299987792969,389.510009765625,378.8503723144531,54937400.0
2021-11-11,392.5700073242188,392.75,390.239990234375,390.5899963378906,379.9007873535156,32243000.0
2021-11-12,391.7699890136719,395.25,390.1300048828125,394.7000122070313,383.8982543945313,34730600.0
2021-11-15,395.9100036621094,396.239990234375,392.1000061035156,394.6099853515625,383.8106384277344,33716900.0
2021-11-16,393.8599853515625,397.9299926757813,393.6600036621094,397.4200134277344,386.5438537597656,27872900.0
2021-11-17,397.75,399.7200012207031,396.6400146484375,397.6300048828125,386.7480163574219,28703300.0
2021-11-18,399.7300109863281,402.2699890136719,397.4500122070313,401.75,390.7552795410156,45721500.0
2021-11-19,403.4299926757813,405.2999877929688,402.5799865722656,403.989990234375,392.9339904785156,45191700.0
2021-11-22,405.5700073242188,408.7099914550781,399.1900024414063,399.2999877929688,388.3722839355469,61715400.0
2021-11-23,398.1099853515625,400.2300109863281,392.9200134277344,397.4800109863281,386.6021728515625,70098700.0
2021-11-24,394.9299926757813,399.0499877929688,392.5400085449219,398.760009765625,387.8470764160156,46954400.0
2021-11-26,396.1099853515625,397.5400085449219,389.7699890136719,391.2000122070313,380.4939880371094,51533300.0
2021-11-29,395.8900146484375,400.7300109863281,395.1400146484375,399.6900024414063,388.7516479492188,54447100.0
2021-11-30,398.7799987792969,401.1900024414063,391.75,393.8200073242188,383.0423278808594,81332700.0
2021-12-01,398.2799987792969,400.4800109863281,386.6400146484375,387.1199951171875,376.5256958007813,77766500.0
2021-12-02,385.7999877929688,391.739990234375,384.3399963378906,389.9100036621094,379.23931884765625,84416600.0
2021-12-03,391.30999755859375,392.3399963378906,378.8999938964844,383.1300048828125,372.6448669433594,105349100.0
2021-12-06,383.6300048828125,387.6000061035156,379.2999877929688,386.2000122070313,375.6308288574219,67588800.0
2021-12-07,393.0299987792969,398.4599914550781,392.989990234375,397.8299865722656,386.9425964355469,56005300.0
2021-12-08,398.1700134277344,399.8200073242188,396.2200012207031,399.6099853515625,388.67388916015625,39204000.0
2021-12-09,398.3500061035156,400.2000122070313,393.5299987792969,393.7300109863281,382.9548645019531,49973700.0
2021-12-10,396.6199951171875,398.2799987792969,393.3599853515625,398.010009765625,387.11767578125,52545800.0
2021-12-13,398.0,398.3299865722656,391.8800048828125,392.260009765625,381.5249938964844,50166400.0
2021-12-14,387.2999877929688,390.0899963378906,383.6300048828125,388.2000122070313,377.576171875,75199200.0
2021-12-15,387.9400024414063,397.4200134277344,383.8800048828125,397.0499877929688,386.1839294433594,73858000.0
2021-12-16,398.0400085449219,398.4800109863281,385.2099914550781,386.8399963378906,376.2533264160156,82591400.0
2021-12-17,383.3299865722656,389.1900024414063,381.7699890136719,384.9100036621094,374.3761901855469,80492500.0
2021-12-20,379.5700073242188,381.5,377.4700012207031,380.6900024414063,370.7445983886719,65336800.0
2021-12-21,384.0499877929688,389.5299987792969,380.2000122070313,389.2099914550781,379.04193115234375,48899500.0
2021-12-22,388.9100036621094,394.1600036621094,388.2300109863281,393.9500122070313,383.6581726074219,37042200.0
2021-12-23,394.30999755859375,398.4299926757813,394.1400146484375,396.9200134277344,386.5505981445313,29595500.0
2021-12-27,398.25,403.4800109863281,398.2200012207031,403.4800109863281,392.9391784667969,32820700.0
2021-12-28,404.3999938964844,404.5799865722656,400.7099914550781,401.6099853515625,391.1179809570313,33113700.0
2021-12-29,401.75,403.0499877929688,399.1099853515625,401.5499877929688,391.05963134765625,32248500.0
2021-12-30,401.3299865722656,403.5700073242188,399.75,400.3500061035156,389.8910217285156,23850100.0
2021-12-31,399.6600036621094,401.05999755859375,397.3399963378906,397.8500061035156,387.4562683105469,34752900.0
2022-01-03,399.0499877929688,401.9400024414063,396.8800048828125,401.6799926757813,391.186279296875,40575900.0
2022-01-04,402.239990234375,402.2799987792969,393.2900085449219,396.4700012207031,386.11236572265625,58027200.0
2022-01-05,394.739990234375,395.8900146484375,384.0299987792969,384.2900085449219,374.2505187988281,75739800.0
2022-01-06,382.4200134277344,387.3500061035156,380.1300048828125,384.0199890136719,373.9875793457031,70814300.0
2022-01-07,384.0299987792969,385.760009765625,378.0400085449219,379.8599853515625,369.936279296875,72652300.0
2022-01-10,374.8200073242188,380.6400146484375,369.30999755859375,380.1099853515625,370.1797180175781,91770500.0
2022-01-11,379.3599853515625,385.989990234375,377.2200012207031,385.8200073242188,375.7405395507813,68295700.0
2022-01-12,388.4599914550781,390.2000122070313,385.010009765625,387.3500061035156,377.2306213378906,54576400.0
2022-01-13,388.7699890136719,389.4700012207031,376.7000122070313,377.6600036621094,367.7937927246094,77994000.0
2022-01-14,375.0700073242188,380.3500061035156,374.8599853515625,380.010009765625,370.0823974609375,80121200.0
2022-01-18,374.0400085449219,376.2200012207031,369.7699890136719,370.5499877929688,360.8694763183594,75450900.0
2022-01-19,372.1499938964844,374.6900024414063,366.2099914550781,366.4800109863281,356.9057922363281,81791500.0
2022-01-20,369.7900085449219,373.8699951171875,361.1700134277344,361.7200012207031,352.27020263671875,88610700.0
2022-01-21,359.4700012207031,362.1799926757813,351.3999938964844,351.69000244140625,342.5022888183594,143388900.0
2022-01-24,345.9100036621094,353.9800109863281,334.1499938964844,353.29998779296875,344.07012939453125,198685800.0
2022-01-25,346.6700134277344,351.0299987792969,341.67999267578125,345.1099853515625,336.09405517578125,124398400.0
2022-01-26,352.9100036621094,356.8800048828125,340.7799987792969,344.57000732421875,335.5682373046875,146559500.0
2022-01-27,349.3999938964844,351.2699890136719,340.04998779296875,341.1000061035156,332.1888427734375,95255700.0
2022-01-28,343.0299987792969,352.0199890136719,337.95001220703125,351.79998779296875,342.6092834472656,108167900.0
2022-01-31,353.20001220703125,363.6499938964844,351.5199890136719,363.0499877929688,353.5654296875,94326400.0
2022-02-01,364.4299926757813,366.1900024414063,359.1400146484375,365.5199890136719,355.9708557128906,74433000.0
2022-02-02,369.760009765625,370.1000061035156,364.2900085449219,368.489990234375,358.8632507324219,78777100.0
2022-02-03,358.5299987792969,361.9299926757813,352.4599914550781,353.54998779296875,344.31353759765625,95384800.0
2022-02-04,354.0799865722656,361.3999938964844,351.9700012207031,358.010009765625,348.6571044921875,86318300.0
2022-02-07,358.6199951171875,361.0499877929688,353.8399963378906,355.1300048828125,345.8522644042969,58198100.0
2022-02-08,353.9599914550781,360.239990234375,352.79998779296875,359.1199951171875,349.738037109375,64720900.0
2022-02-09,363.760009765625,366.80999755859375,362.1199951171875,366.7300109863281,357.1493530273437,55766400.0
2022-02-10,359.5199890136719,366.489990234375,356.5400085449219,358.42999267578125,349.0660705566406,112468500.0
2022-02-11,358.42999267578125,360.07000732421875,345.79998779296875,347.0599975585937,337.9931945800781,101569100.0
2022-02-14,346.489990234375,350.9800109863281,343.8900146484375,347.489990234375,338.41192626953125,80254400.0
2022-02-15,352.9100036621094,356.3699951171875,351.82000732421875,356.1300048828125,346.8261108398437,55128800.0
2022-02-16,353.82000732421875,357.0899963378906,350.7099914550781,356.0400085449219,346.7386169433594,58947100.0
2022-02-17,352.739990234375,353.4599914550781,345.0199890136719,345.45001220703125,336.4251708984375,61801400.0
2022-02-18,346.4100036621094,346.8099975585937,339.1400146484375,341.510009765625,332.5881042480469,80001500.0
2022-02-22,338.489990234375,344.0400085449219,334.3500061035156,338.0799865722656,329.2477111816406,85967100.0
2022-02-23,341.32000732421875,342.17999267578125,329.1000061035156,329.4200134277344,320.8140563964844,86215400.0
2022-02-24,318.8399963378906,341.0400085449219,318.260009765625,340.489990234375,331.5947570800781,130614100.0
2022-02-25,341.3099975585937,345.9800109863281,337.3900146484375,345.7699890136719,336.7368469238281,78842100.0
2022-02-28,342.510009765625,348.5400085449219,341.32000732421875,346.79998779296875,337.73992919921875,77515500.0
2022-03-01,345.75,348.0799865722656,338.8999938964844,341.489990234375,332.5686340332031,67407000.0
2022-03-02,343.0799865722656,348.5899963378906,340.239990234375,347.2200012207031,338.1489562988281,70609000.0
2022-03-03,349.92999267578125,350.0400085449219,340.3500061035156,342.260009765625,333.3185729980469,71089400.0
2022-03-04,339.8399963378906,341.3099975585937,334.9200134277344,337.29998779296875,328.4880676269531,76936300.0
2022-03-07,337.2900085449219,338.4800109863281,324.6499938964844,324.8599853515625,316.3730773925781,89933800.0
2022-03-08,324.04998779296875,333.2099914550781,319.94000244140625,323.3500061035156,314.9024963378906,116153900.0
2022-03-09,331.75,336.3800048828125,329.0899963378906,334.989990234375,326.238525390625,64723400.0
2022-03-10,330.82000732421875,332.510009765625,326.7099914550781,331.2699890136719,322.6156311035156,69362700.0
2022-03-11,334.32000732421875,334.6400146484375,323.8999938964844,324.3999938964844,315.9252014160156,66228400.0
2022-03-14,323.1300048828125,326.5899963378906,317.45001220703125,318.1700134277344,309.8578796386719,79802600.0
2022-03-15,320.8800048828125,328.95001220703125,319.2300109863281,328.1499938964844,319.57720947265625,76471000.0
2022-03-16,332.1700134277344,340.44000244140625,328.3999938964844,340.32000732421875,331.4292297363281,105243000.0
2022-03-17,338.3699951171875,344.5,337.0400085449219,344.44000244140625,335.44158935546875,67810000.0
2022-03-18,342.739990234375,351.7900085449219,341.54998779296875,351.489990234375,342.307373046875,85446300.0
2022-03-21,350.20001220703125,352.4800109863281,345.5799865722656,350.0799865722656,341.3557434082031,73799100.0
2022-03-22,350.5899963378906,357.8500061035156,350.20001220703125,356.9599914550781,348.06427001953125,63345900.0
2022-03-23,354.010009765625,357.6600036621094,351.7699890136719,351.8299865722656,343.0621032714844,70615500.0
2022-03-24,353.79998779296875,359.70001220703125,351.5899963378906,359.6499938964844,350.687255859375,53555300.0
2022-03-25,359.5899963378906,360.6700134277344,354.94000244140625,359.3500061035156,350.39471435546875,57584200.0
2022-03-28,359.3399963378906,365.010009765625,358.07000732421875,364.9100036621094,355.8161926269531,56833900.0
2022-03-29,368.8999938964844,371.8299865722656,366.05999755859375,371.1900024414063,361.9396667480469,68073000.0
2022-03-30,369.2799987792969,370.9800109863281,365.5700073242188,367.0899963378906,357.9418640136719,68757700.0
2022-03-31,367.239990234375,367.6000061035156,361.6799926757813,362.5400085449219,353.5052490234375,67011400.0
2022-04-01,362.80999755859375,363.6099853515625,358.5899963378906,361.8500061035156,352.8324279785156,54527800.0
2022-04-04,362.7099914550781,369.30999755859375,362.4400024414063,369.2999877929688,360.0967102050781,45950200.0
2022-04-05,367.80999755859375,368.5400085449219,359.92999267578125,361.1000061035156,352.10113525390625,62738700.0
2022-04-06,355.6499938964844,356.7799987792969,350.5599975585937,353.260009765625,344.4565124511719,90077100.0
2022-04-07,352.239990234375,356.3500061035156,348.69000244140625,354.1000061035156,345.2755126953125,63777400.0
2022-04-08,352.32000732421875,353.0899963378906,348.5,349.1499938964844,340.4489440917969,61956100.0
2022-04-11,344.8099975585937,345.75,340.5400085449219,340.8900146484375,332.3948059082031,66107400.0
2022-04-12,345.760009765625,347.69000244140625,338.0400085449219,339.45001220703125,330.9905700683594,72790200.0
2022-04-13,339.79998779296875,347.42999267578125,339.0599975585937,346.3500061035156,337.7186889648437,61367800.0
2022-04-14,346.44000244140625,346.9700012207031,338.2099914550781,338.42999267578125,329.9960021972656,73519400.0
2022-04-18,337.3500061035156,341.0400085449219,335.7900085449219,338.69000244140625,330.24957275390625,58560600.0
2022-04-19,338.0299987792969,346.8500061035156,336.9800109863281,346.260009765625,337.6309509277344,56515700.0
2022-04-20,347.0899963378906,347.5599975585937,339.9599914550781,341.2099914550781,332.706787109375,65500000.0
2022-04-21,345.19000244140625,347.8699951171875,333.20001220703125,334.1499938964844,325.8227233886719,75801000.0
2022-04-22,334.3099975585937,335.5599975585937,324.9599914550781,325.3999938964844,317.29083251953125,82562100.0
2022-04-25,323.7300109863281,329.8999938964844,322.42999267578125,329.5799865722656,321.3666076660156,101755900.0
2022-04-26,327.4700012207031,327.6600036621094,316.8599853515625,317.1400146484375,309.2366638183594,105819600.0
2022-04-27,317.239990234375,322.8800048828125,315.0,316.760009765625,308.8661499023437,111204200.0
2022-04-28,321.8500061035156,329.8900146484375,317.5199890136719,328.010009765625,319.8357238769531,99450000.0
2022-04-29,323.70001220703125,327.2300109863281,312.6000061035156,313.25,305.4435119628906,91977900.0
2022-05-02,312.8299865722656,318.7200012207031,309.6499938964844,318.4800109863281,310.543212890625,115511800.0
2022-05-03,318.5,321.1700134277344,315.9800109863281,318.82000732421875,310.87469482421875,78185500.0
2022-05-04,319.3099975585937,330.2900085449219,313.8900146484375,329.6000061035156,321.3861389160156,116083400.0
2022-05-05,325.1700134277344,325.25,309.6199951171875,313.0,305.1997985839844,154607400.0
2022-05-06,310.95001220703125,315.0899963378906,305.1099853515625,309.25,301.5432434082031,139572800.0
2022-05-09,303.4800109863281,309.3500061035156,295.7200012207031,297.1499938964844,289.7447814941406,113387300.0
2022-05-10,304.510009765625,305.760009765625,296.57000732421875,300.760009765625,293.26483154296875,124124600.0
2022-05-11,298.44000244140625,304.0899963378906,290.95001220703125,291.8399963378906,284.5671081542969,140326100.0
2022-05-12,287.45001220703125,295.75,284.94000244140625,291.1499938964844,283.8943176269531,120910900.0
2022-05-13,295.7200012207031,303.0,294.0799865722656,301.94000244140625,294.4153747558594,83684900.0
2022-05-16,300.1499938964844,302.260009765625,297.1300048828125,298.44000244140625,291.0026550292969,59190400.0
2022-05-17,304.45001220703125,306.5599975585937,300.54998779296875,306.1700134277344,298.5400085449219,62715300.0
2022-05-18,301.5400085449219,302.25,289.8500061035156,291.1400146484375,283.88458251953125,79477100.0
2022-05-19,289.2900085449219,294.3900146484375,287.5799865722656,289.5799865722656,282.36346435546875,79920700.0
2022-05-20,293.1300048828125,293.79998779296875,280.2099914550781,288.67999267578125,281.4858703613281,91764200.0
2022-05-23,289.75,293.8699951171875,287.2900085449219,293.4800109863281,286.166259765625,63648400.0
2022-05-24,288.1300048828125,288.8599853515625,282.25,287.239990234375,280.0818176269531,73491100.0
2022-05-25,285.7099914550781,293.3900146484375,285.5,291.260009765625,284.0015869140625,67144500.0
2022-05-26,290.44000244140625,300.9200134277344,290.1499938964844,299.3299865722656,291.8704833984375,59462200.0
2022-05-27,302.5400085449219,309.25,302.4200134277344,309.1000061035156,301.3970642089844,66985600.0
2022-05-31,309.07000732421875,311.3299865722656,304.3299865722656,308.2799987792969,300.5974426269531,60968300.0
2022-06-01,310.4700012207031,312.6499938964844,303.7300109863281,306.0,298.374267578125,65341700.0
2022-06-02,304.8500061035156,314.5599975585937,303.3999938964844,314.3800048828125,306.54541015625,59291300.0
2022-06-03,309.0299987792969,310.4700012207031,304.9200134277344,306.20001220703125,298.5693054199219,60914700.0
2022-06-06,310.75,312.3500061035156,305.6199951171875,307.2200012207031,299.5639038085937,51785000.0
2022-06-07,303.8099975585937,310.6700134277344,302.69000244140625,309.8699951171875,302.1477966308594,44900300.0
2022-06-08,309.04998779296875,311.7200012207031,306.7699890136719,307.6400146484375,299.973388671875,38342100.0
2022-06-09,305.9100036621094,309.04998779296875,299.2300109863281,299.3999938964844,291.9386901855469,55900500.0
2022-06-10,293.6499938964844,294.8699951171875,288.3800048828125,288.8399963378906,281.6418762207031,85963500.0
2022-06-13,279.75,282.3399963378906,274.5299987792969,275.4100036621094,268.54656982421875,94442000.0
2022-06-14,277.6600036621094,278.6600036621094,273.3399963378906,275.9100036621094,269.0341186523437,64697500.0
2022-06-15,279.4200134277344,286.8299865722656,276.6099853515625,282.79998779296875,275.7523498535156,86051400.0
2022-06-16,275.5899963378906,276.0599975585937,269.2799987792969,271.3900146484375,264.6267395019531,81910300.0
2022-06-17,272.17999267578125,277.19000244140625,270.510009765625,274.69000244140625,267.8445129394531,82703400.0
2022-06-21,278.75,283.45001220703125,278.6400146484375,281.0799865722656,274.60211181640625,51633700.0
2022-06-22,278.5199890136719,285.17999267578125,277.9100036621094,280.6700134277344,274.2015686035156,67472900.0
2022-06-23,283.2099914550781,285.7200012207031,280.3099975585937,284.8500061035156,278.28521728515625,57457800.0
2022-06-24,287.739990234375,295.0400085449219,287.5,294.6099853515625,287.8203125,58422300.0
2022-06-27,296.0,296.5799865722656,291.2900085449219,292.45001220703125,285.7100830078125,54151500.0
2022-06-28,293.0,295.6499938964844,283.3500061035156,283.5400085449219,277.00543212890625,61609800.0
2022-06-29,283.3999938964844,285.3399963378906,280.8399963378906,283.79998779296875,277.25946044921875,57302700.0
2022-06-30,280.75,283.94000244140625,275.7799987792969,280.2799987792969,273.82049560546875,79313600.0
2022-07-01,278.95001220703125,282.5299987792969,277.0299987792969,282.1300048828125,275.6279296875,56675100.0
2022-07-05,278.3099975585937,287.0799865722656,276.75,286.9599914550781,280.3465576171875,61829300.0
2022-07-06,287.3500061035156,290.95001220703125,285.5899963378906,288.79998779296875,282.14422607421875,63194700.0
2022-07-07,289.6300048828125,295.70001220703125,289.6300048828125,294.9800109863281,288.1817932128906,56620100.0
2022-07-08,292.0799865722656,296.75,291.1199951171875,295.3500061035156,288.54327392578125,59895500.0
2022-07-11,292.8800048828125,293.1099853515625,288.1400146484375,289.0400085449219,282.3786926269531,55273900.0
2022-07-12,290.32000732421875,292.2799987792969,284.6099853515625,286.239990234375,279.6431884765625,55797100.0
2022-07-13,280.6000061035156,288.04998779296875,280.0199890136719,285.6499938964844,279.0667724609375,73939400.0
2022-07-14,282.989990234375,287.5599975585937,279.79998779296875,286.6700134277344,280.0633544921875,63741800.0
2022-07-15,289.7300109863281,291.9800109863281,288.0799865722656,291.8699951171875,285.1434020996094,63818100.0
2022-07-18,294.7200012207031,296.1600036621094,288.20001220703125,289.3999938964844,282.7303771972656,59519600.0
2022-07-19,293.1099853515625,298.6000061035156,291.4700012207031,298.29998779296875,291.4252014160156,55172600.0
2022-07-20,298.7300109863281,304.239990234375,297.92999267578125,303.0299987792969,296.0462646484375,67769400.0
2022-07-21,303.5,307.44000244140625,300.7799987792969,307.3800048828125,300.2960205078125,55049400.0
2022-07-22,306.42999267578125,308.54998779296875,300.1199951171875,301.989990234375,295.0302429199219,57127700.0
2022-07-25,302.0199890136719,302.5,298.2200012207031,300.2699890136719,293.34979248046875,40582400.0
2022-07-26,298.5299987792969,298.7900085449219,293.5400085449219,294.3699951171875,287.5858459472656,50074100.0
2022-07-27,299.0400085449219,308.5400085449219,298.4599914550781,306.8099975585937,299.7391052246094,69304400.0
2022-07-28,306.5899963378906,310.3999938964844,302.75,309.8099975585937,302.6698913574219,55139900.0
2022-07-29,311.3900146484375,316.3900146484375,309.92999267578125,315.4599914550781,308.1898193359375,57501000.0
2022-08-01,313.6499938964844,318.8099975585937,312.5299987792969,315.2699890136719,308.004150390625,46358800.0
2022-08-02,312.9200134277344,318.54998779296875,311.8399963378906,314.3299865722656,307.08575439453125,48676500.0
2022-08-03,316.04998779296875,323.7300109863281,315.989990234375,322.8900146484375,315.44854736328125,53735700.0
2022-08-04,322.9700012207031,324.7200012207031,320.7699890136719,324.3999938964844,316.9237670898437,38973700.0
2022-08-05,319.19000244140625,323.8299865722656,318.3900146484375,321.75,314.3348388671875,53894000.0
2022-08-08,322.69000244140625,326.4700012207031,319.2099914550781,320.7099914550781,313.3187866210937,43878500.0
2022-08-09,318.7699890136719,319.0299987792969,315.4200134277344,317.0799865722656,309.7724304199219,39764200.0
2022-08-10,324.5899963378906,326.2300109863281,322.0599975585937,325.92999267578125,318.4185485839844,51459600.0
2022-08-11,328.3099975585937,330.3599853515625,323.3599853515625,324.0799865722656,316.61114501953125,45897700.0
2022-08-12,326.17999267578125,330.5899963378906,325.1000061035156,330.3900146484375,322.77569580078125,40928400.0
2022-08-15,329.4200134277344,333.57000732421875,329.3999938964844,333.0599975585937,325.3841552734375,38266600.0
2022-08-16,332.0599975585937,334.4200134277344,329.1600036621094,332.2799987792969,324.6221618652344,41186900.0
2022-08-17,329.07000732421875,331.42999267578125,326.3599853515625,328.489990234375,320.9194641113281,47842200.0
2022-08-18,328.44000244140625,330.489990234375,326.7900085449219,329.2799987792969,321.6911926269531,41937200.0
2022-08-19,326.1700134277344,326.8399963378906,322.0799865722656,322.8599853515625,315.4192199707031,51770600.0
2022-08-22,318.5,318.739990234375,313.5299987792969,314.3599853515625,307.1151428222656,51098900.0
2022-08-23,314.1199951171875,317.0,313.3299865722656,314.1000061035156,306.8611145019531,39497100.0
2022-08-24,313.6099853515625,316.8699951171875,312.989990234375,315.010009765625,307.7501525878906,38057100.0
2022-08-25,316.8299865722656,320.6000061035156,315.760009765625,320.5799865722656,313.1917419433594,38098300.0
2022-08-26,320.2799987792969,321.510009765625,307.3500061035156,307.44000244140625,300.3546142578125,69047700.0
2022-08-29,304.6199951171875,307.2200012207031,303.2799987792969,304.4100036621094,297.3944702148437,48321900.0
2022-08-30,306.1000061035156,306.7300109863281,298.44000244140625,301.0199890136719,294.0825500488281,51184500.0
2022-08-31,303.989990234375,304.9100036621094,299.1600036621094,299.2699890136719,292.37286376953125,50044000.0
2022-09-01,296.7200012207031,299.7799987792969,292.95001220703125,299.3999938964844,292.4999084472656,57990700.0
2022-09-02,302.3399963378906,303.75,293.5199890136719,295.1700134277344,288.3674621582031,64666800.0
2022-09-06,295.6600036621094,296.6000061035156,290.8699951171875,293.04998779296875,286.2962646484375,57005400.0
2022-09-07,293.5400085449219,299.989990234375,293.2699890136719,298.9700012207031,292.0798034667969,49260400.0
2022-09-08,296.8500061035156,301.8699951171875,295.45001220703125,300.5199890136719,293.593994140625,55649800.0
2022-09-09,302.8299865722656,307.6000061035156,300.5199890136719,307.0899963378906,300.0127258300781,56125200.0
2022-09-12,308.5,311.0799865722656,308.17999267578125,310.739990234375,303.5785827636719,45905700.0
2022-09-13,301.79998779296875,303.0199890136719,292.7900085449219,293.70001220703125,286.93121337890625,79562200.0
2022-09-14,294.8699951171875,296.92999267578125,293.0599975585937,296.0299987792969,289.2075500488281,54907200.0
2022-09-15,294.07000732421875,296.5299987792969,289.4599914550781,291.1000061035156,284.3911437988281,65299400.0
2022-09-16,287.7200012207031,289.7200012207031,285.6199951171875,289.32000732421875,282.6522216796875,79920400.0
2022-09-19,286.1000061035156,291.2099914550781,286.0400085449219,291.04998779296875,284.8533020019531,52613800.0
2022-09-20,288.489990234375,291.07000732421875,286.3800048828125,288.7300109863281,282.5827331542969,51271100.0
2022-09-21,289.5899963378906,293.95001220703125,283.4200134277344,283.5599975585937,277.5227355957031,82931000.0
2022-09-22,282.0,283.0299987792969,278.82000732421875,280.07000732421875,274.10711669921875,62757100.0
2022-09-23,277.54998779296875,277.8500061035156,272.0199890136719,275.510009765625,269.6441955566406,74815200.0
2022-09-26,275.0299987792969,279.489990234375,273.5599975585937,274.3699951171875,268.5284423828125,71176700.0
2022-09-27,277.8099975585937,280.2099914550781,272.1099853515625,274.4800109863281,268.6361083984375,69780100.0
2022-09-28,274.4599914550781,281.25,272.95001220703125,279.94000244140625,273.9798278808594,79652100.0
2022-09-29,275.8599853515625,276.25,268.8399963378906,271.8699951171875,266.08172607421875,81216000.0
2022-09-30,271.0299987792969,275.19000244140625,267.1000061035156,267.260009765625,261.5698547363281,78482400.0
2022-10-03,269.07000732421875,275.1600036621094,267.5299987792969,273.5299987792969,267.7063903808594,61267400.0
2022-10-04,278.989990234375,282.8500061035156,278.989990234375,282.1300048828125,276.1232604980469,66696900.0
2022-10-05,278.2799987792969,283.8099975585937,275.4200134277344,281.9800109863281,275.9764709472656,55766300.0
2022-10-06,280.9599914550781,284.17999267578125,279.42999267578125,279.760009765625,273.8036804199219,53489400.0
2022-10-07,275.0199890136719,275.1499938964844,267.739990234375,269.1000061035156,263.37066650390625,71354700.0
2022-10-10,269.29998779296875,269.70001220703125,263.6400146484375,266.4100036621094,260.7379150390625,60393000.0
2022-10-11,264.70001220703125,267.6300048828125,261.0299987792969,262.75,257.15576171875,66522500.0
2022-10-12,263.3999938964844,265.3599853515625,261.95001220703125,262.6600036621094,257.0677490234375,50580200.0
2022-10-13,255.1600036621093,270.1700134277344,254.259994506836,268.82000732421875,263.0966491699219,112894100.0
2022-10-14,271.20001220703125,271.8099975585937,260.1400146484375,260.739990234375,255.18862915039065,77244300.0
2022-10-17,266.8399963378906,270.239990234375,266.739990234375,269.3500061035156,263.6153869628906,64576500.0
2022-10-18,276.5299987792969,277.2099914550781,268.739990234375,271.4800109863281,265.7000427246094,69781000.0
2022-10-19,269.92999267578125,273.67999267578125,268.07000732421875,270.489990234375,264.7310791015625,53115400.0
2022-10-20,269.5799865722656,274.8399963378906,267.9200134277344,269.1099853515625,263.3804016113281,60605500.0
2022-10-21,267.9800109863281,275.9700012207031,266.82000732421875,275.4200134277344,269.5560913085937,77897700.0
2022-10-24,275.69000244140625,279.3999938964844,271.9700012207031,278.45001220703125,272.5216064453125,63963600.0
2022-10-25,279.4100036621094,284.6000061035156,277.8999938964844,284.2099914550781,278.15899658203125,59014500.0
2022-10-26,278.4599914550781,283.9800109863281,277.42999267578125,277.92999267578125,272.0126342773437,63492400.0
2022-10-27,276.7900085449219,278.2799987792969,272.3399963378906,272.8699951171875,267.0603942871094,57760300.0
2022-10-28,272.2300109863281,281.70001220703125,272.0599975585937,281.2200012207031,275.23260498046875,62651300.0
2022-10-31,278.9200134277344,279.760009765625,275.989990234375,277.95001220703125,272.0322265625,47742000.0
2022-11-01,281.5,282.07000732421875,274.739990234375,275.1099853515625,269.2526550292969,45895900.0
2022-11-02,275.0799865722656,278.2099914550781,265.6099853515625,265.67999267578125,260.0235290527344,79803100.0
2022-11-03,263.010009765625,264.5,260.1000061035156,260.489990234375,254.9439849853516,70038900.0
2022-11-04,265.5299987792969,266.6099853515625,259.0799865722656,264.67999267578125,259.04473876953125,78313200.0
2022-11-07,265.75,268.1400146484375,263.57000732421875,267.5899963378906,261.8927917480469,47333800.0
2022-11-08,269.1400146484375,272.8500061035156,265.5199890136719,269.5400085449219,263.80133056640625,63213800.0
2022-11-09,267.760009765625,268.5599975585937,263.0299987792969,263.32000732421875,257.7137451171875,64862100.0
2022-11-10,276.010009765625,283.04998779296875,273.8500061035156,282.75,276.7300720214844,99256700.0
2022-11-11,282.5599975585937,288.6400146484375,281.19000244140625,287.9599914550781,281.8291320800781,66961800.0
2022-11-14,285.8599853515625,289.2099914550781,284.44000244140625,285.44000244140625,279.3628234863281,55290700.0
2022-11-15,292.2099914550781,293.260009765625,285.9700012207031,289.3900146484375,283.2286682128906,73985400.0
2022-11-16,287.3900146484375,289.4800109863281,284.6000061035156,285.44000244140625,279.3628234863281,48859800.0
2022-11-17,280.8800048828125,286.32000732421875,280.7200012207031,284.8099975585937,278.74615478515625,55462100.0
2022-11-18,287.8900146484375,287.989990234375,282.32000732421875,284.82000732421875,278.7559814453125,53588600.0
2022-11-21,283.3999938964844,284.5799865722656,281.0400085449219,281.8900146484375,275.8883361816406,40083500.0
2022-11-22,282.6400146484375,286.1099853515625,280.4599914550781,285.95001220703125,279.8619384765625,41873400.0
2022-11-23,285.9700012207031,289.4599914550781,285.7900085449219,288.82000732421875,282.6708068847656,46390000.0
2022-11-25,287.19000244140625,287.9100036621094,286.4200134277344,286.9200134277344,280.811279296875,15498800.0
2022-11-28,284.8999938964844,286.9599914550781,281.760009765625,282.7099914550781,276.6908874511719,38714200.0
2022-11-29,282.94000244140625,283.3500061035156,279.1700134277344,280.57000732421875,274.59649658203125,35618900.0
2022-11-30,280.8399963378906,293.4700012207031,279.9700012207031,293.3599853515625,287.1141662597656,74718100.0
2022-12-01,293.69000244140625,295.75,290.8800048828125,293.7200012207031,287.4665222167969,51547300.0
2022-12-02,288.5400085449219,293.45001220703125,288.3599853515625,292.54998779296875,286.3214111328125,53583200.0
2022-12-05,290.3800048828125,291.67999267578125,286.1499938964844,287.6400146484375,281.5159606933594,41482100.0
2022-12-06,287.4800109863281,287.6199951171875,280.260009765625,281.67999267578125,275.6828308105469,53937600.0
2022-12-07,280.4700012207031,282.57000732421875,278.7799987792969,280.5299987792969,274.5572814941406,45614300.0
2022-12-08,281.9100036621094,284.8399963378906,279.7900085449219,283.8500061035156,277.806640625,42594900.0
2022-12-09,282.8099975585937,285.6400146484375,281.5899963378906,282.0400085449219,276.03521728515625,47860500.0
2022-12-12,282.2200012207031,285.6400146484375,281.1600036621094,285.5799865722656,279.4997253417969,35732500.0
2022-12-13,296.6499938964844,296.8800048828125,285.9100036621094,288.6499938964844,282.5044250488281,80667700.0
2022-12-14,288.04998779296875,291.4100036621094,283.19000244140625,286.510009765625,280.4100341796875,64984400.0
2022-12-15,282.3299865722656,283.010009765625,275.6700134277344,276.8900146484375,270.9947814941406,60554100.0
2022-12-16,276.20001220703125,277.7699890136719,272.6099853515625,274.25,268.4110107421875,68300400.0
2022-12-19,273.8699951171875,273.9599914550781,268.489990234375,269.75,264.638916015625,44167900.0
2022-12-20,268.5599975585937,271.32000732421875,266.95001220703125,269.5400085449219,264.4328918457031,51064200.0
2022-12-21,270.6000061035156,274.7799987792969,269.739990234375,273.45001220703125,268.2687683105469,46394700.0
2022-12-22,270.3800048828125,270.510009765625,262.4599914550781,266.760009765625,261.7055053710937,60278400.0
2022-12-23,265.4700012207031,268.0400085449219,263.5299987792969,267.3599853515625,262.29412841796875,39373600.0
2022-12-27,266.739990234375,266.8500061035156,263.0299987792969,263.5799865722656,258.5857238769531,38009000.0
2022-12-28,263.1700134277344,265.4700012207031,259.7300109863281,260.1000061035156,255.1717834472656,47139000.0
2022-12-29,262.9599914550781,267.3999938964844,262.25,266.44000244140625,261.3915710449219,45893600.0
2022-12-30,263.6199951171875,266.4100036621094,262.2900085449219,266.2799987792969,261.2345886230469,37858300.0
2023-01-03,268.6499938964844,270.1499938964844,262.1300048828125,264.4800109863281,259.46875,42335300.0
2023-01-04,266.6400146484375,267.45001220703125,262.5299987792969,265.739990234375,260.70489501953125,47754900.0
2023-01-05,264.0400085449219,264.2099914550781,261.260009765625,261.5799865722656,256.62371826171875,45396700.0
2023-01-06,263.3500061035156,269.94000244140625,260.3399963378906,268.79998779296875,263.70684814453125,54659700.0
2023-01-09,270.8299865722656,275.2900085449219,269.9200134277344,270.5400085449219,265.4139099121094,45568700.0
2023-01-10,269.489990234375,272.94000244140625,268.9700012207031,272.8299865722656,267.6604919433594,35247800.0
2023-01-11,273.9200134277344,277.6600036621094,273.1199951171875,277.54998779296875,272.2911376953125,44077000.0
2023-01-12,278.1199951171875,280.1000061035156,273.739990234375,279.04998779296875,273.7626342773437,60600000.0
2023-01-13,276.5,281.2200012207031,276.1600036621094,280.9700012207031,275.64630126953125,44802900.0
2023-01-17,280.7699890136719,282.8500061035156,279.5799865722656,281.5400085449219,276.2054138183594,36269700.0
2023-01-18,283.1099853515625,284.69000244140625,277.6700134277344,277.8800048828125,272.61474609375,47754500.0
2023-01-19,276.2200012207031,277.3800048828125,273.8900146484375,275.1499938964844,269.9365234375,44150400.0
2023-01-20,276.7900085449219,283.0199890136719,275.7099914550781,282.67999267578125,277.3238220214844,60613600.0
2023-01-23,283.5400085449219,290.2099914550781,282.7300109863281,288.9599914550781,283.48486328125,52799900.0
2023-01-24,287.3099975585937,289.54998779296875,286.7799987792969,288.3699951171875,282.90606689453125,44875100.0
2023-01-25,283.7699890136719,288.3599853515625,281.17999267578125,287.7300109863281,282.2782592773437,50872000.0
2023-01-26,291.2200012207031,293.5199890136719,288.5199890136719,293.3399963378906,287.7818908691406,51596300.0
2023-01-27,292.0,298.260009765625,291.8800048828125,296.260009765625,290.64654541015625,56441900.0
2023-01-30,292.92999267578125,294.3800048828125,289.8900146484375,290.2699890136719,284.77008056640625,49405800.0
2023-01-31,290.3099975585937,294.7200012207031,290.20001220703125,294.6199951171875,289.0376281738281,46705100.0
2023-02-01,294.4100036621094,303.42999267578125,292.29998779296875,300.9200134277344,295.21826171875,67562200.0
2023-02-02,307.57000732421875,313.67999267578125,306.7300109863281,311.7200012207031,305.8135986328125,83070600.0
2023-02-03,304.94000244140625,312.3900146484375,304.5400085449219,306.17999267578125,300.3786315917969,76170800.0
2023-02-06,303.510009765625,305.9100036621094,302.2200012207031,303.5899963378906,297.8376770019531,40802300.0
2023-02-07,303.4599914550781,311.0299987792969,302.32000732421875,309.8800048828125,304.0085144042969,67584000.0
2023-02-08,308.5400085449219,309.5,303.6700134277344,304.3699951171875,298.6029052734375,56720900.0
2023-02-09,308.8399963378906,308.989990234375,300.20001220703125,301.67999267578125,295.9638366699219,49137800.0
2023-02-10,299.4800109863281,301.57000732421875,297.25,299.70001220703125,294.0214233398437,50050100.0
2023-02-13,301.1300048828125,305.1000061035156,299.92999267578125,304.5,298.7304077148437,39636700.0
2023-02-14,302.8900146484375,307.7200012207031,300.9100036621094,306.75,300.937744140625,64079100.0
2023-02-15,304.8999938964844,309.2699890136719,304.20001220703125,309.1000061035156,303.2433166503906,43100600.0
2023-02-16,304.3800048828125,308.42999267578125,303.1499938964844,303.29998779296875,297.5531311035156,59498600.0
2023-02-17,301.07000732421875,301.92999267578125,298.1000061035156,301.1600036621094,295.4537353515625,58230700.0
2023-02-21,297.260009765625,298.7300109863281,293.8900146484375,294.0299987792969,288.4587707519531,46526700.0
2023-02-22,294.6199951171875,296.3599853515625,292.5599975585937,294.25,288.6746826171875,51389200.0
2023-02-23,297.9700012207031,298.1300048828125,292.54998779296875,296.82000732421875,291.19598388671875,69294400.0
2023-02-24,291.760009765625,292.9700012207031,290.04998779296875,291.8500061035156,286.3201599121094,74332000.0
2023-02-27,295.07000732421875,296.489990234375,293.3399963378906,293.94000244140625,288.3705749511719,48995000.0
2023-02-28,293.29998779296875,296.1199951171875,292.9599914550781,293.5599975585937,287.9977111816406,48243100.0
2023-03-01,293.260009765625,293.92999267578125,290.20001220703125,291.20001220703125,285.6825256347656,58287000.0
2023-03-02,288.6600036621094,294.42999267578125,288.3699951171875,293.6099853515625,288.0468444824219,53565900.0
2023-03-03,295.3900146484375,299.9200134277344,294.8699951171875,299.67999267578125,294.00177001953125,60511500.0
2023-03-06,300.94000244140625,304.0,299.82000732421875,300.0199890136719,294.3352966308594,56736300.0
2023-03-07,300.07000732421875,301.010009765625,295.7200012207031,296.3399963378906,290.7250366210937,65955800.0
2023-03-08,296.7699890136719,298.42999267578125,294.8800048828125,297.82000732421875,292.177001953125,50876300.0
2023-03-09,298.3299865722656,300.9800109863281,291.8299865722656,292.6600036621094,287.11480712890625,71456700.0
2023-03-10,292.8299865722656,294.3500061035156,287.3800048828125,288.54998779296875,283.0826416015625,98593600.0
2023-03-13,286.7300109863281,294.4700012207031,285.19000244140625,290.69000244140625,285.1820983886719,97123600.0
2023-03-14,294.3099975585937,297.92999267578125,293.45001220703125,297.3699951171875,291.7355041503906,73602500.0
2023-03-15,294.7099914550781,299.2699890136719,293.239990234375,298.92999267578125,293.2659912109375,83631500.0
2023-03-16,298.0,307.17999267578125,297.19000244140625,306.8099975585937,300.9967041015625,98198100.0
2023-03-17,306.7200012207031,309.1499938964844,303.3699951171875,305.3599853515625,299.5740661621094,89923700.0
2023-03-20,304.260009765625,306.29998779296875,302.010009765625,305.9700012207031,300.6372985839844,56359500.0
2023-03-21,307.94000244140625,310.79998779296875,306.3999938964844,310.3399963378906,304.93115234375,49757000.0
2023-03-22,310.2699890136719,315.25,305.95001220703125,306.1199951171875,300.7846374511719,75791900.0
2023-03-23,309.9200134277344,314.1499938964844,307.010009765625,309.75,304.3514709472656,74576000.0
2023-03-24,309.32000732421875,310.989990234375,306.95001220703125,310.8900146484375,305.4715270996094,57195200.0
2023-03-27,311.6000061035156,312.70001220703125,307.8900146484375,308.760009765625,303.378662109375,50287400.0
2023-03-28,308.1700134277344,308.20001220703125,304.7699890136719,307.1199951171875,301.76727294921875,48585900.0
2023-03-29,310.8800048828125,313.3500061035156,310.04998779296875,312.7200012207031,307.2696838378906,53274300.0
2023-03-30,315.239990234375,316.32000732421875,312.8099975585937,315.67999267578125,310.17803955078125,58354800.0
2023-03-31,315.9100036621094,321.1700134277344,315.6000061035156,320.92999267578125,315.3365783691406,62138100.0
2023-04-03,318.7699890136719,320.4200134277344,317.4200134277344,320.1499938964844,314.5700988769531,47126800.0
2023-04-04,320.6000061035156,321.6300048828125,317.8299865722656,319.07000732421875,313.509033203125,45875400.0
2023-04-05,318.1000061035156,319.0599975585937,314.07000732421875,315.9200134277344,310.413818359375,62795700.0
2023-04-06,314.239990234375,318.54998779296875,312.82000732421875,318.04998779296875,312.5067138671875,46916500.0
2023-04-10,315.07000732421875,317.9200134277344,313.25,317.8699951171875,312.32989501953125,45134700.0
2023-04-11,317.8299865722656,317.8900146484375,315.3099975585937,315.8299865722656,310.3254699707031,40113600.0
2023-04-12,317.82000732421875,318.4200134277344,312.57000732421875,313.0400085449219,307.5841064453125,62813300.0
2023-04-13,314.8299865722656,319.6499938964844,313.6300048828125,319.1700134277344,313.6072692871094,54613800.0
2023-04-14,317.5899963378906,320.3599853515625,315.6099853515625,318.57000732421875,313.01776123046875,56278300.0
2023-04-17,318.1499938964844,319.20001220703125,316.0400085449219,318.8399963378906,313.2830505371094,43007000.0
2023-04-18,320.989990234375,321.4200134277344,317.6400146484375,318.8599853515625,313.3026428222656,46746900.0
2023-04-19,316.4100036621094,319.7900085449219,316.2799987792969,318.7099914550781,313.1552429199219,38960100.0
2023-04-20,315.69000244140625,319.2699890136719,314.9700012207031,316.2799987792969,310.7676086425781,62462100.0
2023-04-21,315.9100036621094,317.3999938964844,314.1000061035156,316.6099853515625,311.091796875,59002300.0
2023-04-24,316.3800048828125,317.739990234375,313.739990234375,315.95001220703125,310.4433898925781,44043100.0
2023-04-25,314.2900085449219,314.9700012207031,309.8900146484375,309.989990234375,304.58721923828125,57121600.0
2023-04-26,313.44000244140625,314.94000244140625,311.3399963378906,311.8699951171875,306.4344482421875,55400500.0
2023-04-27,315.70001220703125,320.8599853515625,315.04998779296875,320.3500061035156,314.7666931152344,65430400.0
2023-04-28,320.1099853515625,322.6499938964844,318.9599914550781,322.5599975585937,316.9381408691406,59712600.0
2023-05-01,322.0899963378906,323.6300048828125,321.0899963378906,322.19000244140625,316.5745849609375,41013400.0
2023-05-02,322.1199951171875,322.45001220703125,317.6099853515625,319.3800048828125,313.8135986328125,56519400.0
2023-05-03,319.75,322.4700012207031,317.17999267578125,317.2900085449219,311.7600402832031,59882100.0
2023-05-04,317.0599975585937,318.2300109863281,315.1199951171875,316.1700134277344,310.6595764160156,50224500.0
2023-05-05,318.4700012207031,323.760009765625,316.2099914550781,322.8900146484375,317.2623596191406,51806100.0
2023-05-08,322.4200134277344,324.0400085449219,321.32000732421875,323.69000244140625,318.0484313964844,36465800.0
2023-05-09,322.0,322.8800048828125,321.32000732421875,321.6400146484375,316.03424072265625,31768800.0
2023-05-10,324.1199951171875,326.010009765625,321.6000061035156,325.1400146484375,319.47320556640625,60446600.0
2023-05-11,325.70001220703125,326.75,324.1199951171875,326.20001220703125,320.5147399902344,44278500.0
2023-05-12,326.739990234375,327.1700134277344,322.94000244140625,325.0299987792969,319.3650817871094,48432800.0
2023-05-15,325.510009765625,327.0299987792969,323.9599914550781,326.7900085449219,321.0944519042969,33375600.0
2023-05-16,326.0599975585937,328.8999938964844,326.0199890136719,327.1600036621094,321.4580078125,40019200.0
2023-05-17,328.239990234375,331.7099914550781,327.0400085449219,331.1199951171875,325.34893798828125,47486100.0
2023-05-18,331.5199890136719,337.489990234375,331.5,337.2699890136719,331.3917236328125,64213500.0
2023-05-19,337.489990234375,338.2099914550781,335.42999267578125,336.510009765625,330.64501953125,61554900.0
2023-05-22,336.25,338.6700134277344,336.239990234375,337.6400146484375,331.75537109375,43015900.0
2023-05-23,335.8900146484375,337.0599975585937,333.0,333.3599853515625,327.5498962402344,48216700.0
2023-05-24,331.3699951171875,332.9100036621094,329.5599975585937,331.6499938964844,325.8697204589844,62891200.0
2023-05-25,339.1400146484375,341.010009765625,336.6700134277344,339.7200012207031,333.79913330078125,66862800.0
2023-05-26,340.760009765625,349.25,340.6600036621094,348.3999938964844,342.3277893066406,63007000.0
2023-05-30,352.7099914550781,353.92999267578125,348.5299987792969,349.9800109863281,343.8802185058594,72652200.0
2023-05-31,348.3699951171875,350.6000061035156,346.510009765625,347.989990234375,341.9249267578125,65105400.0
2023-06-01,347.7300109863281,353.3599853515625,346.6600036621094,352.010009765625,345.8748779296875,50488600.0
2023-06-02,353.79998779296875,355.8299865722656,352.010009765625,354.6499938964844,348.4689025878906,53372100.0
2023-06-05,354.42999267578125,357.5,353.8500061035156,354.8999938964844,348.71453857421875,47266200.0
2023-06-06,354.2799987792969,355.82000732421875,352.92999267578125,354.8399963378906,348.6554870605469,41390400.0
2023-06-07,355.1300048828125,357.1199951171875,348.17999267578125,348.82000732421875,342.74041748046875,69225900.0
2023-06-08,349.1199951171875,353.6199951171875,348.8900146484375,353.1499938964844,346.9949645996094,47153900.0
2023-06-09,354.6300048828125,357.6600036621094,353.0299987792969,354.5,348.3214111328125,53196900.0
2023-06-12,356.19000244140625,360.5899963378906,355.20001220703125,360.489990234375,354.20703125,44606500.0
2023-06-13,363.2900085449219,364.1099853515625,360.0299987792969,363.260009765625,356.92877197265625,57097800.0
2023-06-14,363.2699890136719,366.1900024414063,360.4200134277344,365.8999938964844,359.52276611328125,69525600.0
2023-06-15,364.6099853515625,371.7699890136719,363.9800109863281,370.260009765625,363.8067932128906,71138800.0
2023-06-16,372.7200012207031,372.8500061035156,367.4800109863281,367.9299926757813,361.5174560546875,80932000.0
2023-06-20,365.9500122070313,368.3200073242188,363.8900146484375,366.8999938964844,360.9998779296875,49204700.0
2023-06-21,365.739990234375,366.1799926757813,360.9599914550781,361.8999938964844,356.0802917480469,53378300.0
2023-06-22,360.6300048828125,366.3299865722656,360.2200012207031,366.1700134277344,360.28155517578125,47603000.0
2023-06-23,362.2099914550781,364.8800048828125,360.8200073242188,362.5400085449219,356.71002197265625,48922900.0
2023-06-26,362.0,364.8399963378906,357.5899963378906,357.67999267578125,351.9281311035156,52685500.0
2023-06-27,359.25,364.5700073242188,358.510009765625,363.8299865722656,357.97918701171875,49428100.0
2023-06-28,361.9800109863281,366.5199890136719,361.8999938964844,364.5400085449219,358.67779541015625,46498000.0
2023-06-29,364.239990234375,364.8900146484375,362.1400146484375,363.80999755859375,357.9595947265625,46151000.0
2023-06-30,367.5499877929688,370.489990234375,367.2300109863281,369.4200134277344,363.4793395996094,58712500.0
2023-07-03,370.0700073242188,370.9299926757813,368.9700012207031,370.2900085449219,364.33538818359375,19432900.0
2023-07-05,368.7000122070313,372.010009765625,368.6600036621094,370.2799987792969,364.325439453125,34460900.0
2023-07-06,366.510009765625,367.9100036621094,364.5199890136719,367.4599914550781,361.5508728027344,49374700.0
2023-07-07,367.2300109863281,370.4800109863281,366.010009765625,366.239990234375,360.3504943847656,47133700.0
2023-07-10,365.9599914550781,367.0499877929688,363.4100036621094,366.3599853515625,360.468505859375,48498800.0
2023-07-11,366.7900085449219,368.6300048828125,364.6199951171875,368.1700134277344,362.2494201660156,38214100.0
2023-07-12,372.3399963378906,374.1900024414063,370.2999877929688,372.8200073242188,366.82470703125,61975400.0
2023-07-13,376.0499877929688,379.989990234375,375.4599914550781,379.1499938964844,373.0528564453125,46960000.0
2023-07-14,379.5899963378906,382.8599853515625,378.1799926757813,379.0700073242188,372.9741821289063,55148500.0
2023-07-17,379.7999877929688,383.5,379.30999755859375,382.6099853515625,376.4572143554688,40868900.0
2023-07-18,381.9599914550781,387.1300048828125,380.0,385.739990234375,379.5368957519531,55262000.0
2023-07-19,386.8200073242188,387.9800109863281,384.2999877929688,385.6499938964844,379.44830322265625,54093000.0
2023-07-20,382.6099853515625,384.1000061035156,375.7200012207031,376.760009765625,370.7012939453125,71941700.0
2023-07-21,379.1799926757813,379.9200134277344,375.1900024414063,375.6300048828125,369.5894775390625,60499600.0
2023-07-24,376.6199951171875,377.5799865722656,374.3399963378906,376.2300109863281,370.1798400878906,40380100.0
2023-07-25,376.9500122070313,380.4700012207031,376.9299926757813,378.7799987792969,372.6888427734375,38894400.0
2023-07-26,377.7200012207031,379.239990234375,375.1799926757813,377.5199890136719,371.4490661621094,47075700.0
2023-07-27,383.0700073242188,384.7099914550781,375.30999755859375,376.6199951171875,370.5635681152344,63940200.0
2023-07-28,380.739990234375,384.5199890136719,380.2200012207031,383.4800109863281,377.3132019042969,56902900.0
2023-07-31,383.7900085449219,384.8800048828125,382.3399963378906,383.6799926757813,377.5099792480469,44019900.0
2023-08-01,382.30999755859375,383.55999755859375,380.6900024414063,382.7900085449219,376.6343688964844,41060600.0
2023-08-02,379.260009765625,379.260009765625,373.1300048828125,374.3900146484375,368.3694458007813,72687100.0
2023-08-03,371.9400024414063,375.9500122070313,371.7699890136719,373.7900085449219,367.779052734375,47666400.0
2023-08-04,375.75,378.1000061035156,371.5299987792969,372.0400085449219,366.0571899414063,61702800.0
2023-08-07,373.8800048828125,375.2900085449219,371.510009765625,375.1900024414063,369.1565551757813,37230400.0
2023-08-08,372.6400146484375,372.6600036621094,368.8200073242188,372.0,366.0178833007813,44726500.0
2023-08-09,372.2900085449219,372.4500122070313,367.1400146484375,367.9100036621094,361.99365234375,51150900.0
2023-08-10,370.9700012207031,374.3599853515625,367.0400085449219,368.5899963378906,362.6626892089844,72035300.0
2023-08-11,365.989990234375,368.0,364.6900024414063,366.239990234375,360.3504943847656,48707200.0
2023-08-14,365.4299926757813,370.4700012207031,364.7000122070313,370.3500061035156,364.3944091796875,42130800.0
2023-08-15,369.3599853515625,370.1700134277344,365.739990234375,366.4200134277344,360.527587890625,45539900.0
2023-08-16,365.8699951171875,367.4299926757813,362.4400024414063,362.5400085449219,356.71002197265625,53190500.0
2023-08-17,363.9599914550781,364.30999755859375,358.1600036621094,358.5799865722656,352.8136291503906,62604300.0
2023-08-18,355.260009765625,359.4100036621094,354.7099914550781,358.1300048828125,352.3708801269531,61191400.0
2023-08-21,359.6199951171875,364.5899963378906,359.1499938964844,363.8999938964844,358.048095703125,50696500.0
2023-08-22,366.5499877929688,366.55999755859375,362.6799926757813,363.3800048828125,357.5364685058594,44530200.0
2023-08-23,364.5799865722656,370.2200012207031,364.3599853515625,369.1099853515625,363.17431640625,51770600.0
2023-08-24,372.6400146484375,372.739990234375,361.010009765625,361.2200012207031,355.4112243652344,66842500.0
2023-08-25,362.0700073242188,365.739990234375,358.5799865722656,364.0199890136719,358.1661071777344,69960500.0
2023-08-28,366.989990234375,367.7099914550781,364.25,366.760009765625,360.8621520996094,40910000.0
2023-08-29,366.55999755859375,375.1300048828125,366.2300109863281,374.7699890136719,368.7433166503906,58492400.0
2023-08-30,374.8800048828125,377.4500122070313,373.8599853515625,376.8599853515625,370.7996520996094,41731500.0
2023-08-31,376.9400024414063,379.7200012207031,376.8699951171875,377.989990234375,371.9114990234375,35730700.0
2023-09-01,380.3999938964844,380.8299865722656,376.0799865722656,377.5899963378906,371.5179138183594,39801200.0
2023-09-05,376.7699890136719,379.30999755859375,375.8299865722656,378.0700073242188,371.990234375,32344200.0
2023-09-06,377.2799987792969,377.6300048828125,372.7000122070313,374.739990234375,368.7137756347656,42998700.0
2023-09-07,370.2099914550781,372.8500061035156,369.1499938964844,372.05999755859375,366.076904296875,52060700.0
2023-09-08,372.010009765625,374.8500061035156,371.6000061035156,372.5799865722656,366.5885314941406,35800100.0
2023-09-11,375.6600036621094,377.489990234375,373.6600036621094,376.9700012207031,370.9079895019531,39936600.0
2023-09-12,375.2699890136719,376.9500122070313,372.5,372.7900085449219,366.795166015625,41391000.0
2023-09-13,373.0299987792969,375.8399963378906,371.8800048828125,374.2099914550781,368.1922912597656,46300700.0
2023-09-14,375.989990234375,378.2699890136719,373.8900146484375,377.2699890136719,371.20306396484375,48039400.0
2023-09-15,375.9100036621094,376.3200073242188,369.8599853515625,370.80999755859375,364.846923828125,69811200.0
2023-09-18,369.3200073242188,371.7900085449219,369.0299987792969,370.6600036621094,365.2273254394531,36903500.0
2023-09-19,369.3200073242188,370.6799926757813,366.7999877929688,369.8699951171875,364.4489135742188,37621700.0
2023-09-20,370.9500122070313,371.30999755859375,364.4599914550781,364.5400085449219,359.197021484375,45514200.0
2023-09-21,360.7999877929688,361.6000061035156,357.69000244140625,357.8599853515625,352.6148986816406,69734800.0
2023-09-22,359.6300048828125,361.7999877929688,357.5899963378906,357.9100036621094,352.66424560546875,51589700.0
2023-09-25,356.92999267578125,359.70001220703125,355.92999267578125,359.6099853515625,354.3392639160156,39168000.0
2023-09-26,356.989990234375,357.5400085449219,353.2099914550781,354.2099914550781,349.0184326171875,53657700.0
2023-09-27,355.3800048828125,356.9800109863281,351.3599853515625,355.0400085449219,349.8362731933594,56066000.0
2023-09-28,354.1099853515625,360.1700134277344,353.239990234375,358.010009765625,352.7627258300781,56453300.0
2023-09-29,361.5400085449219,362.9500122070313,357.0199890136719,358.2699890136719,353.0189208984375,64829600.0
2023-10-02,358.5400085449219,362.6799926757813,357.9200134277344,361.260009765625,355.9651184082031,51625100.0
2023-10-03,358.7799987792969,361.010009765625,353.2799987792969,354.9200134277344,349.7180480957031,60478500.0
2023-10-04,355.7699890136719,360.6099853515625,355.29998779296875,359.75,354.4772033691406,54786700.0
2023-10-05,359.739990234375,360.1499938964844,355.1400146484375,358.69000244140625,353.4327697753906,45897400.0
2023-10-06,355.6499938964844,365.9100036621094,354.8500061035156,364.7000122070313,359.35467529296875,75049100.0
2023-10-09,362.2999877929688,367.1099853515625,360.7799987792969,366.55999755859375,361.18743896484375,45304800.0
2023-10-10,366.8999938964844,371.2799987792969,366.3900146484375,368.5899963378906,363.1876525878906,46968800.0
2023-10-11,369.9400024414063,371.4100036621094,368.1900024414063,371.2200012207031,365.7791442871094,38215100.0
2023-10-12,371.7300109863281,373.739990234375,367.5,369.9299926757813,364.5079650878906,49587900.0
2023-10-13,370.5700073242188,371.1600036621094,363.8599853515625,365.2799987792969,359.9261474609375,52469900.0
2023-10-16,366.6199951171875,370.4800109863281,366.4700012207031,369.4100036621094,363.9956970214844,44201100.0
2023-10-17,365.80999755859375,369.9200134277344,363.6600036621094,368.2000122070313,362.8033752441406,50999100.0
2023-10-18,365.6700134277344,367.9100036621094,362.0199890136719,363.3699951171875,358.0441589355469,54280500.0
2023-10-19,364.80999755859375,366.0199890136719,359.1600036621094,359.9700012207031,354.6940002441406,72274200.0
2023-10-20,359.4599914550781,360.0400085449219,354.3699951171875,354.6000061035156,349.4026794433594,72559700.0
2023-10-23,353.260009765625,359.260009765625,351.1199951171875,355.6700134277344,350.4570617675781,60665200.0
2023-10-24,357.510009765625,359.9100036621094,355.7900085449219,359.1300048828125,353.8663024902344,47082100.0
2023-10-25,356.70001220703125,356.8800048828125,349.75,350.3399963378906,345.2051696777344,71190500.0
2023-10-26,349.1199951171875,350.07000732421875,342.3500061035156,343.6600036621094,338.623046875,78621400.0
2023-10-27,346.42999267578125,348.8399963378906,344.0799865722656,345.3099975585937,340.2488098144531,63476700.0
2023-10-30,347.8299865722656,350.5400085449219,346.45001220703125,349.20001220703125,344.0818176269531,55298500.0
2023-10-31,349.2300109863281,351.25,346.6199951171875,350.8699951171875,345.72735595703125,47671900.0
2023-11-01,351.7200012207031,357.5299987792969,351.6199951171875,356.9599914550781,351.72808837890625,58992700.0
2023-11-02,361.5400085449219,363.6799926757813,360.2999877929688,363.4400024414063,358.1131896972656,58162400.0
2023-11-03,364.75,369.0199890136719,364.5199890136719,367.7099914550781,362.3205261230469,53280500.0
2023-11-06,368.489990234375,369.7799987792969,366.9100036621094,369.2099914550781,363.798583984375,38848700.0
2023-11-07,370.2699890136719,373.5799865722656,369.0499877929688,372.7000122070313,367.2374572753906,50777400.0
2023-11-08,373.0799865722656,373.7900085449219,370.6199951171875,372.9400024414063,367.4739074707031,35663400.0
2023-11-09,373.6400146484375,374.7999877929688,369.5700073242188,370.0700073242188,364.64599609375,53859400.0
2023-11-10,371.8200073242188,378.5400085449219,371.2799987792969,378.3900146484375,372.8440246582031,58309800.0
2023-11-13,376.7900085449219,378.2799987792969,375.239990234375,377.2099914550781,371.6813659667969,40733500.0
2023-11-14,383.7099914550781,386.260009765625,383.1799926757813,385.3299865722656,379.6823120117188,67792600.0
2023-11-15,387.25,387.75,384.239990234375,385.6199951171875,379.9680480957031,54141400.0
2023-11-16,384.8399963378906,386.1900024414063,383.55999755859375,385.9500122070313,380.2932434082031,45343500.0
2023-11-17,385.2099914550781,387.0700073242188,384.2900085449219,386.0400085449219,380.3819580078125,46571900.0
2023-11-20,386.0499877929688,391.4100036621094,386.0499877929688,390.739990234375,385.0129699707031,44429600.0
2023-11-21,389.010009765625,389.2300109863281,386.7000122070313,388.4700012207031,382.7762756347656,43337000.0
2023-11-22,390.5700073242188,393.0700073242188,389.0400085449219,390.05999755859375,384.3429870605469,44121000.0
2023-11-24,389.6499938964844,390.25,388.5,389.510009765625,383.801025390625,15718800.0
2023-11-27,389.010009765625,391.1499938964844,388.2799987792969,389.1700134277344,383.4660034179688,34139700.0
2023-11-28,388.4100036621094,390.7799987792969,388.0499877929688,390.1900024414063,384.4710693359375,35491100.0
2023-11-29,392.6900024414063,394.1400146484375,389.4599914550781,389.80999755859375,384.0966491699219,38811700.0
2023-11-30,390.0799865722656,390.5499877929688,385.8200073242188,388.8299865722656,383.1309814453125,52834400.0
2023-12-01,387.75,390.5400085449219,386.0700073242188,389.9400024414063,384.2247619628906,40490100.0
2023-12-04,386.0899963378906,386.6000061035156,382.6600036621094,386.3200073242188,380.6577758789063,51186900.0
2023-12-05,384.3900146484375,388.5,384.2099914550781,387.2900085449219,381.6135559082031,42933000.0
2023-12-06,390.2699890136719,390.3699951171875,384.7000122070313,385.0499877929688,379.40631103515625,41994100.0
2023-12-07,388.0700073242188,391.2699890136719,386.9599914550781,390.4299926757813,384.70751953125,49593500.0
2023-12-08,388.6700134277344,392.6199951171875,388.4800109863281,392.1700134277344,386.4220581054688,46687500.0
2023-12-11,391.739990234375,395.7900085449219,391.5299987792969,395.5199890136719,389.722900390625,41198000.0
2023-12-12,395.55999755859375,398.7900085449219,394.4100036621094,398.6700134277344,392.8268737792969,39221200.0
2023-12-13,399.6199951171875,404.3599853515625,398.8399963378906,403.739990234375,397.8224792480469,55408100.0
2023-12-14,404.9800109863281,406.2999877929688,400.3399963378906,403.3900146484375,397.47760009765625,55447800.0
2023-12-15,404.1799926757813,406.5400085449219,403.5700073242188,405.3399963378906,399.3990173339844,62896600.0
2023-12-18,404.9299926757813,407.989990234375,404.6000061035156,407.0799865722656,401.9146728515625,46610000.0
2023-12-19,407.5400085449219,409.2799987792969,407.3500061035156,409.1600036621094,403.9683532714844,35711900.0
2023-12-20,408.3500061035156,410.4700012207031,402.8999938964844,403.0799865722656,397.9654235839844,54042400.0
2023-12-21,407.05999755859375,408.1400146484375,404.4700012207031,407.7699890136719,402.5959167480469,45568900.0
2023-12-22,409.0,409.9700012207031,406.4800109863281,408.3800048828125,403.1982116699219,34314000.0
2023-12-26,409.25,411.55999755859375,409.1499938964844,410.8800048828125,405.6665344238281,22722500.0
2023-12-27,410.9500122070313,411.7900085449219,410.0799865722656,411.5,406.4923095703125,31980500.0
2023-12-28,412.6700134277344,412.9200134277344,410.9400024414063,411.2999877929688,406.2947692871094,27029200.0
2023-12-29,411.2799987792969,411.6400146484375,407.5799865722656,409.5199890136719,404.5364379882813,42662100.0
2024-01-02,405.8399963378906,406.0899963378906,400.239990234375,402.5899963378906,397.6907653808594,58026900.0
2024-01-03,399.9299926757813,401.0,397.8900146484375,398.3299865722656,393.4825439453125,47002800.0
2024-01-04,396.4400024414063,399.5899963378906,396.05999755859375,396.2799987792969,391.4575500488281,39432800.0
2024-01-05,396.4500122070313,399.55999755859375,395.3399963378906,396.75,391.9218444824219,44922800.0
2024-01-08,397.989990234375,405.239990234375,397.8399963378906,404.9500122070313,400.0220031738281,42473800.0
2024-01-09,401.9100036621094,406.6900024414063,401.7099914550781,405.75,400.8123168945313,39132900.0
2024-01-10,406.0700073242188,409.5199890136719,405.1700134277344,408.5,403.52880859375,33962800.0
2024-01-11,409.7900085449219,411.2000122070313,404.239990234375,409.3500061035156,404.3685302734375,54536200.0
2024-01-12,410.3999938964844,411.25,408.1499938964844,409.55999755859375,404.575927734375,39595000.0
2024-01-16,408.30999755859375,411.1199951171875,406.8299865722656,409.5199890136719,404.5364379882813,43903000.0
2024-01-17,406.1700134277344,407.5899963378906,402.9200134277344,407.2099914550781,402.2545471191406,54386000.0
2024-01-18,410.5199890136719,413.5799865722656,409.1600036621094,412.989990234375,407.9641723632813,59562500.0
2024-01-19,415.2200012207031,421.3399963378906,414.6300048828125,421.1799926757813,416.0544738769531,70325100.0
2024-01-22,423.4100036621094,424.7300109863281,421.1199951171875,421.7300109863281,416.5978393554688,44880600.0
2024-01-23,422.4299926757813,423.7000122070313,420.5700073242188,423.4800109863281,418.3265380859375,33003800.0
2024-01-24,427.4400024414063,429.8500061035156,425.3299865722656,425.8299865722656,420.6479187011719,46948000.0
2024-01-25,428.3599853515625,429.0400085449219,423.9800109863281,426.3500061035156,421.1615905761719,44367200.0
2024-01-26,424.4400024414063,426.2099914550781,423.1499938964844,423.80999755859375,418.6525268554688,37137000.0
2024-01-29,424.2699890136719,428.3500061035156,423.6099853515625,428.1499938964844,422.9396362304688,38694700.0
2024-01-30,427.1000061035156,427.6799926757813,424.3800048828125,425.2999877929688,420.1243896484375,36739000.0
2024-01-31,420.8500061035156,422.8699951171875,416.7900085449219,416.9700012207031,411.8958129882813,64010600.0
2024-02-01,418.7900085449219,422.3800048828125,417.80999755859375,421.8800048828125,416.7460021972656,51008600.0
2024-02-02,423.7999877929688,430.239990234375,422.7900085449219,429.010009765625,423.7892150878906,59602400.0
2024-02-05,429.0700073242188,429.6099853515625,425.0,428.4500122070313,423.2360534667969,39889200.0
2024-02-06,429.6099853515625,430.2200012207031,425.2200012207031,427.5899963378906,422.3865051269531,35846100.0
2024-02-07,430.4100036621094,432.8299865722656,429.0899963378906,431.989990234375,426.7330017089844,37712700.0
2024-02-08,432.1099853515625,433.55999755859375,431.4200134277344,432.7900085449219,427.5232543945313,29889900.0
2024-02-09,433.9400024414063,437.8500061035156,433.1400146484375,437.0499877929688,431.7314147949219,36943900.0
2024-02-12,436.9400024414063,439.1400146484375,434.6499938964844,435.3399963378906,430.0422058105469,33203300.0
2024-02-13,427.2799987792969,431.2699890136719,425.3299865722656,428.5499877929688,423.3348693847656,64491700.0
2024-02-14,431.260009765625,433.6499938964844,428.8800048828125,433.2200012207031,427.947998046875,45092700.0
2024-02-15,433.9200134277344,434.9800109863281,431.3299865722656,434.510009765625,429.2222900390625,38796100.0
2024-02-16,434.8900146484375,434.989990234375,429.8500061035156,430.5700073242188,425.3302307128906,53716500.0
2024-02-20,428.5499877929688,430.0799865722656,423.5,427.3200073242188,422.1198120117188,53999500.0
2024-02-21,424.5499877929688,425.7000122070313,421.6300048828125,425.6099853515625,420.43060302734375,49779000.0
2024-02-22,434.489990234375,439.1199951171875,433.7099914550781,438.0700073242188,432.7389526367188,53887800.0
2024-02-23,439.6499938964844,440.5899963378906,435.7900085449219,436.7799987792969,431.4646911621094,39853900.0
2024-02-26,437.6000061035156,438.6000061035156,436.3599853515625,436.5499877929688,431.2374572753906,33043200.0
2024-02-27,437.6700134277344,437.989990234375,435.0299987792969,437.6000061035156,432.2747497558594,33713200.0
2024-02-28,435.4299926757813,436.6700134277344,434.2999877929688,435.2699890136719,429.9730529785156,32938800.0
2024-02-29,438.2300109863281,440.0899963378906,435.0199890136719,439.0,433.65765380859375,42495200.0
2024-03-01,439.8999938964844,446.5799865722656,439.8399963378906,445.6099853515625,440.1871948242188,43853000.0
2024-03-04,445.6099853515625,446.0400085449219,443.7699890136719,444.0199890136719,438.6165466308594,34325700.0
2024-03-05,440.9400024414063,440.9500122070313,433.6499938964844,436.0499877929688,430.74359130859375,57917100.0
2024-03-06,440.3200073242188,441.989990234375,436.8900146484375,438.7900085449219,433.45025634765625,46234500.0
2024-03-07,442.4200134277344,446.7200012207031,440.8599853515625,445.4500122070313,440.0292053222656,44526700.0
2024-03-08,445.80999755859375,448.6400146484375,438.3399963378906,439.0199890136719,433.6773681640625,72096000.0
2024-03-11,437.510009765625,438.6600036621094,435.4400024414063,437.3900146484375,432.0672607421875,45860000.0
2024-03-12,439.7300109863281,444.0199890136719,436.4599914550781,443.6600036621094,438.2610168457031,55300900.0
2024-03-13,442.6499938964844,442.6700134277344,439.1199951171875,440.25,434.8924560546875,37928700.0
2024-03-14,441.5,442.0299987792969,436.3900146484375,439.1400146484375,433.79595947265625,52195200.0
2024-03-15,436.0700073242188,438.8699951171875,432.739990234375,433.9200134277344,428.6395263671875,73069800.0
2024-03-18,438.7300109863281,441.0400085449219,437.239990234375,437.4800109863281,432.7276306152344,47323800.0
2024-03-19,435.4500122070313,438.9800109863281,433.3299865722656,438.5700073242188,433.8058166503906,43004100.0
2024-03-20,439.7799987792969,444.1099853515625,438.05999755859375,443.7699890136719,438.9492492675781,43653500.0
2024-03-21,448.8800048828125,449.3399963378906,445.6700134277344,445.8699951171875,441.0264892578125,39345700.0
2024-03-22,445.3500061035156,447.489990234375,444.489990234375,446.3800048828125,441.5308837890625,28253900.0
2024-03-25,443.5499877929688,446.260009765625,442.5400085449219,444.760009765625,439.9284973144531,27789200.0
2024-03-26,446.2999877929688,447.2300109863281,443.0899963378906,443.3200073242188,438.5042114257813,34142000.0
2024-03-27,446.4400024414063,446.5400085449219,441.9299926757813,444.8299865722656,439.9977111816406,41359200.0
2024-03-28,444.7799987792969,445.6400146484375,443.6499938964844,444.010009765625,439.1866760253906,36839600.0
2024-04-01,444.9700012207031,447.5299987792969,443.0199890136719,444.9500122070313,440.116455078125,38729000.0
2024-04-02,440.0799865722656,441.4299926757813,438.0299987792969,441.1099853515625,436.3181762695313,44259700.0
2024-04-03,438.9599914550781,444.0,438.9500122070313,442.1000061035156,437.2974548339844,39949800.0
2024-04-04,446.3299865722656,446.9500122070313,435.1099853515625,435.3399963378906,430.6108093261719,57267700.0
2024-04-05,436.7799987792969,443.1700134277344,435.9599914550781,440.4700012207031,435.6850891113281,54744600.0
2024-04-08,441.4100036621094,442.5,439.2000122070313,440.6000061035156,435.8136901855469,28144900.0
2024-04-09,442.9599914550781,443.239990234375,437.4400024414063,442.2300109863281,437.4259948730469,39443600.0
2024-04-10,437.0,439.239990234375,436.2799987792969,438.3699951171875,433.6079406738281,61502200.0
2024-04-11,440.260009765625,446.3299865722656,437.9599914550781,445.3699951171875,440.5318603515625,45474600.0
2024-04-12,441.1000061035156,442.239990234375,436.8800048828125,438.2699890136719,433.5090026855469,53665000.0
2024-04-15,442.05999755859375,442.1499938964844,430.2099914550781,431.05999755859375,426.3772888183594,63453600.0
2024-04-16,430.8999938964844,433.760009765625,429.7000122070313,431.1000061035156,426.4169006347656,47619000.0
2024-04-17,433.1000061035156,433.1199951171875,424.8999938964844,425.8399963378906,421.2140808105469,56880500.0
2024-04-18,426.489990234375,428.239990234375,422.8299865722656,423.4100036621094,418.81048583984375,46549400.0
2024-04-19,422.2200012207031,422.75,413.0700073242188,414.6499938964844,410.14556884765625,75231000.0
2024-04-22,417.30999755859375,421.1799926757813,413.9400024414063,418.8200073242188,414.2702941894531,47807700.0
2024-04-23,420.7699890136719,426.2799987792969,418.8699951171875,425.0700073242188,420.4524230957031,44384700.0
2024-04-24,428.2000122070313,429.7300109863281,424.2000122070313,426.510009765625,421.8767395019531,48440300.0
2024-04-25,419.239990234375,425.3200073242188,418.1400146484375,424.4500122070313,419.8391418457031,57392200.0
2024-04-26,427.6199951171875,432.5499877929688,426.9200134277344,431.0,426.3180236816406,41874900.0
2024-04-29,433.1300048828125,433.760009765625,429.9800109863281,432.75,428.0489807128906,30022200.0
2024-04-30,431.1499938964844,432.55999755859375,424.510009765625,424.5899963378906,419.9775695800781,43665900.0
2024-05-01,423.1499938964844,430.1400146484375,420.6600036621094,421.5199890136719,416.9409484863281,52251700.0
2024-05-02,425.2999877929688,427.80999755859375,420.6300048828125,426.8999938964844,422.2625122070313,36559000.0
2024-05-03,434.4400024414063,436.4800109863281,432.6199951171875,435.4800109863281,430.7493286132813,48515300.0
2024-05-06,437.2999877929688,440.3399963378906,436.5199890136719,440.25,435.4674987792969,30227200.0
2024-05-07,440.7000122070313,441.9700012207031,439.5799865722656,440.3200073242188,435.5367431640625,30996100.0
2024-05-08,437.6700134277344,441.4800109863281,437.5499877929688,440.05999755859375,435.279541015625,24896700.0
2024-05-09,440.3299865722656,441.6000061035156,438.4599914550781,441.0199890136719,436.2291259765625,24580100.0
2024-05-10,442.5400085449219,444.30999755859375,440.5,442.05999755859375,437.2578430175781,27116600.0
2024-05-13,443.989990234375,444.0899963378906,441.6499938964844,443.0799865722656,438.2667541503906,22994200.0
2024-05-14,442.6499938964844,446.4700012207031,442.4599914550781,445.9299926757813,441.0858154296875,34478300.0
2024-05-15,448.4299926757813,453.1499938964844,446.8999938964844,452.8999938964844,447.9801025390625,41464700.0
2024-05-16,452.7099914550781,454.6900024414063,451.80999755859375,451.9800109863281,447.070068359375,34780400.0
2024-05-17,452.1099853515625,452.7200012207031,449.5400085449219,451.760009765625,446.85247802734375,35803700.0
2024-05-20,451.9800109863281,455.5799865722656,451.7900085449219,454.9100036621094,449.96826171875,24474200.0
2024-05-21,453.0400085449219,455.989990234375,452.8399963378906,455.7999877929688,450.8485412597656,23167700.0
2024-05-22,456.05999755859375,456.8200073242188,453.0799865722656,455.7099914550781,450.7596130371094,25120000.0
2024-05-23,460.5499877929688,460.5799865722656,451.8500061035156,453.6600036621094,448.7318420410156,40899200.0
2024-05-24,455.2900085449219,459.2300109863281,453.5700073242188,457.9500122070313,452.9752502441406,29669500.0
2024-05-28,459.1799926757813,459.739990234375,456.6900024414063,459.6799926757813,454.6864013671875,26216800.0
2024-05-29,455.4800109863281,458.239990234375,455.3399963378906,456.4400024414063,451.4816284179688,29739200.0
2024-05-30,455.5,455.6400146484375,450.2099914550781,451.5499877929688,446.644775390625,30536800.0
2024-05-31,451.7799987792969,452.4800109863281,443.05999755859375,450.7099914550781,445.8138732910156,55941300.0
2024-06-03,454.5700073242188,455.5799865722656,447.8999938964844,453.1300048828125,448.2075500488281,32997500.0
2024-06-04,452.8699951171875,455.5799865722656,451.1300048828125,454.3699951171875,449.43408203125,23767400.0
2024-06-05,457.9800109863281,463.6099853515625,454.4100036621094,463.5299987792969,458.49462890625,33817400.0
2024-06-06,464.2200012207031,464.5400085449219,462.1900024414063,463.3699951171875,458.3363342285156,21966800.0
2024-06-07,463.0,465.739990234375,461.8399963378906,462.9599914550781,457.9308471679688,25829700.0
2024-06-10,461.8200073242188,465.1900024414063,461.5299987792969,464.8299865722656,459.780517578125,20660800.0
2024-06-11,463.5400085449219,468.1400146484375,462.0299987792969,468.0199890136719,462.935791015625,22053300.0
2024-06-12,471.989990234375,476.5,471.2900085449219,474.1499938964844,468.9992370605469,34532600.0
2024-06-13,477.7200012207031,478.3900146484375,474.4200134277344,476.7200012207031,471.5413513183594,25859000.0
2024-06-14,476.5199890136719,479.260009765625,476.0499877929688,479.1900024414063,473.9844970703125,23372600.0
2024-06-17,479.4599914550781,486.8599853515625,478.1400146484375,485.05999755859375,479.7907104492188,37054500.0
2024-06-18,485.010009765625,485.8999938964844,483.4299926757813,485.2099914550781,479.9391174316406,24438600.0
2024-06-20,486.4200134277344,486.8399963378906,479.6199951171875,481.4700012207031,476.2397766113281,33918700.0
2024-06-21,481.1900024414063,482.5400085449219,478.6700134277344,480.1799926757813,474.9637451171875,37456800.0
2024-06-24,478.1799926757813,479.9299926757813,473.8200073242188,473.9599914550781,469.5564575195313,37751000.0
2024-06-25,476.0700073242188,479.6799926757813,475.1199951171875,479.3800048828125,474.9261169433594,29014700.0
2024-06-26,478.5499877929688,480.9200134277344,478.1300048828125,480.3699951171875,475.9068603515625,22737100.0
2024-06-27,480.1199951171875,483.1000061035156,479.2999877929688,481.6099853515625,477.1353759765625,26222100.0
2024-06-28,482.4100036621094,487.2000122070313,478.4599914550781,479.1099853515625,474.6585998535156,34881600.0
2024-07-01,480.0400085449219,482.489990234375,476.260009765625,481.9200134277344,477.4425354003906,24898300.0
2024-07-02,480.4100036621094,487.0400085449219,480.2799987792969,486.9800109863281,482.45550537109375,26723600.0
2024-07-03,486.2200012207031,491.1700134277344,486.2200012207031,491.0400085449219,486.477783203125,18064900.0
2024-07-05,491.8900146484375,496.6000061035156,491.5899963378906,496.1600036621094,491.5501708984375,28495900.0
2024-07-08,496.5299987792969,497.8999938964844,495.5,497.3399963378906,492.7192077636719,22109400.0
2024-07-09,498.8699951171875,500.0,496.239990234375,497.7699890136719,493.1452331542969,25614500.0
2024-07-10,499.7099914550781,503.5199890136719,498.3900146484375,502.9599914550781,498.2870178222656,28046900.0
2024-07-11,503.0700073242188,503.2799987792969,490.7300109863281,491.9299926757813,487.3594970703125,49966600.0
2024-07-12,492.510009765625,499.6199951171875,492.0400085449219,494.8200073242188,490.2226257324219,37109400.0
2024-07-15,496.6099853515625,501.010009765625,494.0899963378906,496.1499938964844,491.540283203125,31151400.0
2024-07-16,497.6199951171875,498.4400024414063,493.1499938964844,496.3399963378906,491.728515625,25950600.0
2024-07-17,488.2799987792969,488.7999877929688,481.7000122070313,481.7699890136719,477.29388427734375,56268800.0
2024-07-18,485.5299987792969,485.7099914550781,476.2699890136719,479.489990234375,475.03509521484375,49347400.0
2024-07-19,479.1499938964844,481.6900024414063,473.9400024414063,475.239990234375,470.8245849609375,42042900.0
2024-07-22,481.1600036621094,483.3500061035156,477.7099914550781,482.3200073242188,477.83880615234375,40300000.0
2024-07-23,481.4100036621094,484.4299926757813,480.1400146484375,480.6199951171875,476.1545715332031,23282500.0
2024-07-24,473.8200073242188,474.1900024414063,462.510009765625,463.3800048828125,459.0747375488281,58818600.0
2024-07-25,463.7200012207031,467.9400024414063,455.6300048828125,458.2699890136719,454.01220703125,59256800.0
2024-07-26,462.6499938964844,465.9299926757813,459.7699890136719,462.9700012207031,458.6685791015625,39992100.0
2024-07-29,465.7099914550781,467.9100036621094,461.6199951171875,463.8999938964844,459.5899658203125,28218500.0
2024-07-30,465.8500061035156,466.55999755859375,454.1499938964844,457.5299987792969,453.2791137695313,41317200.0
2024-07-31,467.8699951171875,472.7900085449219,466.4100036621094,471.0700073242188,466.69329833984375,44552100.0
2024-08-01,471.760009765625,475.5499877929688,455.9800109863281,459.6600036621094,455.3893127441406,56653900.0
2024-08-02,450.8900146484375,453.5700073242188,444.4700012207031,448.75,444.5806579589844,66323200.0
2024-08-05,424.7099914550781,442.2900085449219,423.4500122070313,435.3699951171875,431.3249816894531,87483500.0
2024-08-06,437.2300109863281,447.0700073242188,434.55999755859375,439.5299987792969,435.4463195800781,63164400.0
2024-08-07,446.489990234375,449.0,434.3699951171875,434.7699890136719,430.7305603027344,54929200.0
2024-08-08,441.05999755859375,448.989990234375,437.1499938964844,448.0700073242188,443.906982421875,47890100.0
2024-08-09,446.739990234375,452.05999755859375,445.6099853515625,450.4100036621094,446.2252502441406,33574000.0
2024-08-12,451.3900146484375,454.3699951171875,448.5499877929688,451.3800048828125,447.1862487792969,27795000.0
2024-08-13,455.8200073242188,462.8500061035156,455.6799926757813,462.5799865722656,458.2821960449219,40084500.0
2024-08-14,463.510009765625,465.1099853515625,458.3999938964844,462.7300109863281,458.4307861328125,34733700.0
2024-08-15,468.760009765625,474.8200073242188,468.3800048828125,474.4200134277344,470.01220703125,38280600.0
2024-08-16,472.6199951171875,476.4100036621094,471.6499938964844,475.0299987792969,470.6165161132813,38383600.0
2024-08-19,475.1700134277344,481.30999755859375,473.3699951171875,481.2699890136719,476.7984924316406,23737700.0
2024-08-20,480.3500061035156,482.9400024414063,478.5499877929688,480.260009765625,475.7979431152344,29209300.0
2024-08-21,481.0499877929688,484.3699951171875,479.3200073242188,482.5,478.01708984375,25658800.0
2024-08-22,484.8399963378906,485.5400085449219,473.80999755859375,474.8500061035156,470.4382019042969,37739600.0
2024-08-23,479.239990234375,482.739990234375,475.2799987792969,480.0,475.5403442382813,36061500.0
2024-08-26,479.4500122070313,480.3800048828125,473.239990234375,475.3399963378906,470.9236755371094,27452600.0
2024-08-27,473.6900024414063,477.8399963378906,471.7099914550781,476.760009765625,472.3304443359375,27510000.0
2024-08-28,476.2900085449219,477.0199890136719,467.8900146484375,471.3500061035156,466.9706726074219,37372400.0
2024-08-29,473.2799987792969,477.9299926757813,469.3699951171875,470.6600036621094,466.2870788574219,41081500.0
2024-08-30,475.0400085449219,476.8999938964844,470.510009765625,476.2699890136719,471.8450317382813,33466500.0
2024-09-03,473.2000122070313,473.3299865722656,459.4100036621094,461.80999755859375,457.5193176269531,44985200.0
2024-09-04,458.6700134277344,464.4500122070313,457.7300109863281,460.6099853515625,456.3304748535156,32505100.0
2024-09-05,458.9700012207031,465.3599853515625,457.9400024414063,461.0400085449219,456.7565307617188,34452400.0
2024-09-06,460.3299865722656,461.2200012207031,448.1900024414063,448.6900024414063,444.5212707519531,50624400.0
2024-09-09,453.05999755859375,455.4599914550781,449.8200073242188,454.4599914550781,450.2376708984375,32981200.0
2024-09-10,456.239990234375,459.1700134277344,452.2300109863281,458.6600036621094,454.3986206054688,29680300.0
2024-09-11,459.9100036621094,469.3699951171875,451.2799987792969,468.6199951171875,464.26611328125,57843000.0
2024-09-12,468.6499938964844,474.0400085449219,466.8500061035156,473.2200012207031,468.8233642578125,40067800.0
2024-09-13,472.4800109863281,476.5299987792969,472.25,475.3399963378906,470.9236755371094,29111800.0
2024-09-16,473.1900024414063,473.8599853515625,469.8900146484375,473.239990234375,468.8431396484375,22585600.0
2024-09-17,476.2900085449219,477.6000061035156,470.9700012207031,473.489990234375,469.0907897949219,30084400.0
2024-09-18,474.7000122070313,478.8299865722656,470.8299865722656,471.4400024414063,467.0598754882813,39909200.0
2024-09-19,482.6099853515625,486.2300109863281,480.489990234375,483.3599853515625,478.86907958984375,52782500.0
2024-09-20,482.489990234375,483.6900024414063,478.2999877929688,482.4400024414063,477.9576721191406,34577700.0
2024-09-23,482.9500122070313,484.1400146484375,481.6000061035156,483.0400085449219,479.22454833984375,24843000.0
2024-09-24,484.4599914550781,486.3299865722656,480.1700134277344,485.3699951171875,481.5361633300781,25952600.0
2024-09-25,484.739990234375,487.7900085449219,484.55999755859375,485.8200073242188,481.9826049804688,26549900.0
2024-09-26,493.3699951171875,493.7000122070313,485.7999877929688,489.4700012207031,485.603759765625,32020200.0
2024-09-27,490.5,490.6400146484375,485.55999755859375,486.75,482.9052734375,22851100.0
2024-09-30,485.7799987792969,488.4100036621094,482.9200134277344,488.0700073242188,484.2148742675781,30281100.0
2024-10-01,487.7000122070313,488.0,477.3999938964844,481.2699890136719,477.4685668945313,42735400.0
2024-10-02,480.3599853515625,483.8800048828125,477.7200012207031,481.9500122070313,478.1431884765625,23744000.0
2024-10-03,479.739990234375,484.5499877929688,478.989990234375,481.5899963378906,477.7860412597656,25337200.0
2024-10-04,487.4500122070313,487.8800048828125,482.3900146484375,487.3200073242188,483.47076416015625,30686600.0
2024-10-07,485.3900146484375,486.5700073242188,480.8699951171875,482.1000061035156,478.2920227050781,24975100.0
2024-10-08,484.6600036621094,489.989990234375,483.8500061035156,489.2999877929688,485.4351196289063,28272000.0
2024-10-09,489.0,493.7300109863281,487.9500122070313,493.1499938964844,489.2547302246094,24995000.0
2024-10-10,490.8500061035156,494.4700012207031,489.5299987792969,492.5899963378906,488.6990966796875,25750400.0
2024-10-11,490.739990234375,494.3900146484375,490.1700134277344,493.3599853515625,489.4630737304688,20644500.0
2024-10-14,495.7699890136719,498.8299865722656,495.260009765625,497.5,493.57037353515625,26060100.0
2024-10-15,497.8299865722656,498.5,488.6799926757813,490.8500061035156,486.9729309082031,34784500.0
2024-10-16,491.1799926757813,491.6900024414063,487.5700073242188,490.9100036621094,487.0324096679688,22996800.0
2024-10-17,496.4400024414063,496.489990234375,491.1900024414063,491.25,487.3697204589844,27210700.0
2024-10-18,494.05999755859375,495.5700073242188,493.2999877929688,494.4700012207031,490.5642700195313,25335000.0
2024-10-21,493.25,496.2300109863281,491.30999755859375,495.4200134277344,491.50677490234375,30336500.0
2024-10-22,492.7300109863281,497.4500122070313,491.9700012207031,495.9599914550781,492.0425109863281,26685800.0
2024-10-23,493.5899963378906,494.25,485.0499877929688,488.3599853515625,484.5025329589844,39346600.0
2024-10-24,492.1099853515625,493.0,489.4400024414063,492.3200073242188,488.4312744140625,22024900.0
2024-10-25,495.1400146484375,500.2799987792969,494.4299926757813,495.3200073242188,491.4075622558594,38762100.0
2024-10-28,498.4599914550781,498.5199890136719,495.1000061035156,495.3999938964844,491.4869384765625,20477800.0
2024-10-29,495.7200012207031,501.3500061035156,493.8500061035156,500.1600036621094,496.2093811035156,28014100.0
2024-10-30,499.3900146484375,500.3500061035156,495.8900146484375,496.3800048828125,492.459228515625,29756000.0
2024-10-31,492.3800048828125,492.4299926757813,483.75,483.8500061035156,480.0281982421875,41245200.0
2024-11-01,485.5,490.75,485.2000122070313,487.4299926757813,483.5798950195313,33655800.0
2024-11-04,486.8200073242188,489.3800048828125,484.25,486.010009765625,482.1711120605469,23291600.0
2024-11-05,487.6099853515625,492.8800048828125,487.5199890136719,492.2099914550781,488.3221435546875,24353600.0
2024-11-06,500.55999755859375,506.4100036621094,499.6000061035156,505.5799865722656,501.5865173339844,43082200.0
2024-11-07,508.3999938964844,514.3300170898438,508.3399963378906,513.5399780273438,509.483642578125,32853100.0
2024-11-08,513.0399780273438,514.9199829101562,512.4099731445312,514.1400146484375,510.0789489746094,22924500.0
2024-11-11,515.3699951171875,515.5800170898438,510.9200134277344,513.8400268554688,509.78131103515625,24167500.0
2024-11-12,513.77001953125,514.6599731445312,509.8299865722656,512.9099731445312,508.858642578125,25835300.0
2024-11-13,512.4000244140625,514.97998046875,509.9500122070313,512.25,508.2039184570313,24567400.0
2024-11-14,511.9100036621094,512.7899780273438,507.7699890136719,508.6900024414063,504.6719970703125,28679500.0
2024-11-15,502.9400024414063,503.3299865722656,494.489990234375,496.5700073242188,492.6477355957031,51461100.0
2024-11-18,498.1300048828125,502.1400146484375,496.7300109863281,500.0199890136719,496.0704956054688,27080800.0
2024-11-19,497.4200134277344,503.9500122070313,497.0799865722656,503.4599914550781,499.4832763671875,24523000.0
2024-11-20,503.1600036621094,503.4800109863281,496.55999755859375,503.1700134277344,499.1955871582031,29565500.0
2024-11-21,506.239990234375,506.9599914550781,497.55999755859375,504.9800109863281,500.9913024902344,34526700.0
2024-11-22,504.4200134277344,506.5299987792969,502.7799987792969,505.7900085449219,501.794921875,23826600.0
2024-11-25,509.8999938964844,511.4500122070313,504.260009765625,506.5899963378906,502.5885620117188,26375200.0
2024-11-26,508.0799865722656,510.1400146484375,507.2300109863281,509.30999755859375,505.28704833984375,26557100.0
2024-11-27,508.1700134277344,508.239990234375,501.9299926757813,505.2999877929688,501.3087158203125,24957400.0
2024-11-29,505.9299926757813,510.3399963378906,505.30999755859375,509.739990234375,505.7136535644531,15334000.0
2024-12-02,511.010009765625,516.260009765625,510.6199951171875,515.2899780273438,511.2198791503906,25147200.0
2024-12-03,513.9500122070312,517.1500244140625,513.3699951171875,516.8699951171875,512.787353515625,18597900.0
2024-12-04,520.3200073242188,523.52001953125,519.5999755859375,523.260009765625,519.1268310546875,26086200.0
2024-12-05,523.3099975585938,524.0399780273438,521.4199829101562,521.8099975585938,517.6883544921875,18169600.0
2024-12-06,522.47998046875,526.719970703125,522.3499755859375,526.47998046875,522.3214721679688,23762600.0
2024-12-09,525.5499877929688,526.3499755859375,521.219970703125,522.3800048828125,518.2538452148438,20674400.0
2024-12-10,523.6199951171875,525.3800048828125,519.1599731445312,520.5999755859375,516.4878540039062,24350000.0
2024-12-11,525.0,530.6099853515625,524.5900268554688,529.9199829101562,525.7343139648438,32168600.0
2024-12-12,527.6799926757812,528.9600219726562,526.02001953125,526.5,522.34130859375,23577500.0
2024-12-13,530.4600219726562,533.1699829101562,527.2999877929688,530.530029296875,526.3394775390625,28780400.0
2024-12-16,533.0800170898438,539.1500244140625,533.0,538.1699829101562,533.9191284179688,31979900.0
2024-12-17,536.3599853515625,537.47998046875,534.1300048828125,535.7999877929688,531.5677490234375,28579100.0
2024-12-18,535.1500244140625,536.8800048828125,515.010009765625,516.469970703125,512.3905639648438,54703200.0
2024-12-19,521.1900024414062,521.760009765625,513.8300170898438,514.1699829101562,510.108642578125,46441800.0
2024-12-20,510.4400024414063,524.8200073242188,509.2900085449219,518.6599731445312,514.563232421875,60530000.0
2024-12-23,519.5499877929688,523.25,516.1300048828125,522.8699951171875,519.5764770507812,29672800.0
2024-12-24,524.8300170898438,530.0499877929688,524.1900024414062,529.9600219726562,526.621826171875,17558200.0
2024-12-26,528.3200073242188,531.239990234375,526.3099975585938,529.5999755859375,526.2640380859375,19090500.0
2024-12-27,526.010009765625,526.4500122070312,517.8599853515625,522.5599975585938,519.2683715820312,33839600.0
2024-12-30,515.510009765625,519.3599853515625,511.8299865722656,515.6099853515625,512.3621215820312,34584000.0
2024-12-31,516.9000244140625,517.6599731445312,510.260009765625,511.2300109863281,508.00982666015625,29117000.0
2025-01-02,514.2999877929688,516.6400146484375,505.7099914550781,510.2300109863281,507.0160827636719,36389800.0
2025-01-03,513.3499755859375,519.6500244140625,512.530029296875,518.5800170898438,515.3134765625,29059500.0
2025-01-06,524.02001953125,527.9199829101562,522.030029296875,524.5399780273438,521.2359008789062,36109700.0
2025-01-07,525.5900268554688,525.989990234375,513.280029296875,515.1799926757812,511.934814453125,36690300.0
2025-01-08,515.0800170898438,516.9199829101562,510.5700073242188,515.27001953125,512.0242919921875,30777800.0
2025-01-10,511.4800109863281,511.5799865722656,503.9200134277344,507.1900024414063,503.9952392578125,40532500.0
2025-01-13,501.2000122070313,506.0199890136719,499.7000122070313,505.55999755859375,502.37548828125,31694200.0
2025-01-14,508.739990234375,510.1600036621094,501.5899963378906,505.0799865722656,501.89849853515625,33737200.0
2025-01-15,513.030029296875,517.8499755859375,511.4599914550781,516.7000122070312,513.4453125,34957600.0
2025-01-16,518.97998046875,519.0599975585938,512.9500122070312,513.0800170898438,509.8481750488281,28229000.0
2025-01-17,522.8499755859375,524.0700073242188,513.1099853515625,521.739990234375,518.4534912109375,51837900.0
2025-01-21,524.47998046875,525.969970703125,520.0599975585938,524.7999877929688,521.4942626953125,23628000.0
2025-01-22,529.5700073242188,533.8200073242188,529.260009765625,531.510009765625,528.1620483398438,33593000.0
2025-01-23,529.0399780273438,532.760009765625,528.4500122070312,532.6400146484375,529.284912109375,23096600.0
2025-01-24,533.02001953125,533.7899780273438,528.1500244140625,529.6300048828125,526.2938842773438,19878300.0
2025-01-27,511.0,517.989990234375,510.1499938964844,514.2100219726562,510.9710693359375,60771700.0
2025-01-28,515.219970703125,523.0,511.7799987792969,521.8099975585938,518.523193359375,33194200.0
2025-01-29,522.4600219726562,522.5900268554688,516.9000244140625,520.8300170898438,517.54931640625,26649000.0
2025-01-30,523.7100219726562,526.0999755859375,518.2100219726562,523.0499877929688,519.7551879882812,27431300.0
2025-01-31,526.9199829101562,531.52001953125,521.1900024414062,522.2899780273438,519.0000610351562,38755200.0
2025-02-03,513.469970703125,520.8499755859375,511.0499877929688,518.1099853515625,514.846435546875,40580800.0
2025-02-04,518.6300048828125,525.1099853515625,518.22998046875,524.469970703125,521.1663818359375,26046800.0
2025-02-05,521.8200073242188,527.010009765625,520.6199951171875,526.8499755859375,523.5313110351562,21134100.0
2025-02-06,527.3599853515625,529.8099975585938,525.739990234375,529.5999755859375,526.2640380859375,19434500.0
2025-02-07,530.1400146484375,532.0999755859375,522.1900024414062,522.9199829101562,519.6261596679688,29605500.0
2025-02-10,527.219970703125,530.3599853515625,526.75,529.25,525.916259765625,20852800.0
2025-02-11,525.9600219726562,529.9199829101562,525.8300170898438,527.989990234375,524.6641845703125,19325500.0
2025-02-12,522.2999877929688,529.1900024414062,521.9500122070312,528.2999877929688,524.9722290039062,25009400.0
2025-02-13,529.97998046875,536.219970703125,529.1900024414062,535.9000244140625,532.5243530273438,28714800.0
2025-02-14,536.010009765625,538.8400268554688,535.6699829101562,538.1500244140625,534.76025390625,17862600.0
2025-02-18,539.72998046875,540.0,536.0399780273438,539.3699951171875,535.9725341796875,20565000.0
2025-02-19,538.5700073242188,540.8099975585938,536.4600219726562,539.52001953125,536.1216430664062,19666900.0
2025-02-20,538.72998046875,539.0999755859375,532.4600219726562,537.22998046875,533.845947265625,26550800.0
2025-02-21,538.3800048828125,538.4000244140625,525.7100219726562,526.0800170898438,522.7662353515625,47093800.0
2025-02-24,527.8800048828125,529.0700073242188,519.530029296875,519.8699951171875,516.5953369140625,39268400.0
2025-02-25,519.239990234375,519.3200073242188,509.4400024414063,513.3200073242188,510.0866394042969,48940000.0
2025-02-26,515.530029296875,519.6599731445312,511.3699951171875,514.5599975585938,511.3188171386719,34457600.0
2025-02-27,518.1300048828125,519.0700073242188,500.0499877929688,500.2699890136719,497.1188049316406,52448000.0
2025-02-28,500.1300048828125,508.7799987792969,496.9299926757813,508.1700134277344,504.9690551757813,47654000.0
2025-03-03,511.5199890136719,513.0399780273438,493.5799865722656,497.0499877929688,493.9190979003906,44587200.0
2025-03-04,494.1799926757813,503.739990234375,487.739990234375,495.5499877929688,492.4285278320313,67875400.0
2025-03-05,496.2000122070313,503.6300048828125,491.260009765625,502.010009765625,498.8478698730469,46323700.0
2025-03-06,493.6900024414063,498.5799865722656,486.2000122070313,488.2000122070313,485.1248168945313,57574300.0
2025-03-07,487.1600036621094,493.2799987792969,480.5299987792969,491.7900085449219,488.6922607421875,54714700.0
2025-03-10,483.4500122070313,483.9700012207031,468.6600036621094,472.7300109863281,469.7522888183594,76668000.0
2025-03-11,472.3500061035156,478.80999755859375,467.010009765625,471.6000061035156,468.6294250488281,68760800.0
2025-03-12,479.1600036621094,481.05999755859375,471.7900085449219,476.9200134277344,473.9158935546875,46971100.0
2025-03-13,476.25,476.2799987792969,466.4299926757813,468.3399963378906,465.3899230957031,46563300.0
2025-03-14,473.7300109863281,480.55999755859375,473.1199951171875,479.6600036621094,476.6386413574219,43563000.0
2025-03-17,479.6099853515625,485.8399963378906,477.7999877929688,482.7699890136719,479.72900390625,41744400.0
2025-03-18,479.4100036621094,479.6099853515625,472.4100036621094,474.5400085449219,471.5508728027344,39072300.0
2025-03-19,476.80999755859375,485.3299865722656,474.8699951171875,480.8900146484375,477.8609008789063,40430300.0
2025-03-20,476.8800048828125,484.5499877929688,476.1799926757813,479.260009765625,476.2411804199219,36780500.0
2025-03-21,474.0799865722656,481.6099853515625,472.9100036621094,480.8399963378906,477.8111877441406,42234900.0
2025-03-24,487.739990234375,491.510009765625,484.3999938964844,490.6600036621094,488.2964477539063,34567200.0
2025-03-25,491.3900146484375,493.6199951171875,490.4200134277344,493.4599914550781,491.0829772949219,26035200.0
2025-03-26,492.2999877929688,493.1600036621094,482.8200073242188,484.3800048828125,482.0467224121094,34627100.0
2025-03-27,482.4100036621094,486.5799865722656,480.25,481.6199951171875,479.2999572753906,33469800.0
2025-03-28,479.80999755859375,480.5199890136719,468.0499877929688,468.9400024414063,466.68109130859375,46363800.0
2025-03-31,461.9200134277344,469.8599853515625,457.3299865722656,468.9200134277344,466.6611328125,53000300.0
2025-04-01,467.2999877929688,473.6300048828125,464.4200134277344,472.7000122070313,470.4229431152344,41156200.0
2025-04-02,466.1199951171875,479.55999755859375,465.8599853515625,476.1499938964844,473.8563537597656,49894500.0
2025-04-03,456.4400024414063,460.0700073242188,450.1400146484375,450.6600036621094,448.4891052246094,70456300.0
2025-04-04,438.1400146484375,440.3699951171875,422.6700134277344,422.6700134277344,420.6339721679688,117088400.0
2025-04-07,408.6600036621094,443.1400146484375,402.3900146484375,423.6900024414063,421.6490478515625,161557000.0
2025-04-08,438.1600036621094,443.1400146484375,409.7900085449219,416.05999755859375,414.0557861328125,101248100.0
2025-04-09,415.5700073242188,467.8299865722656,415.4299926757813,466.0,463.7552185058594,142876900.0
2025-04-10,453.55999755859375,455.5899963378906,432.6300048828125,446.1799926757813,444.0306701660156,108384100.0
2025-04-11,444.6499938964844,455.7900085449219,441.3299865722656,454.3999938964844,452.2111206054688,52483800.0
2025-04-14,464.4599914550781,465.0499877929688,452.6300048828125,457.4800109863281,455.2762756347656,43941200.0
2025-04-15,458.5400085449219,462.3800048828125,456.1499938964844,457.989990234375,455.7838134765625,35404200.0
2025-04-16,449.0299987792969,452.6199951171875,437.760009765625,444.1799926757813,442.0403137207031,48980600.0
2025-04-17,447.1700134277344,447.75,441.3599853515625,444.1000061035156,441.9607238769531,44837000.0
2025-04-21,438.2300109863281,439.0799865722656,427.9299926757813,433.1099853515625,431.0236206054688,44149300.0
2025-04-22,438.8200073242188,447.5799865722656,437.6199951171875,444.4800109863281,442.3388977050781,52304400.0
2025-04-23,458.1700134277344,463.3800048828125,452.8800048828125,454.55999755859375,452.3703308105469,55801100.0
2025-04-24,456.4800109863281,467.6600036621094,455.8299865722656,467.3500061035156,465.0987548828125,45956100.0
2025-04-25,466.9700012207031,473.0899963378906,465.3900146484375,472.55999755859375,470.28363037109375,38697100.0
2025-04-28,473.0299987792969,474.80999755859375,466.0299987792969,472.4100036621094,470.1343383789063,33550800.0
2025-04-29,470.1700134277344,476.4200134277344,469.5899963378906,475.5299987792969,473.23931884765625,30613100.0
2025-04-30,467.1300048828125,477.2000122070313,462.4299926757813,475.4700012207031,473.1795654296875,46810600.0
2025-05-01,483.4100036621094,487.1799926757813,480.739990234375,481.6799926757813,479.3596801757813,43316500.0
2025-05-02,486.5400085449219,490.9100036621094,484.8299865722656,488.8299865722656,486.4752197265625,39218100.0
2025-05-05,484.6000061035156,489.0299987792969,484.1000061035156,485.9299926757813,483.5892028808594,28309500.0
2025-05-06,479.55999755859375,485.0499877929688,478.1900024414063,481.4100036621094,479.0910034179688,32786300.0
2025-05-07,482.0799865722656,485.7999877929688,476.7799987792969,483.2999877929688,480.9718933105469,38006300.0
2025-05-08,488.5299987792969,492.7000122070313,484.1700134277344,488.2900085449219,485.9378662109375,39577600.0
2025-05-09,490.2099914550781,491.5400085449219,486.2000122070313,487.9700012207031,485.6194152832031,27767400.0
2025-05-12,506.989990234375,507.8900146484375,501.4800109863281,507.8500061035156,505.4036254882813,45090600.0
2025-05-13,509.1600036621094,517.3900146484375,508.4200134277344,515.5900268554688,513.1063842773438,53269600.0
2025-05-14,516.77001953125,519.22998046875,515.75,518.6799926757812,516.181396484375,47014500.0
2025-05-15,516.52001953125,521.9299926757812,515.1699829101562,519.25,516.748779296875,50153300.0
2025-05-16,520.6599731445312,521.7000122070312,517.0999755859375,521.510009765625,518.9978637695312,48394600.0
2025-05-19,514.239990234375,522.530029296875,514.239990234375,522.010009765625,519.4954223632812,52536200.0
2025-05-20,519.469970703125,520.9299926757812,516.6599731445312,520.27001953125,517.7638549804688,42517600.0
2025-05-21,516.27001953125,523.0,511.239990234375,513.0399780273438,510.5686340332031,71292800.0
2025-05-22,513.6599731445312,517.7100219726562,512.2999877929688,514.0,511.5240173339844,55607200.0
2025-05-23,506.1799926757813,511.8399963378906,505.5799865722656,509.239990234375,506.7869262695313,58368100.0
2025-05-27,516.1500244140625,521.7100219726562,514.5900268554688,521.219970703125,518.7091674804688,47226300.0
2025-05-28,522.1799926757812,523.6799926757812,518.3900146484375,518.9099731445312,516.4103393554688,46637200.0
2025-05-29,526.3300170898438,526.47998046875,517.3200073242188,519.9299926757812,517.4254760742188,58513300.0
2025-05-30,519.4400024414062,520.6799926757812,511.9299926757813,519.1099853515625,516.6093139648438,67662800.0
2025-06-02,517.239990234375,523.4500122070312,515.969970703125,523.2100219726562,520.689697265625,44762800.0
2025-06-03,523.5599975585938,528.739990234375,522.6900024414062,527.2999877929688,524.7598876953125,44070300.0
2025-06-04,528.010009765625,529.8400268554688,525.969970703125,528.77001953125,526.2228393554688,41359300.0
2025-06-05,530.1799926757812,533.0499877929688,522.6599731445312,524.7899780273438,522.2620239257812,61031200.0
2025-06-06,530.0,531.7999877929688,528.2100219726562,529.9199829101562,527.3672485351562,42467000.0
2025-06-09,530.1400146484375,532.3499755859375,529.010009765625,530.7000122070312,528.1436157226562,33688700.0
2025-06-10,531.1699829101562,534.9000244140625,528.8900146484375,534.2100219726562,531.63671875,40664800.0
2025-06-11,535.6199951171875,536.780029296875,530.1099853515625,532.4099731445312,529.8453369140625,53701000.0
2025-06-12,531.0900268554688,534.6400146484375,530.8400268554688,533.6599731445312,531.0892944335938,34104900.0
2025-06-13,527.6799926757812,531.8699951171875,525.72998046875,526.9600219726562,524.421630859375,55814400.0
2025-06-16,530.5,535.3699951171875,530.4500122070312,534.2899780273438,531.7162475585938,37622100.0
2025-06-17,531.7100219726562,533.3300170898438,527.9099731445312,529.0800170898438,526.5313720703125,42180900.0
2025-06-18,530.0999755859375,532.5499877929688,527.4000244140625,528.989990234375,526.4417724609375,43983500.0
2025-06-20,532.260009765625,533.5599975585938,524.8800048828125,526.8300170898438,524.292236328125,61643500.0
2025-06-23,526.8099975585938,532.1699829101562,523.6500244140625,531.6500244140625,529.6832275390625,50666100.0
2025-06-24,536.8900146484375,540.7000122070312,536.27001953125,539.780029296875,537.7831420898438,45442000.0
2025-06-25,542.0599975585938,543.3099975585938,539.3800048828125,541.1599731445312,539.157958984375,44804200.0
2025-06-26,543.3499755859375,546.6699829101562,541.52001953125,546.219970703125,544.1992797851562,43811400.0
2025-06-27,547.260009765625,549.989990234375,544.5399780273438,548.0900268554688,546.0623779296875,57577100.0
2025-06-30,551.260009765625,552.7999877929688,549.010009765625,551.6400146484375,549.5992431640625,45548700.0
2025-07-01,549.72998046875,550.7100219726562,544.6599731445312,546.989990234375,544.9664306640625,56166700.0
2025-07-02,546.1599731445312,551.0,546.1199951171875,550.7999877929688,548.7623291015625,36538300.0
2025-07-03,553.1799926757812,557.2000122070312,553.1799926757812,556.219970703125,554.1622924804688,26443500.0
2025-07-07,553.52001953125,554.3400268554688,549.5800170898438,552.030029296875,549.9878540039062,45349300.0
2025-07-08,553.3800048828125,554.010009765625,551.0999755859375,552.3400268554688,550.2967529296875,36153300.0
2025-07-09,554.47998046875,557.6300048828125,553.0999755859375,556.25,554.1921997070312,43045500.0
2025-07-10,556.8900146484375,557.2999877929688,552.75,555.4500122070312,553.3952026367188,34710900.0
2025-07-11,553.2999877929688,555.7899780273438,552.0499877929688,554.2000122070312,552.1497192382812,39618600.0
2025-07-14,553.989990234375,556.9500122070312,551.6300048828125,556.2100219726562,554.15234375,36453300.0
2025-07-15,560.25,560.7999877929688,556.6599731445312,556.719970703125,554.660400390625,43277700.0
2025-07-16,557.280029296875,560.2100219726562,551.5599975585938,557.2899780273438,555.2283325195312,52314700.0
2025-07-17,558.02001953125,562.3099975585938,557.2100219726562,561.7999877929688,559.7216186523438,40423800.0
2025-07-18,563.1199951171875,564.72998046875,559.97998046875,561.260009765625,559.1836547851562,50484700.0
2025-07-21,562.0900268554688,566.0599975585938,562.0599975585938,564.1699829101562,562.0828857421875,39595200.0
2025-07-22,564.2999877929688,564.3499755859375,558.6099853515625,561.25,559.1737060546875,43270600.0
2025-07-23,562.3400268554688,563.8499755859375,559.5800170898438,563.8099975585938,561.7241821289062,40215300.0
2025-07-24,565.1300048828125,566.239990234375,563.2899780273438,565.010009765625,562.9197998046875,42275500.0
2025-07-25,564.9299926757812,567.7000122070312,564.27001953125,566.3699951171875,564.2747802734375,30630800.0
2025-07-28,567.739990234375,569.0399780273438,566.8699951171875,568.1400146484375,566.0381469726562,31498700.0
2025-07-29,570.760009765625,572.1099853515625,566.530029296875,567.260009765625,565.1614379882812,45463300.0
2025-07-30,568.1799926757812,570.6199951171875,565.0499877929688,568.02001953125,565.918701171875,43433800.0
2025-07-31,574.5399780273438,574.6300048828125,563.8699951171875,565.010009765625,562.9197998046875,64613600.0
2025-08-01,558.8300170898438,559.02001953125,551.6799926757812,553.8800048828125,551.8309326171875,69400800.0
2025-08-04,559.0499877929688,564.3200073242188,558.9500122070312,564.0999755859375,562.0131225585938,47669800.0
2025-08-05,565.3900146484375,566.5599975585938,559.72998046875,560.27001953125,558.197265625,48666600.0
2025-08-06,561.1099853515625,567.760009765625,560.6300048828125,567.3200073242188,565.2212524414062,41823700.0
2025-08-07,571.6699829101562,573.3200073242188,565.1099853515625,569.239990234375,567.1340942382812,44463000.0
2025-08-08,570.4500122070312,574.77001953125,570.1500244140625,574.5499877929688,572.4244384765625,35255500.0
2025-08-11,574.6900024414062,576.7999877929688,571.5700073242188,572.8499755859375,570.730712890625,33112900.0
2025-08-12,575.1599731445312,580.3499755859375,572.489990234375,580.0499877929688,577.9041137695312,42143300.0
2025-08-13,582.760009765625,583.3200073242188,578.9400024414062,580.3400268554688,578.1930541992188,41209300.0
2025-08-14,578.280029296875,581.8800048828125,577.9099731445312,579.8900146484375,577.7447509765625,45425000.0
2025-08-15,579.7999877929688,579.8400268554688,575.5700073242188,577.3400268554688,575.2041625976562,49480200.0
2025-08-18,576.4400024414062,577.77001953125,575.239990234375,577.1099853515625,574.9749755859375,29831000.0
2025-08-19,576.3900146484375,576.5599975585938,568.25,569.280029296875,567.1740112304688,53752600.0
2025-08-20,568.3300170898438,568.4500122070312,558.8400268554688,565.9000244140625,563.8065185546875,76781100.0
2025-08-21,564.3499755859375,566.489990234375,560.97998046875,563.280029296875,561.1961669921875,46436900.0
2025-08-22,564.6699829101562,573.989990234375,563.27001953125,571.969970703125,569.85400390625,51502100.0
2025-08-25,570.4000244140625,573.2899780273438,569.1599731445312,570.3200073242188,568.2100830078125,34044700.0
2025-08-26,569.8300170898438,572.9199829101562,568.7999877929688,572.6099853515625,570.4916381835938,34103000.0
2025-08-27,571.5900268554688,574.4099731445312,570.3699951171875,573.489990234375,571.368408203125,36927100.0
2025-08-28,574.1099853515625,578.0,572.4600219726562,577.0800170898438,574.9451293945312,46787900.0
2025-08-29,574.6599731445312,575.030029296875,568.5399780273438,570.4000244140625,568.2898559570312,56030400.0
2025-09-02,561.3099975585938,565.969970703125,559.5399780273438,565.6199951171875,563.5275268554688,65876800.0
2025-09-03,569.22998046875,571.7000122070312,566.72998046875,570.0700073242188,567.9611206054688,54230200.0
2025-09-04,570.739990234375,575.5999755859375,569.030029296875,575.22998046875,573.1019287109375,47526300.0
2025-09-05,580.489990234375,581.1199951171875,571.530029296875,576.0599975585938,573.9288330078125,68342500.0
2025-09-08,578.3699951171875,580.8400268554688,577.77001953125,578.8699951171875,576.7284545898438,46371400.0
2025-09-09,579.6699829101562,580.9400024414062,577.0399780273438,580.510009765625,578.3624877929688,44007600.0
2025-09-10,583.739990234375,583.77001953125,578.5499877929688,580.7000122070312,578.5517578125,49308000.0
2025-09-11,583.239990234375,584.8800048828125,581.6199951171875,584.0800170898438,581.919189453125,44745800.0
2025-09-12,585.0399780273438,587.8599853515625,584.0999755859375,586.6599731445312,584.4896240234375,50745900.0
2025-09-15,588.4400024414062,591.7899780273438,588.2899780273438,591.6799926757812,589.4910888671875,44360300.0
2025-09-16,592.6099853515625,592.8599853515625,590.489990234375,591.1799926757812,588.9929809570312,36942100.0
2025-09-17,591.0999755859375,591.75,584.3699951171875,590.0,587.8173217773438,69384800.0
2025-09-18,594.9099731445312,598.1400146484375,592.9600219726562,595.3200073242188,593.1176147460938,61069300.0
2025-09-19,597.3300170898438,600.0499877929688,595.8499755859375,599.3499755859375,597.1326904296875,58196100.0
2025-09-22,597.739990234375,602.8699951171875,597.719970703125,602.2000122070312,600.667724609375,57154800.0
2025-09-23,602.3699951171875,602.5700073242188,596.97998046875,598.2000122070312,596.6779174804688,64635500.0
2025-09-24,599.5800170898438,599.9000244140625,593.3599853515625,596.0999755859375,594.583251953125,49850300.0
2025-09-25,592.2000122070312,595.1199951171875,588.5,593.530029296875,592.0198364257812,70920200.0
2025-09-26,594.3499755859375,596.2999877929688,591.0599975585938,595.969970703125,594.4535522460938,54337400.0
2025-09-29,599.1099853515625,602.0499877929688,597.4099731445312,598.72998046875,597.20654296875,48332900.0
2025-09-30,598.4299926757812,600.7100219726562,596.0999755859375,600.3699951171875,598.8424072265625,46533800.0
2025-10-01,597.1699829101562,603.7899780273438,596.3400268554688,603.25,601.7150268554688,46899600.0
2025-10-02,607.0599975585938,607.1599731445312,602.9299926757812,605.72998046875,604.188720703125,43765400.0
2025-10-03,606.510009765625,607.3300170898438,601.3900146484375,603.1799926757812,601.645263671875,46482100.0
2025-10-06,608.4500122070312,609.3599853515625,605.969970703125,607.7100219726562,606.1636962890625,41962100.0
2025-10-07,609.02001953125,609.7100219726562,603.030029296875,604.510009765625,602.9718627929688,58209500.0
2025-10-08,605.4099731445312,611.75,605.260009765625,611.4400024414062,609.88427734375,50629800.0
2025-10-09,611.47998046875,611.6099853515625,607.47998046875,610.7000122070312,609.1461181640625,45551000.0
2025-10-10,611.4000244140625,613.1799926757812,589.0499877929688,589.5,588.0000610351562,97614800.0
2025-10-13,599.6799926757812,602.9500122070312,597.22998046875,602.010009765625,600.4782104492188,65872600.0
2025-10-14,595.3099975585938,602.6900024414062,590.1300048828125,598.0,596.4783935546875,69203200.0
2025-10-15,604.010009765625,606.7000122070312,595.9299926757812,602.219970703125,600.6876220703125,62805500.0
2025-10-16,605.1099853515625,608.3099975585938,595.5,599.989990234375,598.4633178710938,70982000.0
2025-10-17,597.9500122070312,605.510009765625,596.3699951171875,603.9299926757812,602.393310546875,72024900.0
2025-10-20,607.1400146484375,612.7999877929688,607.0700073242188,611.5399780273438,609.98388671875,45761700.0
2025-10-21,611.6400146484375,612.719970703125,609.3200073242188,611.3800048828125,609.8244018554688,44538200.0
2025-10-22,610.8200073242188,611.4099731445312,599.739990234375,605.489990234375,603.9493408203125,61478800.0
2025-10-23,604.9099731445312,611.3699951171875,604.52001953125,610.5800170898438,609.0264282226562,42844300.0
2025-10-24,615.989990234375,618.4199829101562,615.1300048828125,617.0999755859375,615.52978515625,47632500.0
2025-10-27,624.52001953125,628.5499877929688,624.030029296875,628.0900268554688,626.4918823242188,54098600.0
2025-10-28,630.3599853515625,634.6799926757812,629.25,632.9199829101562,631.3095703125,61195700.0
2025-10-29,635.5900268554688,637.010009765625,630.25,635.77001953125,634.15234375,67422800.0
2025-10-30,632.1699829101562,633.5,625.9400024414062,626.0499877929688,624.45703125,61628600.0
2025-10-31,634.1699829101562,634.2000122070312,626.6900024414062,629.0700073242188,627.4693603515625,66305100.0
2025-11-03,635.1099853515625,635.8200073242188,629.8499755859375,632.0800170898438,630.4716796875,37154300.0
2025-11-04,623.280029296875,626.9500122070312,618.4600219726562,619.25,617.6743774414062,63830800.0
2025-11-05,618.489990234375,626.5999755859375,617.2100219726562,623.280029296875,621.6941528320312,48688500.0
2025-11-06,621.7899780273438,622.0399780273438,610.2999877929688,611.6699829101562,610.1136474609375,72115100.0
2025-11-07,608.3099975585938,609.9500122070312,598.6699829101562,609.739990234375,608.1885375976562,81835400.0
2025-11-10,618.9199829101562,624.3099975585938,616.8900146484375,623.22998046875,621.6442260742188,55919900.0
2025-11-11,620.5700073242188,622.719970703125,617.52001953125,621.5700073242188,619.9884643554688,44868800.0
2025-11-12,624.8400268554688,624.8599853515625,617.8099975585938,621.0800170898438,619.4996948242188,47444400.0
2025-11-13,617.5399780273438,618.1199951171875,606.0800170898438,608.4000244140625,606.8519897460938,71333600.0
2025-11-14,599.5499877929688,613.3499755859375,597.1699829101562,608.8599853515625,607.310791015625,80087300.0
2025-11-17,606.2999877929688,612.47998046875,599.8699951171875,603.6599731445312,602.1240234375,63850400.0
2025-11-18,599.6199951171875,602.3099975585938,591.3400268554688,596.3099975585938,594.792724609375,83327300.0
2025-11-19,597.0700073242188,606.1599731445312,594.5900268554688,599.8699951171875,598.3436889648438,73111500.0
2025-11-20,611.6199951171875,614.030029296875,584.75,585.6699829101562,584.1798095703125,117743200.0
2025-11-21,587.469970703125,596.97998046875,580.739990234375,590.0700073242188,588.568603515625,103344200.0
2025-11-24,595.280029296875,606.6799926757812,595.1599731445312,605.1599731445312,603.6201782226562,60168100.0
2025-11-25,603.510009765625,610.260009765625,597.3200073242188,608.8900146484375,607.3406982421875,57560900.0
2025-11-26,612.510009765625,616.1900024414062,610.3900146484375,614.27001953125,612.70703125,42393600.0
2025-11-28,616.1099853515625,619.3200073242188,615.4199829101562,619.25,617.6743774414062,23034400.0
2025-12-01,613.6300048828125,619.4400024414062,612.52001953125,617.1699829101562,615.599609375,40957600.0
2025-12-02,619.4600219726562,623.75,617.5900268554688,622.0,620.4173583984375,54541800.0
2025-12-03,619.6199951171875,624.219970703125,618.030029296875,623.52001953125,621.9335327148438,47841600.0
2025-12-04,624.9299926757812,624.9400024414062,619.5399780273438,622.9400024414062,621.35498046875,47067800.0
2025-12-05,624.3800048828125,628.9199829101562,623.7100219726562,625.47998046875,623.8884887695312,53614200.0
2025-12-08,627.2100219726562,628.8400268554688,621.6900024414062,624.280029296875,622.6915893554688,43462400.0
2025-12-09,623.010009765625,625.8699951171875,621.0,625.0499877929688,623.4595947265625,37156000.0
2025-12-10,623.8499755859375,629.2100219726562,620.989990234375,627.6099853515625,626.0130615234375,55031400.0
2025-12-11,623.8200073242188,625.780029296875,617.719970703125,625.5800170898438,623.98828125,58272800.0
2025-12-12,622.0800170898438,623.5399780273438,611.3599853515625,613.6199951171875,612.0587158203125,75158700.0
2025-12-15,618.3699951171875,618.4199829101562,609.3200073242188,610.5399780273438,608.9865112304688,49538200.0
2025-12-16,608.260009765625,613.510009765625,606.9099731445312,611.75,610.1934204101562,55152800.0
2025-12-17,613.0599975585938,613.6500244140625,600.280029296875,600.4099731445312,598.8822631835938,70654300.0
2025-12-18,609.7999877929688,612.9299926757812,606.9199829101562,609.1099853515625,607.5601806640625,78875800.0
2025-12-19,611.9500122070312,617.6199951171875,611.8699951171875,617.0499877929688,615.4799194335938,60369800.0
2025-12-22,621.3499755859375,621.6500244140625,617.77001953125,619.2100219726562,618.4302368164062,43703100.0
2025-12-23,618.2000122070312,622.4099731445312,617.780029296875,622.1099853515625,621.3265380859375,41120400.0
2025-12-24,621.989990234375,624.280029296875,621.719970703125,623.9299926757812,623.144287109375,18468700.0
2025-12-26,624.6599731445312,625.52001953125,623.1400146484375,623.8900146484375,623.1043090820312,28959800.0
2025-12-29,620.0999755859375,622.780029296875,618.72998046875,620.8699951171875,620.088134765625,32458300.0
2025-12-30,619.8400268554688,622.1799926757812,619.219970703125,619.4299926757812,618.64990234375,31226800.0
2025-12-31,619.6500244140625,619.9600219726562,614.0499877929688,614.3099975585938,613.536376953125,40746500.0
2026-01-02,620.0599975585938,622.8499755859375,610.1500244140625,613.1199951171875,612.347900390625,61859200.0
2026-01-05,619.3200073242188,620.8099975585938,616.719970703125,617.989990234375,617.2117309570312,46828400.0
2026-01-06,619.22998046875,624.02001953125,618.5399780273438,623.4199829101562,622.6348876953125,43137500.0
2026-01-07,623.0399780273438,627.9400024414062,622.5599975585938,624.02001953125,623.2341918945312,44880300.0
2026-01-08,623.030029296875,623.4199829101562,617.7999877929688,620.469970703125,619.6885986328125,50435900.0
2026-01-09,621.4099731445312,627.8900146484375,619.0599975585938,626.6500244140625,625.86083984375,49688700.0
2026-01-12,622.3099975585938,628.8499755859375,622.260009765625,627.1699829101562,626.3801879882812,37388700.0
2026-01-13,627.27001953125,629.469970703125,623.7000122070312,626.239990234375,625.4513549804688,44481400.0
2026-01-14,622.239990234375,623.4500122070312,614.5599975585938,619.5499877929688,618.769775390625,72598700.0
2026-01-15,626.5999755859375,630.0,620.75,621.780029296875,620.9970092773438,53934900.0
2026-01-16,625.5,626.0800170898438,618.8800048828125,621.260009765625,620.4776611328125,61058100.0
2026-01-20,610.530029296875,615.0599975585938,607.0499877929688,608.0599975585938,607.2942504882812,81988900.0
2026-01-21,609.469970703125,620.4199829101562,607.8599853515625,616.280029296875,615.50390625,79837900.0
2026-01-22,622.3499755859375,622.4600219726562,617.780029296875,620.760009765625,619.978271484375,42254800.0
2026-01-23,619.72998046875,625.4000244140625,618.6500244140625,622.719970703125,621.935791015625,43645800.0
2026-01-26,623.2100219726562,627.6099853515625,622.1199951171875,625.4600219726562,624.67236328125,35983000.0
2026-01-27,628.9099731445312,632.0399780273438,627.3400268554688,631.1300048828125,630.335205078125,38997200.0
2026-01-28,635.4600219726562,636.5999755859375,631.8099975585938,633.219970703125,632.4225463867188,50691700.0
2026-01-29,632.6500244140625,633.6699829101562,618.27001953125,629.4299926757812,628.6373291015625,79944000.0
2026-01-30,625.7100219726562,628.260009765625,619.2999877929688,621.8699951171875,621.0868530273438,65650700.0
2026-02-02,618.7000122070312,628.489990234375,618.6599731445312,626.1400146484375,625.3515014648438,49020300.0
2026-02-03,628.2999877929688,629.97998046875,610.9600219726562,616.52001953125,615.7435913085938,81234000.0
2026-02-04,615.02001953125,615.0999755859375,600.469970703125,605.75,604.9871826171875,81850700.0
2026-02-05,600.2100219726562,604.8099975585938,594.760009765625,597.030029296875,596.2781982421875,89354500.0
2026-02-06,600.1900024414062,611.4099731445312,598.77001953125,609.6500244140625,608.8822631835938,78019300.0
2026-02-09,607.5399780273438,616.4600219726562,605.0700073242188,614.3200073242188,613.54638671875,56797600.0
2026-02-10,615.3099975585938,617.02001953125,611.010009765625,611.469970703125,610.699951171875,53938900.0
2026-02-11,616.3800048828125,617.52001953125,607.6900024414062,613.1099853515625,612.337890625,58575100.0
2026-02-12,614.7100219726562,615.8099975585938,599.5700073242188,600.6400146484375,599.8836059570312,81378900.0
2026-02-13,600.4299926757812,606.47998046875,596.4199829101562,601.9199829101562,601.1619873046875,69237500.0
2026-02-17,598.3800048828125,603.9500122070312,593.3400268554688,601.2999877929688,600.542724609375,69013800.0
2026-02-18,602.1099853515625,609.77001953125,600.719970703125,605.7899780273438,605.027099609375,64250700.0
2026-02-19,602.8099975585938,605.8200073242188,600.75,603.469970703125,602.7100219726562,60960800.0
2026-02-20,600.1199951171875,610.3499755859375,599.22998046875,608.8099975585938,608.0433349609375,74127300.0
2026-02-23,606.6099853515625,608.010009765625,599.0499877929688,601.4099731445312,600.652587890625,63859100.0
2026-02-24,602.4000244140625,608.989990234375,599.72998046875,607.8699951171875,607.1044921875,55023700.0
2026-02-25,611.0700073242188,616.8300170898438,611.0,616.6799926757812,615.9033813476562,55710700.0
2026-02-26,615.5900268554688,615.5900268554688,603.97998046875,609.239990234375,608.4727783203125,96178900.0
2026-02-27,602.97998046875,608.3200073242188,602.1900024414062,607.2899780273438,606.5252075195312,68125200.0
2026-03-02,598.8599853515625,609.9199829101562,597.989990234375,608.0900268554688,607.32421875,75264600.0
2026-03-03,596.3300170898438,603.9600219726562,591.8699951171875,601.5800170898438,600.8224487304688,97015500.0
2026-03-04,604.1599731445312,612.8800048828125,603.4299926757812,610.75,609.9808959960938,70943900.0
2026-03-05,607.4000244140625,612.760009765625,602.260009765625,608.9099731445312,608.1431274414062,89602400.0
2026-03-06,600.3099975585938,606.0,598.3300170898438,599.75,598.9946899414062,86302300.0
2026-03-09,594.22998046875,609.27001953125,591.3300170898438,607.760009765625,606.99462890625,93068200.0
2026-03-10,607.780029296875,613.2899780273438,605.4199829101562,607.77001953125,607.004638671875,64078900.0
2026-03-11,608.9500122070312,612.4299926757812,605.030029296875,607.6900024414062,606.9247436523438,60114800.0
2026-03-12,602.760009765625,604.1400146484375,597.0499877929688,597.260009765625,596.5078735351562,71836600.0
2026-03-13,599.72998046875,603.5999755859375,592.5700073242188,593.719970703125,592.9722900390625,63145500.0
2026-03-16,600.0399780273438,603.8599853515625,599.1099853515625,600.3800048828125,599.6239013671875,49077200.0
2026-03-17,603.1400146484375,605.9000244140625,601.8699951171875,603.3099975585938,602.5502319335938,47106600.0
2026-03-18,601.489990234375,603.1599731445312,594.5599975585938,594.9000244140625,594.15087890625,56128000.0
2026-03-19,589.510009765625,595.7999877929688,587.0800170898438,593.02001953125,592.273193359375,75597600.0
2026-03-20,591.0599975585938,591.1699829101562,578.5399780273438,582.0599975585938,581.3269653320312,91964700.0
2026-03-23,590.52001953125,595.0800170898438,585.9600219726562,588.0,588.0,89936100.0
2026-03-24,584.8099975585938,587.9299926757812,581.9299926757812,583.97998046875,583.97998046875,57750900.0
2026-03-25,589.1400146484375,591.3699951171875,585.6900024414062,587.8200073242188,587.8200073242188,60475500.0
2026-03-26,582.5999755859375,584.6300048828125,573.4299926757812,573.7899780273438,573.7899780273438,81492100.0
2026-03-27,570.8099975585938,571.02001953125,561.5700073242188,562.5800170898438,562.5800170898438,82702200.0
2026-03-30,567.3800048828125,568.0499877929688,555.5999755859375,558.280029296875,558.280029296875,70602600.0
2026-03-31,564.2899780273438,578.6400146484375,564.2100219726562,577.1799926757812,577.1799926757812,95878000.0
2026-04-01,581.47998046875,587.739990234375,580.4199829101562,584.3099975585938,584.3099975585938,79435100.0
2026-04-02,573.969970703125,586.0499877929688,571.9199829101562,584.97998046875,584.97998046875,50941700.0
2026-04-06,586.22998046875,590.6099853515625,584.6900024414062,588.5,588.5,35108500.0
2026-04-07,585.6400146484375,588.97998046875,578.4000244140625,588.5900268554688,588.5900268554688,49948200.0
2026-04-08,608.7100219726562,609.9000244140625,602.1199951171875,606.0900268554688,606.0900268554688,63086000.0
2026-04-09,605.9299926757812,610.5,603.030029296875,610.1900024414062,610.1900024414062,37837500.0
2026-04-10,611.8400268554688,613.6699829101562,609.5800170898438,611.0700073242188,611.0700073242188,34038500.0
2026-04-13,609.47998046875,626.739990234375,608.1099853515625,617.3900146484375,617.3900146484375,32972100.0
2026-04-14,620.219970703125,628.5999755859375,620.0999755859375,628.5999755859375,628.5999755859375,49921100.0
2026-04-15,629.0800170898438,637.8300170898438,628.2000122070312,637.4000244140625,637.4000244140625,50102400.0
2026-04-16,639.2100219726562,642.1799926757812,635.260009765625,640.469970703125,640.469970703125,42320600.0
2026-04-17,645.5900268554688,650.0,644.0700073242188,648.8499755859375,648.8499755859375,53488900.0
2026-04-20,648.0399780273438,648.760009765625,642.52001953125,646.7899780273438,646.7899780273438,37138500.0
2026-04-21,648.4099731445312,650.2000122070312,642.2100219726562,644.3300170898438,644.3300170898438,39580500.0
2026-04-22,650.1500244140625,655.3300170898438,648.52001953125,655.1099853515625,655.1099853515625,37368400.0
2026-04-23,653.5499877929688,656.9199829101562,645.52001953125,651.4199829101562,651.4199829101562,40099800.0
2026-04-24,658.510009765625,664.510009765625,656.530029296875,663.8800048828125,663.8800048828125,45563100.0
2026-04-27,663.4000244140625,664.4299926757812,660.6900024414062,664.22998046875,664.22998046875,32717000.0
2026-04-28,657.4099731445312,659.6400146484375,653.8099975585938,657.5499877929688,657.5499877929688,34147900.0
2026-04-29,658.6300048828125,661.719970703125,656.5900268554688,661.5700073242188,661.5700073242188,31724900.0
2026-04-30,665.3499755859375,668.9000244140625,657.5599975585938,667.739990234375,667.739990234375,40622200.0
2026-05-01,669.1599731445312,675.969970703125,668.7999877929688,674.1500244140625,674.1500244140625,39172600.0
2026-05-04,674.6599731445312,676.72998046875,668.9000244140625,672.8800048828125,672.8800048828125,34542000.0
2026-05-05,677.9600219726562,682.77001953125,677.510009765625,681.6099853515625,681.6099853515625,37101100.0
2026-05-06,687.780029296875,695.9299926757812,686.47998046875,695.77001953125,695.77001953125,38778500.0
2026-05-07,696.5800170898438,701.239990234375,691.77001953125,694.9400024414062,694.9400024414062,43779100.0
2026-05-08,699.9199829101562,711.22998046875,699.5,711.22998046875,711.22998046875,44320400.0
2026-05-11,710.3599853515625,714.5900268554688,708.9099731445312,713.2899780273438,713.2899780273438,36019100.0
2026-05-12,708.219970703125,710.1799926757812,696.6400146484375,707.239990234375,707.239990234375,45873000.0
2026-05-13,709.9600219726562,716.6500244140625,704.8300170898438,714.7100219726562,714.7100219726562,40012500.0
2026-05-14,714.6199951171875,722.030029296875,714.219970703125,719.7899780273438,719.7899780273438,33327500.0
2026-05-15,710.1400146484375,715.1300048828125,705.5499877929688,708.9299926757812,708.9299926757812,51792700.0
2026-05-18,711.5399780273438,712.0700073242188,698.8499755859375,705.8800048828125,705.8800048828125,49834500.0
2026-05-19,699.8099975585938,706.489990234375,695.25,701.530029296875,701.530029296875,46827500.0
2026-05-20,705.2899780273438,713.1500244140625,703.7899780273438,713.1500244140625,713.1500244140625,36779200.0
2026-05-21,708.989990234375,717.1199951171875,706.77001953125,714.510009765625,714.510009765625,36415400.0
2026-05-22,718.0700073242188,722.1199951171875,715.9500122070312,717.5399780273438,717.5399780273438,33118600.0
2026-05-26,725.9600219726562,731.1699829101562,724.1599731445312,730.280029296875,730.280029296875,34254700.0
2026-05-27,732.9600219726562,733.3200073242188,725.4400024414062,729.4500122070312,729.4500122070312,35148700.0
2026-05-28,729.72998046875,736.5999755859375,726.4099731445312,735.5999755859375,735.5999755859375,32840000.0
2026-05-29,737.8400268554688,741.6300048828125,735.25,738.3099975585938,738.3099975585938,37541700.0
2026-06-01,737.0399780273438,745.6500244140625,735.989990234375,742.739990234375,742.739990234375,33890600.0
2026-06-02,742.4000244140625,746.4400024414062,739.22998046875,746.1599731445312,746.1599731445312,30085200.0
2026-06-03,747.3099975585938,748.6500244140625,741.010009765625,744.2100219726562,744.2100219726562,40270200.0
2026-06-04,735.47998046875,743.5,732.6199951171875,740.6099853515625,740.6099853515625,40782600.0
2026-06-05,730.0599975585938,731.6900024414062,704.3200073242188,705.0599975585938,705.0599975585938,99178800.0
,,,,,,
,,,,,,
