Date,Open,High,Low,Close,Adj Close,Volume
2021-05-20,3067.10009765625,3088.800048828125,3052.10009765625,3060.0,2689.974853515625,2329027
2021-05-21,3061.0,3088.199951171875,3055.10009765625,3080.5,2707.996337890625,1685566
2021-05-24,3081.5,3105.0,3072.0,3081.5,2708.875732421875,1652260
2021-05-25,3092.0,3128.25,3082.10009765625,3114.0,2750.8359375,1841613
2021-05-26,3120.0,3165.0,3103.800048828125,3158.5,2790.146240234375,1923753
2021-05-27,3161.949951171875,3217.75,3161.800048828125,3180.0,2809.138671875,5959785
2021-05-28,3189.5,3198.0,3135.64990234375,3143.60009765625,2776.984375,1763701
2021-05-31,3150.0,3170.35009765625,3128.60009765625,3159.14990234375,2790.720703125,1652799
2021-06-01,3168.60009765625,3169.949951171875,3132.0,3153.0,2785.2880859375,1377441
2021-06-02,3150.85009765625,3159.449951171875,3115.0,3129.449951171875,2764.484130859375,2240078
2021-06-03,3154.550048828125,3154.550048828125,3122.64990234375,3141.25,2774.907958984375,1281706
2021-06-04,3128.0,3156.85009765625,3125.0,3143.75,2777.11669921875,1836060
2021-06-07,3145.0,3190.449951171875,3133.60009765625,3183.199951171875,2811.965087890625,2559821
2021-06-08,3198.0,3231.0,3187.199951171875,3200.14990234375,2826.938720703125,2574057
2021-06-09,3202.0,3220.0,3186.199951171875,3200.25,2827.027587890625,1710925
2021-06-10,3210.0,3224.0,3193.0,3216.800048828125,2841.64697265625,1874324
2021-06-11,3211.550048828125,3309.0,3211.0,3273.800048828125,2892.000244140625,3452954
2021-06-14,3279.0,3308.699951171875,3270.35009765625,3276.35009765625,2894.252197265625,1847360
2021-06-15,3298.0,3298.0,3251.550048828125,3262.75,2882.238037109375,1304985
2021-06-16,3262.10009765625,3294.699951171875,3253.0,3274.35009765625,2892.48583984375,1635552
2021-06-17,3265.5,3336.050048828125,3260.0,3317.75,2930.82373046875,2273413
2021-06-18,3350.89990234375,3358.0,3275.0,3297.300048828125,2912.759033203125,3380431
2021-06-21,3265.0,3286.0,3251.699951171875,3273.10009765625,2891.381103515625,1130569
2021-06-22,3304.0,3327.050048828125,3285.0,3301.199951171875,2916.203857421875,1708688
2021-06-23,3329.0,3329.0,3256.39990234375,3261.39990234375,2881.045166015625,1467104
2021-06-24,3284.0,3383.0,3278.5,3373.60009765625,2980.160400390625,4155204
2021-06-25,3375.25,3399.64990234375,3350.0,3380.800048828125,2986.52099609375,2722861
2021-06-28,3391.5,3391.5,3333.0,3336.75,2947.60791015625,1355238
2021-06-29,3342.0,3366.300048828125,3326.5,3340.85009765625,2951.230224609375,1497322
2021-06-30,3346.0,3382.0,3338.5,3345.75,2955.558837890625,1693146
2021-07-01,3358.0,3362.0,3332.35009765625,3341.5,2951.8037109375,990310
2021-07-02,3331.0,3339.699951171875,3295.199951171875,3325.449951171875,2937.625732421875,1682274
2021-07-05,3342.0,3374.0,3302.0,3321.0,2933.694580078125,1972858
2021-07-06,3313.0,3328.0,3256.10009765625,3262.300048828125,2881.8408203125,2159420
2021-07-07,3275.0,3282.699951171875,3241.60009765625,3274.949951171875,2893.015625,2640710
2021-07-08,3298.0,3298.0,3231.89990234375,3258.5,2878.484619140625,2485811
2021-07-09,3250.0,3282.0,3201.0,3208.14990234375,2834.00537109375,6365067
2021-07-12,3235.0,3236.0,3188.35009765625,3193.10009765625,2820.7109375,1892226
2021-07-13,3214.0,3214.0,3175.0,3187.550048828125,2815.807861328125,1809339
2021-07-14,3187.0,3222.0,3185.0,3214.550048828125,2839.65966796875,2044279
2021-07-15,3227.60009765625,3231.85009765625,3194.0,3202.949951171875,2835.5869140625,2232968
2021-07-16,3213.0,3219.85009765625,3192.0,3194.800048828125,2828.371826171875,1256526
2021-07-19,3180.0,3199.800048828125,3176.0,3184.60009765625,2819.341796875,1597058
2021-07-20,3184.60009765625,3215.0,3156.14990234375,3205.800048828125,2838.110595703125,1811945
2021-07-22,3190.0,3224.949951171875,3190.0,3216.35009765625,2847.450439453125,2859334
2021-07-23,3230.0,3241.550048828125,3206.64990234375,3212.85009765625,2844.351318359375,1776193
2021-07-26,3200.0,3224.25,3190.85009765625,3197.550048828125,2830.806640625,1259611
2021-07-27,3200.0,3210.0,3161.14990234375,3182.949951171875,2817.881103515625,1121367
2021-07-28,3188.0,3204.449951171875,3132.39990234375,3197.800048828125,2831.02783203125,1660654
2021-07-29,3200.25,3225.449951171875,3190.300048828125,3195.800048828125,2829.2568359375,1731997
2021-07-30,3219.0,3223.5,3162.35009765625,3167.449951171875,2804.158447265625,2999943
2021-08-02,3180.0,3224.89990234375,3167.0,3219.39990234375,2850.150390625,2608669
2021-08-03,3229.0,3290.0,3218.949951171875,3284.89990234375,2908.137451171875,3804735
2021-08-04,3300.0,3305.199951171875,3261.199951171875,3273.949951171875,2898.44384765625,2929598
2021-08-05,3275.0,3315.0,3262.5,3283.949951171875,2907.296630859375,2534521
2021-08-06,3272.550048828125,3324.0,3265.0,3309.800048828125,2930.18212890625,2292362
2021-08-09,3323.89990234375,3337.0,3310.0,3322.699951171875,2941.602294921875,1510489
2021-08-10,3315.60009765625,3349.89990234375,3315.60009765625,3333.89990234375,2951.517822265625,2040777
2021-08-11,3350.0,3360.0,3327.10009765625,3344.199951171875,2960.63623046875,1929707
2021-08-12,3326.0,3368.0,3326.0,3351.75,2967.3203125,1310205
2021-08-13,3360.75,3480.0,3357.5,3463.39990234375,3066.16455078125,4363584
2021-08-16,3460.0,3494.35009765625,3436.5,3472.949951171875,3074.619873046875,2083489
2021-08-17,3482.10009765625,3560.800048828125,3463.0,3553.050048828125,3145.532470703125,4336019
2021-08-18,3573.85009765625,3595.0,3536.60009765625,3560.550048828125,3152.172119140625,2631309
2021-08-20,3506.0,3575.0,3500.0,3559.5,3151.24267578125,2836148
2021-08-23,3580.0,3673.0,3561.89990234375,3637.39990234375,3220.207763671875,3744176
2021-08-24,3657.0,3667.35009765625,3594.39990234375,3613.199951171875,3198.783447265625,2511141
2021-08-25,3610.0,3697.75,3607.050048828125,3659.0,3239.330078125,2123263
2021-08-26,3660.0,3687.60009765625,3647.89990234375,3671.85009765625,3250.706787109375,1902533
2021-08-27,3666.0,3729.5,3651.10009765625,3720.14990234375,3293.466552734375,3944728
2021-08-30,3715.0,3740.35009765625,3687.60009765625,3701.300048828125,3276.779052734375,2033114
2021-08-31,3709.39990234375,3804.10009765625,3703.449951171875,3786.449951171875,3352.162841796875,3207480
2021-09-01,3796.0,3816.699951171875,3707.0,3714.949951171875,3288.86279296875,2643336
2021-09-02,3734.0,3859.14990234375,3722.0,3836.75,3396.693359375,3403717
2021-09-03,3825.0,3856.89990234375,3804.550048828125,3842.050048828125,3401.3857421875,1746812
2021-09-06,3849.699951171875,3877.60009765625,3814.0,3852.0,3410.19384765625,1723693
2021-09-07,3864.0,3869.949951171875,3808.25,3815.89990234375,3378.23486328125,1585039
2021-09-08,3810.0,3815.0,3756.0,3774.14990234375,3341.27294921875,4147175
2021-09-09,3789.699951171875,3808.699951171875,3765.0,3791.39990234375,3356.544677734375,1441148
2021-09-13,3767.0,3852.39990234375,3767.0,3845.35009765625,3404.306884765625,1691473
2021-09-14,3849.949951171875,3896.5,3825.0,3885.89990234375,3440.206298828125,1991188
2021-09-15,3882.10009765625,3980.0,3866.0,3954.550048828125,3500.982421875,2461369
2021-09-16,3930.0,3981.75,3892.10009765625,3903.300048828125,3455.610595703125,2946666
2021-09-17,3920.0,3945.0,3805.0,3827.85009765625,3388.81396484375,6477148
2021-09-20,3809.0,3871.0,3807.85009765625,3823.5,3384.963134765625,2002008
2021-09-21,3858.0,3871.550048828125,3821.64990234375,3862.949951171875,3419.88818359375,1568129
2021-09-22,3862.5,3896.85009765625,3852.449951171875,3862.14990234375,3419.179931640625,1744067
2021-09-23,3870.0,3879.0,3835.0,3869.25,3425.465576171875,2003869
2021-09-24,3890.0,3944.39990234375,3855.0,3871.300048828125,3427.281005859375,2320754
2021-09-27,3900.0,3904.0,3802.89990234375,3836.949951171875,3396.8701171875,1673362
2021-09-28,3850.0,3850.0,3751.25,3779.14990234375,3345.699462890625,2253075
2021-09-29,3759.800048828125,3806.0,3722.14990234375,3791.89990234375,3356.98681640625,2489161
2021-09-30,3805.0,3805.0,3750.10009765625,3775.550048828125,3342.5126953125,2252412
2021-10-01,3781.75,3810.0,3725.0,3730.199951171875,3302.3642578125,1578374
2021-10-04,3724.800048828125,3783.64990234375,3707.449951171875,3773.300048828125,3340.520751953125,1356860
2021-10-05,3754.0,3840.0,3741.60009765625,3833.300048828125,3393.639404296875,1877966
2021-10-06,3836.0,3857.449951171875,3795.0,3810.89990234375,3373.808349609375,1678154
2021-10-07,3830.0,3899.0,3820.050048828125,3892.89990234375,3446.40380859375,1647233
2021-10-08,3925.0,3989.89990234375,3900.0,3935.64990234375,3484.249755859375,2934339
2021-10-11,3755.0,3757.5,3660.0,3685.60009765625,3262.879638671875,11845402
2021-10-12,3706.0,3707.0,3630.60009765625,3652.85009765625,3233.885986328125,5752877
2021-10-13,3650.0,3675.449951171875,3645.0,3655.199951171875,3235.96630859375,3545655
2021-10-14,3625.0,3670.0,3608.199951171875,3611.449951171875,3203.368408203125,6442299
2021-10-18,3603.449951171875,3652.699951171875,3601.449951171875,3647.14990234375,3235.034912109375,3590107
2021-10-19,3669.0,3690.10009765625,3625.199951171875,3634.14990234375,3223.50390625,3135441
2021-10-20,3612.0,3630.0,3578.300048828125,3608.85009765625,3201.0625,2933693
2021-10-21,3604.10009765625,3607.449951171875,3511.25,3532.5,3133.339599609375,4871211
2021-10-22,3560.0,3561.60009765625,3485.0,3498.85009765625,3103.492431640625,2691670
2021-10-25,3503.0,3514.550048828125,3450.0,3492.949951171875,3098.25927734375,2595594
2021-10-26,3494.5,3529.0,3475.0,3482.60009765625,3089.078857421875,3878763
2021-10-27,3483.0,3511.25,3483.0,3489.75,3095.42041015625,2510813
2021-10-28,3518.0,3518.0,3415.0,3421.64990234375,3035.015625,2424942
2021-10-29,3400.050048828125,3461.0,3385.949951171875,3397.75,3013.816162109375,3960501
2021-11-01,3437.949951171875,3487.0,3412.949951171875,3476.39990234375,3083.578857421875,2020718
2021-11-02,3494.0,3513.60009765625,3469.75,3484.199951171875,3090.498046875,3087414
2021-11-03,3504.199951171875,3519.89990234375,3466.050048828125,3492.25,3097.638427734375,1537639
2021-11-04,3512.949951171875,3513.25,3505.0,3508.64990234375,3112.185302734375,328991
2021-11-08,3548.0,3548.0,3481.199951171875,3502.75,3106.951904296875,2526082
2021-11-09,3508.0,3535.0,3496.0,3505.699951171875,3109.568115234375,1782692
2021-11-10,3498.0,3519.699951171875,3480.199951171875,3484.300048828125,3090.58642578125,1516489
2021-11-11,3480.0,3510.050048828125,3436.0,3488.199951171875,3094.045654296875,1284514
2021-11-12,3506.0,3534.14990234375,3485.699951171875,3526.050048828125,3127.61865234375,1747259
2021-11-15,3528.0,3569.60009765625,3528.0,3553.300048828125,3151.78955078125,1809157
2021-11-16,3569.0,3575.550048828125,3542.0,3556.39990234375,3154.539306640625,2013204
2021-11-17,3550.60009765625,3562.85009765625,3506.39990234375,3521.89990234375,3123.93798828125,1632914
2021-11-18,3515.14990234375,3520.85009765625,3451.60009765625,3475.699951171875,3082.958740234375,2136598
2021-11-22,3478.39990234375,3515.949951171875,3440.300048828125,3458.39990234375,3067.61328125,3167936
2021-11-23,3445.0,3480.949951171875,3407.800048828125,3464.25,3072.80224609375,2153461
2021-11-24,3472.199951171875,3493.050048828125,3424.0,3443.300048828125,3054.21875,2161746
2021-11-25,3443.89990234375,3463.0,3434.050048828125,3445.89990234375,3056.525390625,1849619
2021-11-26,3425.0,3490.0,3411.89990234375,3446.85009765625,3057.368408203125,1941251
2021-11-29,3447.14990234375,3529.35009765625,3406.449951171875,3502.0,3106.28662109375,2981745
2021-11-30,3491.0,3563.75,3491.0,3529.14990234375,3130.36865234375,5588446
2021-12-01,3535.0,3590.0,3535.0,3577.800048828125,3173.52099609375,2102118
2021-12-02,3589.199951171875,3648.0,3574.10009765625,3642.89990234375,3231.265380859375,3152938
2021-12-03,3646.449951171875,3665.949951171875,3630.85009765625,3640.449951171875,3229.092529296875,2486263
2021-12-06,3640.449951171875,3658.0,3522.0,3536.39990234375,3136.799072265625,1849642
2021-12-07,3562.5,3598.0,3524.300048828125,3584.5,3179.464111328125,1484458
2021-12-08,3601.0,3646.449951171875,3601.0,3626.89990234375,3217.07275390625,1428660
2021-12-09,3610.0,3634.75,3566.0,3601.75,3194.76513671875,1567957
2021-12-10,3585.0,3642.0,3575.10009765625,3636.800048828125,3225.854736328125,1510718
2021-12-13,3650.0,3662.0,3601.699951171875,3609.64990234375,3201.772705078125,1883864
2021-12-14,3605.0,3635.0,3576.699951171875,3623.800048828125,3214.3232421875,1747007
2021-12-15,3620.0,3623.0,3558.14990234375,3570.35009765625,3166.912841796875,1603233
2021-12-16,3582.0,3608.449951171875,3570.0,3581.60009765625,3176.89208984375,2072320
2021-12-17,3602.5,3651.35009765625,3573.699951171875,3584.35009765625,3179.331298828125,4333992
2021-12-20,3589.0,3606.0,3510.14990234375,3556.89990234375,3154.98291015625,2312310
2021-12-21,3582.64990234375,3641.199951171875,3566.39990234375,3608.300048828125,3200.574462890625,2340989
2021-12-22,3624.0,3636.800048828125,3606.25,3630.75,3220.488525390625,1224328
2021-12-23,3648.0,3670.5,3630.0,3662.699951171875,3248.82763671875,1792861
2021-12-24,3685.0,3705.0,3644.800048828125,3670.89990234375,3256.10107421875,2209923
2021-12-27,3671.0,3700.0,3653.10009765625,3696.10009765625,3278.45361328125,1534135
2021-12-28,3710.0,3725.0,3693.85009765625,3706.550048828125,3287.722900390625,1456218
2021-12-29,3692.25,3719.949951171875,3685.0,3694.699951171875,3277.21240234375,1456923
2021-12-30,3681.35009765625,3740.0,3680.0,3733.75,3311.849609375,1966475
2021-12-31,3742.800048828125,3760.0,3731.300048828125,3738.35009765625,3315.929931640625,1207141
2022-01-03,3750.0,3830.0,3745.0,3817.75,3386.357177734375,2346158
2022-01-04,3831.10009765625,3889.14990234375,3811.699951171875,3884.75,3445.786865234375,2488606
2022-01-05,3865.0,3870.0,3812.39990234375,3860.949951171875,3424.67626953125,1733031
2022-01-06,3812.0,3835.0,3772.0,3807.449951171875,3377.2216796875,1810293
2022-01-07,3820.0,3864.89990234375,3796.39990234375,3853.5,3418.068115234375,2460591
2022-01-10,3978.0,3978.0,3861.0,3879.85009765625,3441.4404296875,3937092
2022-01-11,3856.0,3925.0,3856.0,3915.89990234375,3473.41650390625,1906106
2022-01-12,3925.0,3929.0,3836.550048828125,3859.89990234375,3423.74462890625,3203744
2022-01-13,3918.0,3923.0,3857.0,3897.89990234375,3457.451171875,6684507
2022-01-14,3877.85009765625,3977.0,3860.050048828125,3968.14990234375,3519.762939453125,3348123
2022-01-17,3992.699951171875,4043.0,3962.300048828125,4019.14990234375,3565.000244140625,3442604
2022-01-18,4033.949951171875,4041.699951171875,3980.0,3990.60009765625,3539.676513671875,2389041
2022-01-19,4012.0,4012.0,3910.5,3914.64990234375,3478.409912109375,3102539
2022-01-20,3910.0,3920.0,3811.0,3826.550048828125,3400.1279296875,6176776
2022-01-21,3807.0,3851.550048828125,3771.10009765625,3833.5,3406.302978515625,3112358
2022-01-24,3840.0,3849.64990234375,3740.10009765625,3771.35009765625,3351.079345703125,3258414
2022-01-25,3769.5,3809.39990234375,3722.199951171875,3769.89990234375,3349.7900390625,3330501
2022-01-27,3731.0,3733.39990234375,3625.10009765625,3649.25,3242.58544921875,5718297
2022-01-28,3646.0,3729.800048828125,3646.0,3690.050048828125,3278.8388671875,3143862
2022-01-31,3749.0,3758.0,3721.39990234375,3736.25,3319.890869140625,2739393
2022-02-01,3770.0,3808.0,3736.39990234375,3800.64990234375,3377.113525390625,2105169
2022-02-02,3827.89990234375,3864.0,3800.64990234375,3856.199951171875,3426.4736328125,1984212
2022-02-03,3851.0,3882.5,3816.050048828125,3824.60009765625,3398.39501953125,1960538
2022-02-04,3815.300048828125,3824.699951171875,3769.0,3814.89990234375,3389.775634765625,2307366
2022-02-07,3791.0,3831.800048828125,3756.14990234375,3779.0,3357.87646484375,1919149
2022-02-08,3791.550048828125,3799.699951171875,3721.0,3743.449951171875,3326.2880859375,2946443
2022-02-09,3750.0,3777.949951171875,3746.10009765625,3760.550048828125,3341.482177734375,1638721
2022-02-10,3789.800048828125,3789.800048828125,3758.0,3770.35009765625,3350.1904296875,2112459
2022-02-11,3752.5,3752.5,3690.0,3694.949951171875,3283.193115234375,3851488
2022-02-14,3724.0,3793.25,3710.0,3733.75,3317.6689453125,5951745
2022-02-15,3786.0,3835.0,3748.0,3817.800048828125,3392.35302734375,3931683
2022-02-16,3844.0,3854.10009765625,3806.0,3813.10009765625,3388.176513671875,3256906
2022-02-17,3825.0,3835.0,3779.0,3784.199951171875,3362.496826171875,3134372
2022-02-18,3769.0,3815.949951171875,3757.60009765625,3793.89990234375,3371.115478515625,3688883
2022-02-21,3810.0,3827.800048828125,3705.550048828125,3719.39990234375,3304.917724609375,7465922
2022-02-22,3650.0,3667.89990234375,3570.0,3586.39990234375,3186.73974609375,5408531
2022-02-23,3611.0,3622.89990234375,3555.64990234375,3563.800048828125,3166.658203125,2426203
2022-02-24,3474.0,3483.85009765625,3391.10009765625,3401.64990234375,3022.5771484375,5039136
2022-02-25,3468.0,3530.0,3462.0,3520.75,3128.405517578125,2549723
2022-02-28,3490.0,3563.75,3455.89990234375,3554.199951171875,3158.1279296875,3288942
2022-03-02,3552.5,3571.949951171875,3506.0,3546.14990234375,3150.974609375,2761341
2022-03-03,3562.85009765625,3578.60009765625,3530.10009765625,3544.39990234375,3149.419921875,1928039
2022-03-04,3501.5,3561.199951171875,3487.050048828125,3524.35009765625,3131.604248046875,2370257
2022-03-07,3450.0,3548.0,3431.550048828125,3484.89990234375,3096.549560546875,3054130
2022-03-08,3460.0,3609.0,3460.0,3599.949951171875,3198.779296875,3300992
2022-03-09,3605.0,3654.0,3597.050048828125,3632.60009765625,3227.79150390625,2719654
2022-03-10,3684.0,3684.0,3615.0,3620.949951171875,3217.43896484375,2005441
2022-03-11,3603.25,3639.85009765625,3592.85009765625,3599.14990234375,3198.06884765625,1623423
2022-03-14,3580.0,3648.35009765625,3580.0,3643.0,3237.0322265625,1765688
2022-03-15,3659.0,3659.0,3585.39990234375,3593.89990234375,3193.403564453125,3651133
2022-03-16,3640.5,3668.0,3616.25,3655.89990234375,3248.49462890625,3090475
2022-03-17,3696.60009765625,3710.0,3660.300048828125,3672.75,3263.46630859375,3600452
2022-03-21,3696.0,3713.949951171875,3615.0,3626.699951171875,3222.54833984375,2413831
2022-03-22,3640.0,3711.0,3625.0,3700.949951171875,3288.52392578125,2907611
2022-03-23,3708.0,3729.800048828125,3690.0,3712.39990234375,3298.697998046875,1596195
2022-03-24,3700.0,3758.199951171875,3695.0,3749.85009765625,3331.974609375,1879046
2022-03-25,3759.89990234375,3779.5,3672.0,3707.449951171875,3294.29931640625,1690133
2022-03-28,3695.0,3713.0,3661.199951171875,3707.699951171875,3294.5224609375,1760990
2022-03-29,3694.75,3722.0,3691.0,3705.35009765625,3292.43408203125,2689063
2022-03-30,3738.0,3738.0,3706.199951171875,3731.550048828125,3315.714111328125,1583455
2022-03-31,3740.0,3754.64990234375,3720.199951171875,3739.949951171875,3323.17822265625,2168110
2022-04-01,3748.0,3763.0,3728.050048828125,3758.75,3339.88330078125,1387014
2022-04-04,3762.0,3780.0,3737.10009765625,3770.35009765625,3350.1904296875,1472994
2022-04-05,3772.0,3835.60009765625,3772.0,3814.800048828125,3389.686767578125,2314947
2022-04-06,3809.300048828125,3809.300048828125,3731.14990234375,3755.35009765625,3336.8623046875,2051729
2022-04-07,3745.5,3745.5,3679.0,3684.14990234375,3273.596435546875,2494829
2022-04-08,3690.0,3705.0,3642.5,3685.64990234375,3274.928955078125,2296773
2022-04-11,3690.0,3712.35009765625,3656.10009765625,3696.39990234375,3284.480712890625,2291660
2022-04-12,3683.0,3739.0,3648.35009765625,3691.10009765625,3279.772216796875,4483476
2022-04-13,3707.0,3709.85009765625,3655.550048828125,3661.949951171875,3253.8701171875,1621672
2022-04-18,3610.0,3610.0,3522.5,3528.050048828125,3134.89208984375,3820792
2022-04-19,3550.0,3563.550048828125,3439.14990234375,3471.89990234375,3084.9990234375,3170014
2022-04-20,3500.0,3569.14990234375,3480.0,3556.800048828125,3160.437744140625,2640370
2022-04-21,3580.0,3644.0,3567.39990234375,3628.64990234375,3224.280517578125,2280996
2022-04-22,3581.10009765625,3617.0,3571.5,3612.550048828125,3209.975341796875,1581465
2022-04-25,3558.0,3584.0,3533.10009765625,3548.199951171875,3152.796142578125,1960694
2022-04-26,3575.14990234375,3587.89990234375,3518.14990234375,3546.300048828125,3151.108154296875,1943469
2022-04-27,3546.0,3568.449951171875,3506.300048828125,3561.199951171875,3164.34765625,1727648
2022-04-28,3588.0,3604.39990234375,3538.050048828125,3584.300048828125,3184.873291015625,1703660
2022-04-29,3597.0,3623.25,3536.85009765625,3546.699951171875,3151.462890625,2051115
2022-05-02,3519.89990234375,3547.949951171875,3492.75,3542.39990234375,3147.64208984375,1324161
2022-05-04,3538.5,3545.449951171875,3465.300048828125,3479.75,3091.974365234375,2305825
2022-05-05,3512.10009765625,3533.0,3485.35009765625,3513.39990234375,3121.8740234375,1612262
2022-05-06,3459.0,3474.5,3424.5,3432.60009765625,3050.0791015625,2010812
2022-05-09,3398.0,3456.0,3346.85009765625,3445.10009765625,3061.185546875,2481830
2022-05-10,3434.0,3464.800048828125,3422.0,3438.75,3055.543212890625,1622685
2022-05-11,3435.0,3448.449951171875,3382.14990234375,3412.0,3031.7744140625,1841769
2022-05-12,3378.0,3449.699951171875,3350.10009765625,3408.64990234375,3028.797607421875,2807195
2022-05-13,3435.0,3439.89990234375,3382.14990234375,3414.89990234375,3034.350830078125,2187823
2022-05-16,3415.0,3430.0,3366.60009765625,3376.800048828125,3000.49658203125,1195813
2022-05-17,3370.0,3467.0,3350.39990234375,3451.60009765625,3066.961669921875,1754076
2022-05-18,3465.0,3495.0,3443.050048828125,3448.800048828125,3064.473876953125,1866781
2022-05-19,3397.0,3405.0,3230.0,3261.949951171875,2898.445556640625,4642963
2022-05-20,3310.0,3313.89990234375,3270.050048828125,3293.0,2926.035400390625,3065125
2022-05-23,3304.800048828125,3338.89990234375,3267.0,3321.75,2951.58154296875,2293690
2022-05-24,3315.14990234375,3324.85009765625,3275.60009765625,3288.0,2921.59228515625,1711510
2022-05-25,3292.85009765625,3292.85009765625,3154.050048828125,3167.64990234375,2833.613525390625,3548046
2022-05-26,3191.0,3241.5,3180.550048828125,3226.949951171875,2886.660400390625,2813186
2022-05-27,3253.199951171875,3278.89990234375,3229.199951171875,3261.300048828125,2917.387939453125,3103153
2022-05-30,3297.0,3386.60009765625,3286.35009765625,3375.25,3019.32177734375,2094624
2022-05-31,3354.14990234375,3383.39990234375,3325.0,3364.35009765625,3009.5712890625,4840965
2022-06-01,3388.0,3388.0,3340.050048828125,3355.199951171875,3001.385986328125,1493835
2022-06-02,3355.0,3432.0,3346.300048828125,3423.0,3062.03662109375,2657939
2022-06-03,3459.39990234375,3477.300048828125,3431.199951171875,3440.14990234375,3077.377685546875,1913622
2022-06-06,3418.0,3453.0,3377.14990234375,3430.949951171875,3069.147705078125,1084210
2022-06-07,3401.050048828125,3418.85009765625,3356.0,3362.699951171875,3008.09521484375,2308256
2022-06-08,3380.14990234375,3413.949951171875,3346.5,3404.14990234375,3045.173828125,2185707
2022-06-09,3385.0,3437.0,3353.10009765625,3427.10009765625,3065.70458984375,1279197
2022-06-10,3382.0,3393.0,3352.0,3359.89990234375,3005.59033203125,1527582
2022-06-13,3290.0,3293.0,3192.449951171875,3219.60009765625,2880.0849609375,3030921
2022-06-14,3190.0,3238.89990234375,3174.699951171875,3210.550048828125,2871.98974609375,2611493
2022-06-15,3218.5,3234.0,3201.0,3206.300048828125,2868.18798828125,1404536
2022-06-16,3240.0,3244.85009765625,3133.050048828125,3142.0,2810.66796875,2032028
2022-06-17,3092.0,3118.75,3023.85009765625,3088.89990234375,2763.16796875,5240434
2022-06-20,3094.0,3138.75,3069.0,3112.39990234375,2784.189697265625,1502769
2022-06-21,3130.0,3237.75,3125.39990234375,3211.949951171875,2873.241943359375,2964461
2022-06-22,3199.89990234375,3250.550048828125,3183.0,3222.949951171875,2883.08203125,3336315
2022-06-23,3222.949951171875,3318.0,3222.949951171875,3308.800048828125,2959.879150390625,3692578
2022-06-24,3339.0,3345.0,3277.5,3293.10009765625,2945.834716796875,2132118
2022-06-27,3350.0,3362.89990234375,3306.5,3314.699951171875,2965.1572265625,2037686
2022-06-28,3307.0,3330.0,3272.60009765625,3318.14990234375,2968.242919921875,1400046
2022-06-29,3271.0,3333.0,3271.0,3290.5,2943.5087890625,2133994
2022-06-30,3272.0,3310.89990234375,3255.0,3267.10009765625,2922.576416015625,2719603
2022-07-01,3260.0,3333.0,3252.050048828125,3315.10009765625,2965.514892578125,1502879
2022-07-04,3312.0,3317.949951171875,3225.050048828125,3235.050048828125,2893.90625,2622535
2022-07-05,3255.0,3272.0,3206.949951171875,3216.300048828125,2877.133544921875,2170627
2022-07-06,3218.5,3268.5,3202.25,3260.75,2916.895751953125,2182144
2022-07-07,3271.0,3319.39990234375,3265.050048828125,3287.85009765625,2941.13818359375,1989921
2022-07-08,3300.0,3305.0,3250.0,3265.449951171875,2921.10009765625,2136916
2022-07-11,3206.14990234375,3225.0,3106.0,3113.800048828125,2785.442138671875,6974600
2022-07-12,3114.89990234375,3136.199951171875,3080.25,3084.699951171875,2759.4111328125,3734815
2022-07-13,3104.0,3110.0,3035.0,3038.75,2718.306884765625,3863530
2022-07-14,3056.0,3057.0,2967.0,2998.75,2689.605224609375,4764908
2022-07-15,3018.550048828125,3028.89990234375,2953.0,2994.60009765625,2685.88330078125,4574806
2022-07-18,3023.0,3076.949951171875,3014.300048828125,3063.5,2747.6806640625,3202795
2022-07-19,3030.050048828125,3078.949951171875,3030.050048828125,3074.25,2757.322265625,1865074
2022-07-20,3107.800048828125,3171.949951171875,3098.050048828125,3164.800048828125,2838.537109375,3402251
2022-07-21,3167.0,3184.0,3144.050048828125,3177.300048828125,2849.748291015625,2420640
2022-07-22,3185.0,3197.0,3143.5,3171.0,2844.09814453125,2075886
2022-07-25,3165.0,3186.449951171875,3149.10009765625,3166.75,2840.2861328125,1797504
2022-07-26,3164.699951171875,3168.89990234375,3096.5,3115.89990234375,2794.67822265625,2639367
2022-07-27,3115.0,3194.10009765625,3110.0,3188.85009765625,2860.107666015625,1389808
2022-07-28,3216.0,3264.0,3201.64990234375,3260.5,2924.37109375,2106333
2022-07-29,3290.0,3317.300048828125,3275.0,3301.89990234375,2961.503173828125,2430257
2022-08-01,3327.0,3327.0,3271.0,3298.800048828125,2958.722900390625,1306913
2022-08-02,3290.0,3312.89990234375,3271.64990234375,3291.800048828125,2952.444091796875,1269114
2022-08-03,3280.0,3349.0,3277.050048828125,3339.5,2995.22705078125,2895824
2022-08-04,3350.0,3387.89990234375,3307.35009765625,3354.949951171875,3009.084716796875,2150567
2022-08-05,3361.199951171875,3377.0,3355.0,3365.050048828125,3018.143310546875,1106933
2022-08-08,3365.0,3378.89990234375,3336.0,3374.449951171875,3026.573974609375,1068836
2022-08-10,3385.0,3385.0,3335.0,3354.25,3008.45654296875,1878359
2022-08-11,3400.0,3428.699951171875,3375.050048828125,3422.5,3069.670654296875,1449248
2022-08-12,3419.0,3419.0,3381.25,3401.550048828125,3050.88037109375,1472354
2022-08-16,3411.0,3414.85009765625,3387.5,3392.699951171875,3042.942626953125,839942
2022-08-17,3385.10009765625,3417.949951171875,3371.10009765625,3401.10009765625,3050.476318359375,1622326
2022-08-18,3390.0,3392.0,3362.0,3381.25,3032.6728515625,1430659
2022-08-19,3387.0,3421.5,3371.25,3385.75,3036.708740234375,1398410
2022-08-22,3365.0,3384.10009765625,3347.39990234375,3354.550048828125,3008.7255859375,1536532
2022-08-23,3319.949951171875,3341.89990234375,3270.0,3284.60009765625,2945.98681640625,1849256
2022-08-24,3292.0,3308.0,3250.199951171875,3255.35009765625,2919.75244140625,1691923
2022-08-25,3276.0,3278.14990234375,3214.75,3218.199951171875,2886.431884765625,1946930
2022-08-26,3234.300048828125,3257.0,3216.800048828125,3222.199951171875,2890.01953125,1457962
2022-08-29,3125.0,3142.699951171875,3081.0,3132.550048828125,2809.611572265625,2539173
2022-08-30,3155.0,3226.5,3142.10009765625,3211.14990234375,2880.108642578125,3431525
2022-09-01,3190.0,3190.0,3121.0,3131.699951171875,2808.848876953125,3546935
2022-09-02,3163.0,3163.0,3120.300048828125,3130.39990234375,2807.68359375,2052900
2022-09-05,3123.64990234375,3147.949951171875,3112.25,3133.39990234375,2810.3740234375,2147912
2022-09-06,3135.5,3140.85009765625,3106.35009765625,3127.050048828125,2804.678955078125,1936453
2022-09-07,3102.0,3161.89990234375,3102.0,3149.60009765625,2824.904052734375,1291534
2022-09-08,3170.0,3183.5,3160.10009765625,3169.64990234375,2842.886962890625,1346113
2022-09-09,3195.0,3233.5,3168.5,3217.64990234375,2885.9384765625,1561185
2022-09-12,3239.89990234375,3269.800048828125,3225.0,3242.949951171875,2908.63037109375,1785928
2022-09-13,3263.449951171875,3263.449951171875,3225.0,3229.35009765625,2896.432373046875,1972678
2022-09-14,3135.0,3141.39990234375,3113.800048828125,3120.39990234375,2798.714599609375,5090269
2022-09-15,3130.0,3137.75,3100.0,3104.35009765625,2784.31884765625,2138023
2022-09-16,3076.0,3094.35009765625,3000.0,3008.699951171875,2698.529296875,5322221
2022-09-19,3036.0,3042.0,2987.800048828125,3028.800048828125,2716.5576171875,2072220
2022-09-20,3050.0,3079.949951171875,3030.0,3040.300048828125,2726.8720703125,1544295
2022-09-21,3028.0,3041.39990234375,2998.14990234375,3001.199951171875,2691.802734375,2253818
2022-09-22,2990.0,3029.949951171875,2979.300048828125,3007.39990234375,2697.363525390625,2017983
2022-09-23,3004.0,3022.5,2979.0,2982.050048828125,2674.62646484375,2652374
2022-09-26,2959.85009765625,3025.85009765625,2926.10009765625,2994.39990234375,2685.70361328125,2925489
2022-09-27,3009.39990234375,3025.0,2976.0,3017.449951171875,2706.37744140625,2227447
2022-09-28,2980.0,3049.949951171875,2980.0,3035.64990234375,2722.700927734375,2739767
2022-09-29,3054.0,3055.85009765625,2990.0,2997.300048828125,2688.3046875,2493902
2022-09-30,2990.85009765625,3019.699951171875,2950.10009765625,3004.550048828125,2694.807373046875,2817353
2022-10-03,2995.0,3020.699951171875,2974.0,2984.949951171875,2677.2275390625,1763331
2022-10-04,3029.949951171875,3098.0,3023.0,3091.14990234375,2772.479736328125,2145875
2022-10-06,3111.0,3124.0,3092.449951171875,3101.949951171875,2782.166015625,1790816
2022-10-07,3097.39990234375,3105.0,3058.10009765625,3064.89990234375,2748.935546875,1939879
2022-10-10,3010.0,3127.0,3005.0,3118.550048828125,2797.054931640625,3064063
2022-10-11,3100.0,3145.0,3053.35009765625,3069.550048828125,2753.1064453125,4730645
2022-10-12,3084.89990234375,3109.89990234375,3062.050048828125,3100.75,2781.09033203125,1665247
2022-10-13,3100.75,3110.0,3052.35009765625,3103.300048828125,2783.37744140625,2054781
2022-10-14,3145.0,3150.0,3071.0,3099.14990234375,2779.654541015625,2245977
2022-10-17,3072.64990234375,3128.39990234375,3071.449951171875,3111.75,2798.179443359375,1517005
2022-10-18,3150.0,3155.35009765625,3128.550048828125,3144.699951171875,2827.80859375,1793722
2022-10-19,3159.0,3159.0,3112.0,3121.85009765625,2807.26123046875,1194289
2022-10-20,3105.0,3160.0,3105.0,3157.300048828125,2839.139404296875,1587601
2022-10-21,3157.800048828125,3160.39990234375,3127.0,3137.39990234375,2821.244140625,1021913
2022-10-24,3170.10009765625,3178.0,3155.0,3161.699951171875,2843.095947265625,260949
2022-10-25,3180.5,3184.25,3151.14990234375,3162.10009765625,2843.455322265625,2069643
2022-10-27,3160.699951171875,3174.0,3134.35009765625,3157.39990234375,2839.22900390625,2438421
2022-10-28,3150.0,3178.5,3145.0,3163.25,2844.489501953125,1355739
2022-10-31,3199.0,3199.0,3177.800048828125,3193.14990234375,2871.37646484375,1919414
2022-11-01,3214.5,3262.60009765625,3203.449951171875,3259.699951171875,2931.22021484375,2991060
2022-11-02,3270.0,3270.0,3222.050048828125,3241.699951171875,2915.033935546875,1405955
2022-11-03,3228.050048828125,3228.050048828125,3195.0,3206.75,2883.6064453125,1422652
2022-11-04,3217.0,3220.050048828125,3166.14990234375,3217.39990234375,2893.1826171875,1464013
2022-11-07,3229.0,3242.800048828125,3195.10009765625,3233.699951171875,2907.84033203125,1474498
2022-11-09,3249.800048828125,3249.800048828125,3201.64990234375,3216.050048828125,2891.968994140625,1162267
2022-11-10,3170.0,3225.0,3170.0,3205.64990234375,2882.616943359375,1573092
2022-11-11,3269.60009765625,3341.60009765625,3255.050048828125,3315.949951171875,2981.8017578125,3265394
2022-11-14,3324.0,3349.0,3309.0,3335.5,2999.381591796875,1342074
2022-11-15,3321.0,3339.949951171875,3292.0,3332.60009765625,2996.7744140625,1400708
2022-11-16,3338.89990234375,3367.89990234375,3321.449951171875,3355.35009765625,3017.231689453125,1748235
2022-11-17,3340.0,3360.0,3317.75,3349.0,3011.521484375,1417986
2022-11-18,3350.0,3362.75,3321.0,3343.449951171875,3006.53076171875,1164540
2022-11-21,3322.5,3333.699951171875,3273.0,3283.5,2952.6220703125,1304194
2022-11-22,3280.0,3318.949951171875,3255.25,3314.949951171875,2980.90283203125,1149739
2022-11-23,3330.0,3330.0,3291.0,3308.300048828125,2974.923095703125,1150011
2022-11-24,3316.25,3392.949951171875,3308.300048828125,3380.14990234375,3039.53271484375,1296591
2022-11-25,3383.0,3403.35009765625,3348.0,3389.64990234375,3048.0751953125,1588981
2022-11-28,3366.0,3417.0,3365.550048828125,3395.25,3053.111083984375,2195437
2022-11-29,3383.0,3429.0,3383.0,3397.35009765625,3054.999267578125,1576028
2022-11-30,3383.0,3414.89990234375,3375.0,3390.800048828125,3049.109619140625,3410702
2022-12-01,3425.0,3480.0,3420.0,3475.64990234375,3125.408935546875,2180856
2022-12-02,3458.10009765625,3468.89990234375,3413.0,3439.14990234375,3092.587158203125,2411749
2022-12-05,3433.0,3439.14990234375,3407.0,3425.89990234375,3080.67236328125,1475065
2022-12-06,3400.050048828125,3407.949951171875,3368.0,3385.35009765625,3044.20849609375,1166999
2022-12-07,3368.300048828125,3393.699951171875,3354.0,3380.60009765625,3039.9375,1167505
2022-12-08,3360.0,3380.60009765625,3339.449951171875,3350.550048828125,3012.915283203125,1285619
2022-12-09,3374.10009765625,3374.10009765625,3276.35009765625,3292.75,2960.939453125,1797896
2022-12-12,3255.5,3296.0,3236.10009765625,3286.449951171875,2955.2744140625,1527610
2022-12-13,3277.199951171875,3336.449951171875,3267.800048828125,3332.10009765625,2996.324462890625,1378016
2022-12-14,3348.800048828125,3377.0,3340.89990234375,3365.35009765625,3026.224365234375,1213311
2022-12-15,3358.800048828125,3364.75,3298.949951171875,3305.10009765625,2972.04541015625,1415694
2022-12-16,3275.0,3292.0,3225.199951171875,3240.25,2913.730224609375,2703680
2022-12-19,3227.0,3245.5,3194.5,3202.050048828125,2879.3798828125,2120965
2022-12-20,3198.89990234375,3249.0,3163.64990234375,3243.949951171875,2917.0576171875,1529971
2022-12-21,3249.0,3283.050048828125,3240.0,3268.550048828125,2939.17822265625,1432566
2022-12-22,3294.0,3294.0,3245.10009765625,3259.699951171875,2931.22021484375,1384101
2022-12-23,3217.0,3266.85009765625,3217.0,3228.35009765625,2903.029052734375,1360281
2022-12-26,3228.35009765625,3272.0,3225.050048828125,3252.89990234375,2925.10546875,870157
2022-12-27,3269.199951171875,3273.800048828125,3231.5,3259.5,2931.041015625,835883
2022-12-28,3249.800048828125,3266.10009765625,3226.0,3257.10009765625,2928.88232421875,910795
2022-12-29,3231.10009765625,3271.5,3228.0,3268.75,2939.358154296875,1037927
2022-12-30,3286.050048828125,3299.0,3246.199951171875,3256.699951171875,2928.5224609375,1163131
2023-01-02,3261.0,3266.85009765625,3235.199951171875,3261.449951171875,2932.7939453125,709547
2023-01-03,3252.0,3320.0,3245.300048828125,3311.35009765625,2977.66552734375,1245178
2023-01-04,3306.699951171875,3327.35009765625,3286.199951171875,3314.64990234375,2980.632568359375,1231668
2023-01-05,3330.199951171875,3337.300048828125,3281.949951171875,3311.10009765625,2977.440673828125,1826057
2023-01-06,3300.0,3301.550048828125,3200.0,3211.550048828125,2887.92236328125,2488376
2023-01-09,3229.0,3327.0,3221.14990234375,3319.949951171875,2985.39892578125,2885060
2023-01-10,3285.0,3298.0,3230.10009765625,3286.39990234375,2955.229736328125,3864655
2023-01-11,3290.10009765625,3349.5,3271.14990234375,3328.699951171875,2993.26708984375,2720512
2023-01-12,3329.0,3350.0,3315.550048828125,3334.35009765625,2998.347900390625,2250391
2023-01-13,3342.89990234375,3379.0,3305.0,3374.550048828125,3034.497314453125,1742837
2023-01-16,3317.0,3353.0,3298.050048828125,3334.050048828125,3066.22607421875,1843607
2023-01-17,3330.0,3381.800048828125,3321.0,3378.39990234375,3107.012939453125,1688475
2023-01-18,3380.0,3408.949951171875,3372.25,3390.0,3117.680908203125,2421189
2023-01-19,3380.0,3387.0,3361.0,3373.10009765625,3102.138427734375,1585044
2023-01-20,3365.0,3394.64990234375,3355.60009765625,3363.10009765625,3092.942626953125,1529349
2023-01-23,3388.0,3419.0,3355.60009765625,3414.89990234375,3140.58056640625,1067916
2023-01-24,3425.0,3451.949951171875,3417.300048828125,3436.300048828125,3160.26171875,1387863
2023-01-25,3425.300048828125,3435.0,3405.0,3429.75,3154.238037109375,874110
2023-01-27,3426.0,3446.0,3382.300048828125,3411.050048828125,3137.040283203125,1785879
2023-01-30,3420.0,3458.449951171875,3385.550048828125,3433.64990234375,3157.82421875,1953798
2023-01-31,3449.0,3449.0,3351.0,3358.699951171875,3088.895263671875,2820375
2023-02-01,3363.0,3419.0,3355.0,3408.35009765625,3134.55712890625,2205161
2023-02-02,3427.0,3469.0,3420.10009765625,3460.39990234375,3182.42578125,1813847
2023-02-03,3504.0,3504.0,3452.89990234375,3482.300048828125,3202.567138671875,1804469
2023-02-06,3473.14990234375,3473.14990234375,3436.85009765625,3459.949951171875,3182.01220703125,1138714
2023-02-07,3468.89990234375,3493.0,3461.39990234375,3472.550048828125,3193.599365234375,1455647
2023-02-08,3478.050048828125,3539.89990234375,3478.050048828125,3520.10009765625,3237.330322265625,1986946
2023-02-09,3515.0,3547.60009765625,3505.300048828125,3540.85009765625,3256.413330078125,1655427
2023-02-10,3520.0,3542.35009765625,3508.14990234375,3537.550048828125,3253.378662109375,1187821
2023-02-13,3549.0,3549.0,3473.39990234375,3482.39990234375,3202.658447265625,1087939
2023-02-14,3505.0,3524.85009765625,3495.0,3500.10009765625,3218.936767578125,1579818
2023-02-15,3487.0,3526.0,3460.14990234375,3520.64990234375,3237.835693359375,1429449
2023-02-16,3527.199951171875,3575.0,3527.0,3558.050048828125,3272.231201171875,1618931
2023-02-17,3526.14990234375,3538.89990234375,3490.0,3501.14990234375,3219.90185546875,1061369
2023-02-20,3502.0,3522.0,3475.050048828125,3487.300048828125,3207.16552734375,1296082
2023-02-21,3494.0,3508.89990234375,3444.75,3451.0,3173.78076171875,1139541
2023-02-22,3414.949951171875,3447.0,3395.0,3401.550048828125,3128.30322265625,1218430
2023-02-23,3421.0,3452.39990234375,3408.0,3413.800048828125,3139.5693359375,1441570
2023-02-24,3422.5,3433.949951171875,3382.300048828125,3400.449951171875,3127.291259765625,977592
2023-02-27,3390.0,3390.0,3316.0,3331.85009765625,3064.2021484375,1128022
2023-02-28,3328.5,3392.0,3299.89990234375,3312.85009765625,3046.728515625,4116217
2023-03-01,3323.0,3389.0,3315.0,3385.699951171875,3113.72607421875,1669307
2023-03-02,3361.0,3369.89990234375,3318.0,3321.449951171875,3054.6376953125,1556538
2023-03-03,3354.0,3358.0,3331.10009765625,3342.14990234375,3073.6748046875,1043190
2023-03-06,3361.89990234375,3404.949951171875,3359.0,3371.85009765625,3100.9892578125,1334132
2023-03-08,3364.0,3396.0,3330.85009765625,3390.39990234375,3118.048583984375,1844590
2023-03-09,3385.0,3385.0,3330.85009765625,3336.85009765625,3068.80078125,1648500
2023-03-10,3312.89990234375,3337.25,3290.0,3331.0,3063.420654296875,1024404
2023-03-13,3333.0,3369.800048828125,3272.0,3281.949951171875,3018.310546875,1901233
2023-03-14,3280.0,3304.39990234375,3209.39990234375,3214.949951171875,2956.692626953125,2670334
2023-03-15,3250.0,3260.35009765625,3192.0,3198.89990234375,2941.931640625,1780522
2023-03-16,3208.0,3219.800048828125,3172.0,3185.0,2929.148681640625,1901060
2023-03-17,3150.5,3221.39990234375,3144.0,3179.300048828125,2923.90673828125,6739966
2023-03-20,3169.64990234375,3169.64990234375,3095.050048828125,3143.300048828125,2890.798583984375,2289468
2023-03-21,3143.300048828125,3156.75,3097.449951171875,3106.10009765625,2856.586669921875,1815297
2023-03-22,3130.050048828125,3143.5,3106.10009765625,3130.800048828125,2879.302734375,1123939
2023-03-23,3114.89990234375,3146.35009765625,3101.0,3124.64990234375,2873.646240234375,1372218
2023-03-24,3148.89990234375,3170.0,3106.0,3120.5,2869.830322265625,1329577
2023-03-27,3135.0,3152.75,3106.0,3122.300048828125,2871.4853515625,1524217
2023-03-28,3127.0,3149.550048828125,3110.14990234375,3115.89990234375,2865.59912109375,1303530
2023-03-29,3129.0,3150.0,3104.10009765625,3138.89990234375,2886.751708984375,1740616
2023-03-31,3189.949951171875,3213.0,3152.0,3205.89990234375,2948.369873046875,2382581
2023-04-03,3224.949951171875,3224.949951171875,3173.75,3200.0,2942.943603515625,1521830
2023-04-05,3185.5,3264.35009765625,3185.5,3239.800048828125,2979.546875,2655065
2023-04-06,3225.0,3257.35009765625,3215.0,3220.699951171875,2961.98046875,1703464
2023-04-10,3220.0,3272.0,3215.0,3263.39990234375,3001.25048828125,2203187
2023-04-11,3264.0,3272.949951171875,3192.14990234375,3213.800048828125,2955.635498046875,2348779
2023-04-12,3227.949951171875,3260.949951171875,3199.0,3241.64990234375,2981.247802734375,2417727
2023-04-13,3210.0,3230.0,3180.0,3188.85009765625,2932.689453125,4174070
2023-04-17,3134.10009765625,3163.39990234375,3070.25,3139.5,2887.3037109375,5505048
2023-04-18,3154.949951171875,3156.85009765625,3110.60009765625,3130.75,2879.256591796875,2617302
2023-04-19,3130.75,3140.0,3071.5,3089.60009765625,2841.412109375,3298034
2023-04-20,3090.0,3113.0,3078.0,3104.800048828125,2855.391357421875,2419999
2023-04-21,3110.0,3164.449951171875,3100.800048828125,3160.85009765625,2906.938720703125,1929184
2023-04-24,3151.10009765625,3180.949951171875,3126.14990234375,3174.800048828125,2919.76806640625,1640676
2023-04-25,3183.0,3191.199951171875,3147.5,3176.0,2920.871826171875,2024090
2023-04-26,3181.0,3208.39990234375,3181.0,3198.14990234375,2941.2421875,2000029
2023-04-27,3185.0,3199.199951171875,3170.64990234375,3187.949951171875,2931.86181640625,2434446
2023-04-28,3200.39990234375,3227.25,3196.25,3219.25,2960.647216796875,2931312
2023-05-02,3235.0,3235.0,3210.0,3219.39990234375,2960.785400390625,2321159
2023-05-03,3216.0,3216.0,3173.14990234375,3179.89990234375,2924.458251953125,2468285
2023-05-04,3180.14990234375,3224.449951171875,3178.0,3220.699951171875,2961.98046875,1953253
2023-05-05,3220.0,3244.0,3210.050048828125,3230.699951171875,2971.177734375,1710027
2023-05-08,3245.0,3254.85009765625,3231.300048828125,3250.60009765625,2989.479248046875,928235
2023-05-09,3252.60009765625,3298.0,3246.0,3283.25,3019.50634765625,1107375
2023-05-10,3290.0,3306.5,3266.050048828125,3286.800048828125,3022.771240234375,1559987
2023-05-11,3309.0,3309.699951171875,3272.0,3282.14990234375,3018.49462890625,1719623
2023-05-12,3279.14990234375,3290.0,3260.0,3274.300048828125,3011.275146484375,1027479
2023-05-15,3284.0,3292.0,3248.35009765625,3255.050048828125,2993.57177734375,1150390
2023-05-16,3256.199951171875,3285.0,3250.449951171875,3258.14990234375,2996.422119140625,986306
2023-05-17,3255.949951171875,3280.0,3198.25,3208.699951171875,2950.945068359375,1588815
2023-05-18,3225.949951171875,3228.949951171875,3195.0,3199.85009765625,2942.805419921875,1369364
2023-05-19,3210.0,3234.5,3203.050048828125,3222.85009765625,2963.95849609375,1152449
2023-05-22,3230.0,3308.449951171875,3217.050048828125,3298.699951171875,3033.71484375,1333243
2023-05-23,3306.0,3327.949951171875,3290.10009765625,3297.050048828125,3032.197998046875,1687418
2023-05-24,3276.0,3317.199951171875,3276.0,3303.35009765625,3037.991943359375,1016555
2023-05-25,3294.0,3306.0,3267.10009765625,3293.5,3028.932861328125,1374917
2023-05-26,3293.5,3338.64990234375,3291.0,3328.89990234375,3061.4892578125,1791115
2023-05-29,3360.800048828125,3372.0,3312.0,3320.35009765625,3053.626220703125,1210372
2023-05-30,3315.0,3326.949951171875,3301.35009765625,3316.199951171875,3049.80908203125,1344224
2023-05-31,3309.0,3327.699951171875,3265.14990234375,3289.5,3025.254150390625,5815424
2023-06-01,3314.0,3340.0,3297.5,3324.0,3056.982666015625,1177314
2023-06-02,3326.25,3335.89990234375,3297.449951171875,3305.60009765625,3040.060791015625,2030661
2023-06-05,3315.0,3327.0,3285.050048828125,3288.89990234375,3024.701904296875,1861468
2023-06-06,3280.0,3288.85009765625,3220.60009765625,3232.300048828125,2972.64892578125,2022849
2023-06-07,3253.0,3278.85009765625,3241.0,3274.89990234375,3011.826416015625,1567196
2023-06-08,3261.0,3270.0,3233.0,3236.449951171875,2976.466064453125,1759366
2023-06-09,3245.0,3250.0,3205.35009765625,3209.300048828125,2951.4970703125,1775689
2023-06-12,3215.0,3254.39990234375,3211.0,3246.89990234375,2986.07568359375,2324605
2023-06-13,3260.0,3265.0,3239.0,3243.699951171875,2983.13330078125,1371928
2023-06-14,3243.699951171875,3255.85009765625,3225.85009765625,3251.050048828125,2989.893310546875,1658544
2023-06-15,3245.300048828125,3247.449951171875,3210.0,3216.300048828125,2979.93310546875,2273810
2023-06-16,3197.0,3199.39990234375,3156.0,3174.89990234375,2941.5751953125,4156189
2023-06-19,3190.0,3214.89990234375,3175.0,3210.39990234375,2974.466552734375,1468186
2023-06-20,3214.0,3232.5,3201.050048828125,3227.699951171875,2990.494873046875,1528452
2023-06-21,3250.0,3261.39990234375,3223.949951171875,3258.199951171875,3018.75341796875,1645987
2023-06-22,3260.0,3267.64990234375,3230.10009765625,3238.5,3000.501953125,1529603
2023-06-23,3237.300048828125,3249.39990234375,3209.14990234375,3216.35009765625,2979.979736328125,1119505
2023-06-26,3205.0,3213.89990234375,3173.0,3189.64990234375,2955.2412109375,1978803
2023-06-27,3202.0,3209.64990234375,3182.300048828125,3197.35009765625,2962.3759765625,863542
2023-06-28,3208.0,3230.949951171875,3193.39990234375,3215.449951171875,2979.1455078125,1575872
2023-06-30,3220.0,3310.0,3214.10009765625,3302.25,3059.56640625,2672406
2023-07-03,3314.300048828125,3318.800048828125,3268.75,3272.300048828125,3031.817626953125,1687264
2023-07-04,3290.0,3315.0,3277.300048828125,3308.85009765625,3065.681396484375,1656681
2023-07-05,3320.0,3329.0,3305.0,3319.949951171875,3075.965576171875,1453008
2023-07-06,3306.550048828125,3328.449951171875,3302.0,3322.89990234375,3078.69873046875,1848238
2023-07-07,3302.0,3356.89990234375,3302.0,3329.25,3084.58203125,1789326
2023-07-10,3324.75,3324.75,3265.199951171875,3271.949951171875,3031.492919921875,1407431
2023-07-11,3295.0,3295.0,3260.800048828125,3272.39990234375,3031.910400390625,1110172
2023-07-12,3280.949951171875,3289.14990234375,3250.10009765625,3259.89990234375,3020.328857421875,1515240
2023-07-13,3284.0,3367.449951171875,3272.75,3340.550048828125,3095.052001953125,4585146
2023-07-14,3365.0,3524.85009765625,3352.0,3514.64990234375,3256.357177734375,6306101
2023-07-17,3510.0,3549.89990234375,3477.050048828125,3491.699951171875,3235.09375,2743228
2023-07-18,3476.0,3524.0,3465.0,3496.85009765625,3239.865478515625,2600090
2023-07-19,3500.0,3516.85009765625,3445.64990234375,3470.050048828125,3215.034912109375,2405370
2023-07-20,3453.10009765625,3478.89990234375,3436.050048828125,3463.300048828125,3217.124755859375,1715404
2023-07-21,3404.050048828125,3434.89990234375,3359.050048828125,3368.300048828125,3128.877685546875,3770223
2023-07-24,3381.0,3413.449951171875,3372.10009765625,3394.75,3153.447509765625,1680132
2023-07-25,3397.5,3406.800048828125,3380.199951171875,3399.14990234375,3157.534423828125,1272980
2023-07-26,3400.35009765625,3420.85009765625,3385.0,3388.300048828125,3147.456298828125,1066803
2023-07-27,3394.949951171875,3411.64990234375,3385.050048828125,3396.89990234375,3155.444580078125,1701769
2023-07-28,3385.0,3393.699951171875,3331.0,3355.39990234375,3116.894287109375,2599831
2023-07-31,3364.39990234375,3426.64990234375,3360.89990234375,3421.449951171875,3178.24951171875,2743678
2023-08-01,3415.0,3460.0,3415.0,3452.050048828125,3206.6748046875,1956167
2023-08-02,3434.949951171875,3446.39990234375,3413.60009765625,3440.64990234375,3196.0849609375,1914899
2023-08-03,3420.0,3433.25,3368.0,3399.949951171875,3158.27783203125,2026351
2023-08-04,3401.25,3471.0,3401.25,3443.550048828125,3198.77880859375,2248493
2023-08-07,3453.949951171875,3488.0,3441.25,3484.050048828125,3236.39990234375,1853889
2023-08-08,3484.050048828125,3489.949951171875,3456.60009765625,3470.60009765625,3223.906005859375,1634225
2023-08-09,3464.89990234375,3467.0,3425.050048828125,3462.5,3216.3818359375,1794589
2023-08-10,3450.0,3464.89990234375,3430.050048828125,3442.10009765625,3197.431396484375,1096701
2023-08-11,3438.10009765625,3466.64990234375,3414.0,3448.800048828125,3203.6552734375,1679974
2023-08-14,3440.699951171875,3455.0,3411.0,3449.85009765625,3204.630859375,1190425
2023-08-16,3450.0,3466.0,3435.199951171875,3458.39990234375,3212.572998046875,1328445
2023-08-17,3455.0,3460.800048828125,3413.199951171875,3435.75,3191.533203125,1843241
2023-08-18,3410.0,3410.0,3356.5,3367.10009765625,3127.76318359375,2526749
2023-08-21,3375.0,3409.75,3372.0,3401.64990234375,3159.856689453125,1375579
2023-08-22,3400.0,3411.0,3365.050048828125,3382.14990234375,3141.742919921875,1222012
2023-08-23,3388.0,3402.0,3376.0,3398.25,3156.698974609375,1330046
2023-08-24,3408.0,3413.050048828125,3378.10009765625,3387.75,3146.94482421875,1152881
2023-08-25,3375.0,3385.800048828125,3350.25,3381.300048828125,3140.953369140625,1158046
2023-08-28,3394.0,3394.0,3360.10009765625,3375.550048828125,3135.612060546875,1037485
2023-08-29,3381.050048828125,3389.550048828125,3365.0,3376.14990234375,3136.169677734375,944517
2023-08-30,3398.0,3408.10009765625,3383.050048828125,3390.949951171875,3149.917236328125,1188200
2023-08-31,3401.0,3417.39990234375,3343.64990234375,3356.800048828125,3118.195068359375,3417652
2023-09-01,3366.0,3389.0,3356.800048828125,3379.199951171875,3139.00244140625,1277950
2023-09-04,3378.0,3432.85009765625,3370.050048828125,3418.5,3175.509033203125,1828332
2023-09-05,3420.0,3447.0,3405.14990234375,3429.35009765625,3185.587890625,1501842
2023-09-06,3434.0,3443.89990234375,3398.10009765625,3429.89990234375,3186.09912109375,1314818
2023-09-07,3430.800048828125,3460.0,3422.300048828125,3455.25,3209.646728515625,1885092
2023-09-08,3455.25,3465.0,3435.050048828125,3441.89990234375,3197.24560546875,1518917
2023-09-11,3462.0,3485.699951171875,3445.0,3480.64990234375,3233.241943359375,1783604
2023-09-12,3492.0,3589.89990234375,3483.0,3580.800048828125,3326.27294921875,4476016
2023-09-13,3571.10009765625,3588.85009765625,3545.0,3567.85009765625,3314.243408203125,1754929
2023-09-14,3570.050048828125,3597.699951171875,3545.60009765625,3560.050048828125,3306.99755859375,2604721
2023-09-15,3567.85009765625,3607.35009765625,3562.449951171875,3598.300048828125,3342.52880859375,2952897
2023-09-18,3580.050048828125,3619.300048828125,3575.25,3606.14990234375,3349.820556640625,1395753
2023-09-20,3580.0,3625.0,3580.0,3606.050048828125,3349.72802734375,1649396
2023-09-21,3588.550048828125,3605.0,3528.0,3585.300048828125,3330.453369140625,2004073
2023-09-22,3584.0,3633.75,3565.050048828125,3603.64990234375,3347.498291015625,1989083
2023-09-25,3602.5,3620.0,3558.64990234375,3577.14990234375,3322.882080078125,1238778
2023-09-26,3567.60009765625,3594.949951171875,3536.0,3585.699951171875,3330.82421875,1726062
2023-09-27,3590.0,3614.0,3555.699951171875,3589.300048828125,3334.16845703125,1541134
2023-09-28,3600.0,3602.800048828125,3527.35009765625,3536.75,3285.353759765625,1755753
2023-09-29,3537.199951171875,3568.449951171875,3505.550048828125,3528.60009765625,3277.783447265625,2243791
2023-10-03,3534.199951171875,3534.199951171875,3480.10009765625,3513.85009765625,3264.081787109375,1948148
2023-10-04,3486.300048828125,3548.0,3477.300048828125,3537.75,3286.283203125,1788138
2023-10-05,3554.0,3624.0,3551.199951171875,3589.35009765625,3334.21533203125,2990768
2023-10-06,3591.0,3634.949951171875,3575.050048828125,3621.39990234375,3363.98681640625,2075691
2023-10-09,3645.050048828125,3679.0,3631.0,3638.35009765625,3379.732177734375,4233074
2023-10-10,3640.050048828125,3648.0,3601.35009765625,3628.89990234375,3370.953857421875,1848148
2023-10-11,3650.0,3650.0,3605.0,3609.89990234375,3353.303955078125,2426417
2023-10-12,3575.0,3588.64990234375,3538.10009765625,3542.550048828125,3290.74169921875,4241281
2023-10-13,3530.0,3577.0,3525.0,3570.85009765625,3317.030029296875,2890357
2023-10-16,3566.0,3574.64990234375,3519.10009765625,3524.050048828125,3273.556884765625,1671104
2023-10-17,3530.0,3534.14990234375,3503.35009765625,3507.050048828125,3257.764892578125,1672065
2023-10-18,3511.0,3522.699951171875,3484.0,3487.25,3239.372314453125,1408245
2023-10-19,3469.5,3476.85009765625,3451.89990234375,3455.64990234375,3218.324462890625,1514545
2023-10-20,3450.39990234375,3499.5,3444.050048828125,3494.550048828125,3254.552978515625,1481211
2023-10-23,3473.0,3478.949951171875,3401.300048828125,3410.14990234375,3175.94921875,1106272
2023-10-25,3390.5,3425.0,3377.199951171875,3390.10009765625,3157.2763671875,1518537
2023-10-26,3368.050048828125,3373.699951171875,3330.0,3336.75,3107.590087890625,1984471
2023-10-27,3350.0,3362.0,3337.0,3350.949951171875,3120.8154296875,1108851
2023-10-30,3350.0,3382.85009765625,3333.75,3378.550048828125,3146.52001953125,910972
2023-10-31,3399.0,3399.0,3350.050048828125,3368.75,3137.392822265625,999811
2023-11-01,3355.0,3371.60009765625,3311.0,3330.64990234375,3101.9091796875,1563475
2023-11-02,3343.199951171875,3375.949951171875,3343.199951171875,3360.10009765625,3129.337158203125,1245384
2023-11-03,3382.0,3387.89990234375,3344.300048828125,3350.89990234375,3120.768310546875,1402598
2023-11-06,3375.0,3392.300048828125,3359.0,3380.25,3148.102783203125,1099852
2023-11-07,3378.0,3404.14990234375,3366.0,3370.449951171875,3138.975830078125,1191144
2023-11-08,3371.449951171875,3401.949951171875,3369.550048828125,3381.550048828125,3149.3134765625,992899
2023-11-09,3390.10009765625,3391.5,3342.050048828125,3347.449951171875,3117.555419921875,2112352
2023-11-10,3338.0,3347.449951171875,3322.35009765625,3333.449951171875,3104.5166015625,1338557
2023-11-13,3356.0,3356.0,3327.0,3331.550048828125,3102.74755859375,1030990
2023-11-15,3383.10009765625,3413.0,3356.050048828125,3404.300048828125,3170.5009765625,2059802
2023-11-16,3430.050048828125,3529.35009765625,3414.199951171875,3497.85009765625,3257.62646484375,3951984
2023-11-17,3497.85009765625,3524.5,3492.550048828125,3502.449951171875,3261.91064453125,2021292
2023-11-20,3491.25,3533.89990234375,3491.25,3519.60009765625,3277.8828125,1475621
2023-11-21,3519.60009765625,3539.050048828125,3501.0,3510.199951171875,3269.128173828125,1807236
2023-11-22,3500.0,3532.64990234375,3481.10009765625,3530.14990234375,3287.7080078125,1798051
2023-11-23,3530.0,3544.0,3500.0,3508.25,3267.312255859375,2729804
2023-11-24,3494.25,3504.550048828125,3453.0,3457.10009765625,3219.675048828125,1989733
2023-11-28,3457.10009765625,3481.25,3433.0,3470.14990234375,3231.828857421875,1689195
2023-11-29,3481.0,3518.0,3475.800048828125,3513.75,3272.434326171875,1441634
2023-11-30,3499.449951171875,3516.64990234375,3481.0,3487.60009765625,3248.080810546875,3266235
2023-12-01,3500.0,3516.949951171875,3490.050048828125,3511.64990234375,3270.478759765625,1172141
2023-12-04,3544.64990234375,3547.800048828125,3498.0,3512.449951171875,3271.2236328125,1625213
2023-12-05,3538.0,3538.0,3502.800048828125,3531.60009765625,3289.05859375,1377656
2023-12-06,3532.60009765625,3612.85009765625,3525.14990234375,3604.10009765625,3356.579345703125,1896572
2023-12-07,3605.0,3630.550048828125,3591.699951171875,3614.89990234375,3366.637939453125,1967653
2023-12-08,3633.0,3645.0,3602.050048828125,3626.699951171875,3377.627197265625,1641155
2023-12-11,3622.89990234375,3653.0,3615.0,3642.89990234375,3392.71435546875,1102503
2023-12-12,3638.949951171875,3698.39990234375,3631.0,3672.10009765625,3419.909423828125,2236866
2023-12-13,3643.550048828125,3650.0,3563.0,3593.550048828125,3346.75390625,3850968
2023-12-14,3630.0,3678.0,3627.60009765625,3667.25,3415.392333984375,3290396
2023-12-15,3666.699951171875,3895.949951171875,3666.699951171875,3861.0,3595.836181640625,8531230
2023-12-18,3858.10009765625,3929.0,3830.14990234375,3859.199951171875,3594.159423828125,2521612
2023-12-19,3845.0,3855.10009765625,3790.0,3816.199951171875,3554.112548828125,2004435
2023-12-20,3827.25,3898.800048828125,3766.550048828125,3780.050048828125,3520.44580078125,2586083
2023-12-21,3756.25,3806.699951171875,3743.35009765625,3787.5,3527.3837890625,1517562
2023-12-22,3800.0,3845.949951171875,3762.0,3824.0,3561.376953125,2413058
2023-12-26,3819.85009765625,3834.0,3790.14990234375,3795.550048828125,3534.880859375,1285231
2023-12-27,3799.0,3818.199951171875,3768.0,3811.199951171875,3549.4560546875,1293976
2023-12-28,3824.0,3838.0,3792.10009765625,3799.89990234375,3538.93212890625,1682889
2023-12-29,3792.0,3822.60009765625,3765.39990234375,3793.39990234375,3532.87841796875,1574996
2024-01-01,3790.0,3832.0,3773.0,3811.10009765625,3549.363525390625,825907
2024-01-02,3811.10009765625,3811.10009765625,3767.25,3783.199951171875,3523.37890625,1344068
2024-01-03,3767.0,3771.85009765625,3687.050048828125,3691.75,3438.2099609375,1803075
2024-01-04,3701.75,3719.0,3651.0,3666.800048828125,3414.97314453125,3598144
2024-01-05,3675.0,3747.75,3674.85009765625,3737.89990234375,3481.190185546875,1963127
2024-01-08,3737.89990234375,3739.75,3672.39990234375,3678.300048828125,3425.683837890625,1067805
2024-01-09,3709.949951171875,3752.35009765625,3682.75,3689.89990234375,3436.48681640625,1370944
2024-01-10,3690.0,3729.25,3688.0,3713.050048828125,3458.046875,1292227
2024-01-11,3724.0,3773.0,3707.0,3735.550048828125,3479.00146484375,1777909
2024-01-12,3848.0,3905.25,3821.60009765625,3882.800048828125,3616.138916015625,6813450
2024-01-15,3960.0,3965.0,3885.0,3903.800048828125,3635.69677734375,2801505
2024-01-16,3899.0,3899.0,3855.550048828125,3861.300048828125,3596.115478515625,1432672
2024-01-17,3819.0,3909.949951171875,3812.550048828125,3884.60009765625,3617.81494140625,3458696
2024-01-18,3898.0,3908.800048828125,3862.0,3902.60009765625,3634.578857421875,2239110
2024-01-19,3945.0,3963.550048828125,3915.050048828125,3943.050048828125,3697.834716796875,2941975
2024-01-23,3900.0,3933.89990234375,3842.75,3858.25,3618.30810546875,2618854
2024-01-24,3880.0,3883.64990234375,3805.60009765625,3841.800048828125,3602.881103515625,2657709
2024-01-25,3839.89990234375,3861.0,3778.699951171875,3810.300048828125,3573.340087890625,2205154
2024-01-29,3800.800048828125,3820.0,3780.85009765625,3801.0,3564.61865234375,1646747
2024-01-30,3807.449951171875,3847.800048828125,3787.0,3800.550048828125,3564.1962890625,1411621
2024-01-31,3811.199951171875,3834.0,3796.449951171875,3815.949951171875,3578.63916015625,2459358
2024-02-01,3820.0,3904.89990234375,3805.050048828125,3854.14990234375,3614.463134765625,2363107
2024-02-02,3875.050048828125,3984.39990234375,3872.0,3966.300048828125,3719.638916015625,2826510
2024-02-05,3983.0,4022.0,3962.10009765625,3973.300048828125,3726.203125,1691523
2024-02-06,3997.0,4149.89990234375,3990.0,4136.0,3878.78564453125,4474396
2024-02-07,4153.0,4155.0,4073.949951171875,4083.39990234375,3829.456298828125,2124267
2024-02-08,4090.0,4158.0,4086.050048828125,4134.10009765625,3877.003173828125,2345173
2024-02-09,4136.5498046875,4184.75,4100.0,4133.7001953125,3876.62841796875,2100596
2024-02-12,4130.0,4159.60009765625,4105.5498046875,4120.7001953125,3864.436767578125,1013716
2024-02-13,4125.4501953125,4170.0,4081.5,4149.5,3891.4453125,1257415
2024-02-14,4107.0,4114.89990234375,4049.5,4100.10009765625,3845.117919921875,1391283
2024-02-15,4128.0,4146.2998046875,4083.0,4103.2001953125,3848.02490234375,1091582
2024-02-16,4113.25,4147.9501953125,4100.10009765625,4128.2998046875,3871.56396484375,1307556
2024-02-19,4123.0498046875,4128.2998046875,4055.0,4103.7998046875,3848.58740234375,772291
2024-02-20,4082.10009765625,4098.0,4010.0,4030.64990234375,3779.986572265625,1193648
2024-02-21,4013.0,4063.35009765625,3980.60009765625,3991.5,3743.271240234375,1885939
2024-02-22,3971.0,4094.949951171875,3971.0,4087.10009765625,3832.92626953125,2982052
2024-02-23,4130.0,4130.0,4046.39990234375,4052.10009765625,3800.102783203125,2538072
2024-02-26,4036.0,4050.0,3982.75,4001.050048828125,3752.227294921875,1379284
2024-02-27,3999.0,4124.0,3999.0,4104.39990234375,3849.150390625,2960475
2024-02-28,4095.60009765625,4154.89990234375,4089.0,4118.9501953125,3862.795654296875,1939225
2024-02-29,4099.0,4138.10009765625,4064.550048828125,4095.10009765625,3840.4287109375,3772719
2024-03-01,4107.2001953125,4140.0,4086.800048828125,4094.35009765625,3839.7255859375,2043265
2024-03-04,4105.0,4117.89990234375,4075.89990234375,4080.699951171875,3826.92431640625,1749271
2024-03-05,4062.0,4064.0,3980.0,4012.10009765625,3762.59033203125,2070859
2024-03-06,3994.050048828125,4072.0,3958.449951171875,4064.300048828125,3811.544189453125,1744204
2024-03-07,4065.0,4124.0,4037.699951171875,4108.60009765625,3853.0888671875,2688905
2024-03-11,4089.0,4153.0,4089.0,4122.35009765625,3865.984130859375,2304068
2024-03-12,4122.35009765625,4229.9501953125,4121.0498046875,4192.25,3931.536865234375,4039801
2024-03-13,4205.0,4241.0,4131.89990234375,4149.0,3890.976806640625,2837260
2024-03-14,4153.4501953125,4225.0,4086.0,4207.60009765625,3945.9326171875,2919608
2024-03-15,4192.60009765625,4239.0,4177.0,4219.25,3956.85791015625,3373143
2024-03-18,4215.25,4254.75,4117.85009765625,4152.5,3894.2587890625,1526904
2024-03-19,4051.25,4058.0,3966.60009765625,3977.300048828125,3729.954345703125,8931209
2024-03-20,3986.0,4018.0,3960.199951171875,3970.89990234375,3723.952392578125,1817913
2024-03-21,3990.050048828125,4008.39990234375,3948.0,3972.949951171875,3725.875,3829582
2024-03-22,3897.0,3938.0,3855.0,3910.89990234375,3667.683837890625,5852485
2024-03-26,3875.0,3946.699951171875,3871.449951171875,3877.5,3636.36083984375,3440925
2024-03-27,3888.5,3895.0,3829.39990234375,3840.89990234375,3602.037353515625,1968575
2024-03-28,3850.10009765625,3915.0,3840.5,3876.300048828125,3635.23583984375,4311783
2024-04-01,3897.699951171875,3933.300048828125,3888.050048828125,3916.75,3673.170166015625,1569676
2024-04-02,3890.0,3909.85009765625,3873.0,3883.800048828125,3642.26904296875,2142666
2024-04-03,3851.0,3981.0,3851.0,3947.300048828125,3701.8203125,3973090
2024-04-04,3975.89990234375,4028.64990234375,3935.25,4003.300048828125,3754.337646484375,3394637
2024-04-05,3978.0,4002.0,3960.5,3979.25,3731.783447265625,1636819
2024-04-08,3983.0,4032.64990234375,3960.0,3972.550048828125,3725.499755859375,2302538
2024-04-09,3984.0,4015.85009765625,3925.050048828125,3946.550048828125,3701.116943359375,1876992
2024-04-10,3956.39990234375,3990.199951171875,3918.0,3984.64990234375,3736.84716796875,2101965
2024-04-12,3971.0,4013.35009765625,3945.5,4001.39990234375,3752.5556640625,4354821
2024-04-15,4001.39990234375,4064.199951171875,3919.050048828125,3941.199951171875,3696.099365234375,4200329
2024-04-16,3902.0,3928.699951171875,3862.85009765625,3872.800048828125,3631.953369140625,3051420
2024-04-18,3876.800048828125,3936.0,3850.0,3862.0,3621.8251953125,3476284
2024-04-19,3838.0,3852.550048828125,3800.89990234375,3826.199951171875,3588.251220703125,2957749
2024-04-22,3837.0,3878.0,3812.0,3864.60009765625,3624.263427734375,1728883
2024-04-23,3877.050048828125,3895.0,3860.60009765625,3874.699951171875,3633.7353515625,1807586
2024-04-24,3890.0,3898.0,3824.449951171875,3831.050048828125,3592.799560546875,1317312
2024-04-25,3811.199951171875,3873.64990234375,3811.0,3852.199951171875,3612.634033203125,2856271
2024-04-26,3855.14990234375,3876.800048828125,3802.550048828125,3821.35009765625,3583.703369140625,2039178
2024-04-29,3838.0,3877.800048828125,3819.199951171875,3870.199951171875,3629.515380859375,1110693
2024-04-30,3872.0,3881.75,3810.0,3820.64990234375,3583.04638671875,2203078
2024-05-02,3778.050048828125,3871.10009765625,3778.050048828125,3863.300048828125,3623.044189453125,2491044
2024-05-03,3890.14990234375,3893.60009765625,3797.60009765625,3843.39990234375,3604.38134765625,2962234
2024-05-06,3853.0,3939.949951171875,3853.0,3921.050048828125,3677.202880859375,2053831
2024-05-07,3930.800048828125,3988.0,3913.5,3978.949951171875,3731.501953125,2062112
2024-05-08,3961.0,3984.300048828125,3938.60009765625,3976.949951171875,3729.626220703125,1247685
2024-05-09,3962.0,3971.0,3910.050048828125,3960.199951171875,3713.918212890625,1726486
2024-05-10,3962.60009765625,3973.60009765625,3885.050048828125,3893.89990234375,3651.7412109375,1672489
2024-05-13,3884.5,3955.0,3870.0,3947.800048828125,3702.2890625,931326
2024-05-14,3936.0,3945.800048828125,3892.89990234375,3901.199951171875,3658.5869140625,1058317
2024-05-15,3904.5,3926.949951171875,3875.5,3880.39990234375,3639.08056640625,1115021
2024-05-16,3891.10009765625,3909.5,3843.5,3900.949951171875,3684.94189453125,2599399
2024-05-17,3919.0,3920.0,3830.0,3834.10009765625,3621.794189453125,2765804
2024-05-21,3830.60009765625,3844.75,3810.050048828125,3820.199951171875,3608.66357421875,1908117
2024-05-22,3835.0,3841.25,3817.550048828125,3832.0,3619.810302734375,1311168
2024-05-23,3840.949951171875,3905.0,3825.5,3893.449951171875,3677.857666015625,2095742
2024-05-24,3878.25,3883.800048828125,3844.300048828125,3849.5,3636.341064453125,1309452
2024-05-27,3855.0,3908.35009765625,3841.35009765625,3847.050048828125,3634.027099609375,1841538
2024-05-28,3858.0,3870.0,3830.0,3839.89990234375,3627.272705078125,1801993
2024-05-29,3848.89990234375,3848.89990234375,3800.0,3803.64990234375,3593.030029296875,1568095
2024-05-30,3777.0,3794.39990234375,3715.449951171875,3736.10009765625,3529.220703125,2919230
2024-05-31,3740.0,3749.800048828125,3653.75,3670.949951171875,3467.677978515625,10956800
2024-06-03,3732.800048828125,3751.550048828125,3696.0,3702.85009765625,3497.811767578125,2156773
2024-06-04,3700.0,3745.0,3591.5,3715.0,3509.288818359375,3395997
2024-06-05,3716.0,3783.800048828125,3700.0,3746.449951171875,3538.997314453125,2799670
2024-06-06,3781.0,3839.89990234375,3741.5,3830.39990234375,3618.298828125,4328036
2024-06-07,3837.300048828125,3915.0,3837.300048828125,3893.949951171875,3678.329833984375,4552445
2024-06-10,3895.0,3905.89990234375,3841.89990234375,3858.699951171875,3645.03173828125,1734661
2024-06-11,3845.0,3879.949951171875,3841.0,3852.10009765625,3638.79736328125,1419898
2024-06-12,3874.39990234375,3893.5,3827.449951171875,3831.64990234375,3619.4794921875,2177001
2024-06-13,3856.800048828125,3890.0,3852.0,3878.14990234375,3663.40478515625,1932323
2024-06-14,3889.0,3889.0,3828.0,3832.050048828125,3619.857666015625,1860730
2024-06-18,3826.050048828125,3842.0,3795.050048828125,3815.10009765625,3603.84619140625,1774045
2024-06-19,3827.64990234375,3833.85009765625,3792.949951171875,3801.699951171875,3591.18798828125,1509050
2024-06-20,3796.0,3809.949951171875,3780.050048828125,3787.25,3577.538330078125,2846526
2024-06-21,3827.0,3877.800048828125,3798.050048828125,3810.75,3599.73681640625,4642195
2024-06-24,3808.75,3857.0,3791.300048828125,3816.800048828125,3605.451904296875,1702154
2024-06-25,3817.0,3847.64990234375,3792.89990234375,3838.449951171875,3625.90283203125,1338808
2024-06-26,3844.5,3866.949951171875,3841.0,3855.85009765625,3642.339599609375,1639845
2024-06-27,3831.0,3942.0,3818.10009765625,3934.14990234375,3716.3037109375,4526556
2024-06-28,3917.800048828125,3960.0,3897.85009765625,3904.14990234375,3687.964599609375,2731571
2024-07-01,3884.0,4001.699951171875,3884.0,3978.199951171875,3757.91455078125,2658723
2024-07-02,3993.60009765625,4023.39990234375,3982.550048828125,4017.39990234375,3794.944091796875,2307449
2024-07-03,4020.0,4026.10009765625,3955.0,3965.25,3745.681640625,1821198
2024-07-04,3999.85009765625,4047.35009765625,3982.10009765625,4020.949951171875,3798.297607421875,2518001
2024-07-05,4010.0,4026.75,3988.0,4011.800048828125,3789.654296875,1668616
2024-07-08,4022.0,4031.25,3978.050048828125,3993.199951171875,3772.084228515625,1758882
2024-07-09,3985.0,4006.949951171875,3975.10009765625,3985.5,3764.81005859375,1305801
2024-07-10,3983.699951171875,4003.300048828125,3902.0,3909.14990234375,3692.688720703125,2669716
2024-07-11,3931.0,3980.0,3895.60009765625,3923.699951171875,3706.4326171875,4872189
2024-07-12,3980.0,4199.9501953125,3971.300048828125,4183.9501953125,3952.27197265625,13509164
2024-07-15,4235.7001953125,4240.0,4157.0498046875,4169.2001953125,3938.3388671875,4848030
2024-07-16,4172.0,4194.5498046875,4144.89990234375,4178.4501953125,3947.076171875,2029521
2024-07-18,4160.0,4325.0,4160.0,4315.5498046875,4076.584716796875,5613364
2024-07-19,4317.39990234375,4358.75,4285.25,4302.39990234375,4073.6015625,3903354
2024-07-22,4299.9501953125,4319.9501953125,4265.0,4287.35009765625,4059.352294921875,1896386
2024-07-23,4283.0,4361.7001953125,4266.2998046875,4302.35009765625,4073.55517578125,2365208
2024-07-24,4287.5,4339.10009765625,4268.10009765625,4306.25,4077.246826171875,1809793
2024-07-25,4295.0,4343.0,4274.2001953125,4322.5,4092.633056640625,2810342
2024-07-26,4350.0,4422.4501953125,4337.0498046875,4387.85009765625,4154.5078125,3552210
2024-07-29,4415.0,4431.0,4371.0,4381.10009765625,4148.11669921875,1746803
2024-07-30,4391.10009765625,4398.0,4327.2998046875,4365.35009765625,4133.20458984375,1797906
2024-07-31,4350.0,4414.0,4345.0,4385.35009765625,4152.14111328125,2330091
2024-08-01,4399.39990234375,4419.2998046875,4365.0498046875,4397.10009765625,4163.26611328125,2202244
2024-08-02,4365.0,4398.0,4270.0,4283.0498046875,4055.280517578125,2811282
2024-08-05,4239.0,4239.0,4110.5,4155.0498046875,3934.087890625,2787771
2024-08-06,4170.9501953125,4258.25,4160.7998046875,4171.2001953125,3949.37890625,2203067
2024-08-07,4228.0,4244.9501953125,4180.2998046875,4200.4501953125,3977.073486328125,1237666
2024-08-08,4181.0,4232.0,4160.0,4172.5498046875,3950.65673828125,2441283
2024-08-09,4217.0,4253.64990234375,4205.5498046875,4228.75,4003.86865234375,1302536
2024-08-12,4230.0,4239.0,4186.35009765625,4195.64990234375,3972.528564453125,936912
2024-08-13,4213.0,4234.0,4183.0,4196.9501953125,3973.76025390625,1495593
2024-08-14,4209.0,4306.2001953125,4188.14990234375,4295.25,4066.83203125,3226545
2024-08-16,4350.0,4427.0,4325.10009765625,4416.0498046875,4181.2080078125,3457058
2024-08-19,4421.0,4494.25,4390.35009765625,4490.0,4251.22509765625,2055210
2024-08-20,4505.0,4565.0,4500.0,4523.2998046875,4282.75439453125,2212298
2024-08-21,4518.0,4560.0,4492.5498046875,4551.5,4309.455078125,1896990
2024-08-22,4560.0,4560.9501953125,4497.2001953125,4502.0,4262.5869140625,1829872
2024-08-23,4500.0,4506.0,4455.0,4463.89990234375,4226.51318359375,1809253
2024-08-26,4489.0,4552.14990234375,4485.0,4502.4501953125,4263.01318359375,1844164
2024-08-27,4505.0,4510.0,4486.7998046875,4497.14990234375,4257.9951171875,930697
2024-08-28,4498.75,4562.5,4457.2998046875,4506.0498046875,4266.42138671875,1848058
2024-08-29,4460.0,4556.0,4460.0,4511.7998046875,4271.86669921875,2133641
2024-08-30,4500.0,4592.25,4487.7998046875,4553.75,4311.58544921875,3637222
2024-09-02,4576.0,4588.0,4512.0,4521.0498046875,4280.6240234375,1216500
2024-09-03,4521.0498046875,4555.89990234375,4495.89990234375,4512.35009765625,4272.38671875,1717263
2024-09-04,4476.9501953125,4487.0,4436.7001953125,4479.25,4241.04736328125,1265505
2024-09-05,4481.0,4499.0,4454.14990234375,4475.9501953125,4237.92236328125,1688793
2024-09-06,4473.9501953125,4518.9501953125,4440.0,4456.75,4219.74365234375,1649179
2024-09-09,4455.0,4490.25,4430.5,4449.5498046875,4212.9267578125,1184938
2024-09-10,4442.4501953125,4539.9501953125,4440.4501953125,4507.85009765625,4268.12646484375,1385591
2024-09-11,4521.4501953125,4549.35009765625,4471.25,4479.35009765625,4241.14208984375,1325919
2024-09-12,4510.25,4532.60009765625,4431.2998046875,4517.7001953125,4277.453125,2742216
2024-09-13,4530.0,4547.0,4505.0,4522.60009765625,4282.09228515625,1458786
2024-09-16,4527.0,4546.0498046875,4494.4501953125,4513.25,4273.2392578125,1155120
2024-09-17,4513.25,4535.7998046875,4466.0,4505.64990234375,4266.04345703125,1699364
2024-09-18,4497.0498046875,4497.0498046875,4321.0,4346.14990234375,4115.025390625,2961779
2024-09-19,4390.0498046875,4422.2001953125,4281.7998046875,4296.14990234375,4067.683837890625,2927551
2024-09-20,4316.89990234375,4330.7001953125,4227.5,4284.89990234375,4057.0322265625,5447908
2024-09-23,4300.0,4309.39990234375,4253.0,4268.5,4041.5048828125,1702319
2024-09-24,4251.64990234375,4291.0,4240.0,4271.2998046875,4044.156005859375,3012026
2024-09-25,4252.35009765625,4289.60009765625,4240.0,4274.75,4047.421875,2713073
2024-09-26,4260.0,4316.7998046875,4260.0,4292.5,4064.22900390625,3964251
2024-09-27,4335.0,4378.0,4300.0498046875,4308.7001953125,4079.5673828125,3012477
2024-09-30,4286.89990234375,4298.75,4260.0498046875,4268.5,4041.5048828125,2503416
2024-10-01,4255.5498046875,4295.75,4242.9501953125,4287.89990234375,4059.873291015625,1823365
2024-10-03,4262.60009765625,4279.0,4210.0,4232.75,4007.655517578125,3350119
2024-10-04,4225.0,4298.0,4224.0498046875,4252.25,4026.11865234375,2965463
2024-10-07,4273.89990234375,4297.25,4229.39990234375,4272.85009765625,4045.62353515625,1472619
2024-10-08,4272.60009765625,4279.39990234375,4203.9501953125,4253.25,4027.065673828125,1541867
2024-10-09,4260.0,4295.0,4246.7001953125,4252.9501953125,4026.782470703125,1082504
2024-10-10,4253.25,4293.85009765625,4198.60009765625,4227.39990234375,4002.59033203125,2378875
2024-10-11,4143.0,4241.9501953125,4112.4501953125,4149.2001953125,3928.549072265625,5759183
2024-10-14,4140.0,4165.39990234375,4122.2001953125,4136.64990234375,3916.666259765625,2137590
2024-10-15,4131.0498046875,4169.9501953125,4095.0,4116.7998046875,3897.87158203125,2759474
2024-10-16,4085.0,4115.0,4067.199951171875,4094.949951171875,3877.184326171875,2359151
2024-10-17,4112.7998046875,4129.9501953125,4092.949951171875,4109.0,3890.486572265625,2522659
2024-10-18,4090.0,4146.14990234375,4080.0,4123.0498046875,3913.3134765625,2361000
2024-10-21,4132.60009765625,4139.9501953125,4070.0,4079.85009765625,3872.31103515625,1595450
2024-10-22,4066.0,4089.800048828125,4006.35009765625,4015.5,3811.234130859375,1928049
2024-10-23,3999.60009765625,4113.5498046875,3995.14990234375,4066.25,3859.40283203125,1966476
2024-10-24,4004.0,4079.0,4004.0,4047.89990234375,3841.986083984375,2676744
2024-10-25,4057.050048828125,4092.0,4032.699951171875,4057.550048828125,3851.145263671875,1759676
2024-10-28,4068.949951171875,4134.0,4051.0,4090.85009765625,3882.751220703125,1532534
2024-10-29,4095.85009765625,4103.5,4060.10009765625,4075.25,3867.945068359375,1445885
2024-10-30,4075.0,4107.0,4060.050048828125,4084.64990234375,3876.866455078125,1935002
2024-10-31,4070.0,4078.300048828125,3960.0,3968.449951171875,3766.577880859375,3740372
2024-11-01,3989.85009765625,3998.949951171875,3976.050048828125,3984.199951171875,3781.526611328125,154895
2024-11-04,3966.300048828125,3991.89990234375,3913.25,3964.14990234375,3762.49658203125,2269192
2024-11-05,3941.10009765625,3986.0,3941.10009765625,3971.35009765625,3769.33056640625,967590
2024-11-06,4003.60009765625,4149.7998046875,3975.25,4139.64990234375,3929.068603515625,3792017
2024-11-07,4169.7001953125,4205.7998046875,4085.050048828125,4150.89990234375,3939.746337890625,3724349
2024-11-08,4155.0,4169.75,4117.64990234375,4147.0,3936.044921875,1648039
2024-11-11,4128.2001953125,4234.2998046875,4117.64990234375,4198.7001953125,3985.115478515625,1406487
2024-11-12,4216.0,4218.0,4164.35009765625,4197.39990234375,3983.880859375,1587640
2024-11-13,4178.10009765625,4196.75,4131.0498046875,4150.35009765625,3939.224853515625,1098813
2024-11-14,4135.0,4160.0,4116.4501953125,4145.89990234375,3935.0009765625,1825432
2024-11-18,4213.0,4213.0,3990.199951171875,4019.5,3815.03076171875,3313944
2024-11-19,4019.89990234375,4132.14990234375,4014.10009765625,4039.550048828125,3834.06103515625,1776233
2024-11-21,4044.89990234375,4092.449951171875,4024.0,4072.85009765625,3865.666748046875,2384347
2024-11-22,4071.0,4254.9501953125,4054.0,4244.60009765625,4028.679931640625,3096553
2024-11-25,4280.0,4328.10009765625,4252.2001953125,4315.10009765625,4095.593505859375,4052167
2024-11-26,4321.0498046875,4366.60009765625,4310.0,4352.7001953125,4131.28173828125,2060669
2024-11-27,4358.9501953125,4377.39990234375,4324.0498046875,4332.5498046875,4112.15576171875,1558993
2024-11-28,4319.0,4339.9501953125,4233.0,4244.89990234375,4028.96435546875,2558544
2024-11-29,4220.0,4298.7001953125,4195.64990234375,4270.85009765625,4053.59521484375,2017425
2024-12-02,4270.0,4288.2001953125,4230.0498046875,4276.64990234375,4059.10009765625,1670944
2024-12-03,4314.35009765625,4325.0,4265.4501953125,4302.75,4083.8720703125,2010905
2024-12-04,4313.5498046875,4386.9501953125,4289.0498046875,4354.39990234375,4132.89501953125,3302642
2024-12-05,4400.7998046875,4489.0,4360.0,4464.0498046875,4236.966796875,3746747
2024-12-06,4453.0,4465.0,4412.75,4445.5,4219.36083984375,1842087
2024-12-09,4430.4501953125,4469.39990234375,4415.5498046875,4452.14990234375,4225.67236328125,2066639
2024-12-10,4426.14990234375,4493.7998046875,4412.10009765625,4432.5498046875,4207.06884765625,2087828
2024-12-11,4431.85009765625,4448.64990234375,4407.0,4427.4501953125,4202.228515625,1635256
2024-12-12,4430.0498046875,4485.0,4426.0,4454.9501953125,4228.33056640625,1914642
2024-12-13,4434.9501953125,4494.89990234375,4394.39990234375,4473.89990234375,4246.31591796875,1967048
2024-12-16,4459.0,4475.0,4397.0,4415.2001953125,4190.6015625,1646224
2024-12-17,4410.0,4432.9501953125,4318.0,4328.5,4108.31201171875,3225027
2024-12-18,4311.7001953125,4362.0,4289.60009765625,4347.85009765625,4126.67822265625,1575404
2024-12-19,4282.0,4364.0,4262.0,4271.89990234375,4054.59130859375,3015763
2024-12-20,4329.0,4382.0,4152.5,4170.2998046875,3958.159423828125,4116989
2024-12-23,4200.0498046875,4217.0,4114.89990234375,4158.2998046875,3946.769775390625,2195338
2024-12-24,4158.2998046875,4218.0,4158.2998046875,4179.5,3966.891845703125,1181886
2024-12-26,4179.5,4199.9501953125,4143.14990234375,4169.10009765625,3957.02099609375,1208464
2024-12-27,4163.0,4180.9501953125,4147.25,4164.85009765625,3952.9873046875,858100
2024-12-30,4151.0,4199.2998046875,4112.0,4158.7998046875,3947.24462890625,1527169
2024-12-31,4135.0,4139.9501953125,4032.050048828125,4094.800048828125,3886.50048828125,1555429
2025-01-01,4094.39990234375,4134.0,4085.449951171875,4112.4501953125,3903.25244140625,763161
2025-01-02,4120.0,4183.0,4096.9501953125,4175.75,3963.33251953125,1720835
2025-01-03,4179.9501953125,4179.9501953125,4092.300048828125,4099.89990234375,3891.341064453125,1791953
2025-01-06,4105.5,4149.64990234375,4066.39990234375,4095.0,3886.690185546875,2085593
2025-01-07,4114.9501953125,4140.35009765625,4011.550048828125,4028.300048828125,3823.38330078125,2669054
2025-01-08,4034.89990234375,4126.0,4017.75,4108.39990234375,3899.408447265625,2181277
2025-01-09,4101.0,4137.75,4025.300048828125,4038.85009765625,3833.396728515625,2392472
2025-01-10,4200.0,4297.0,4170.0,4265.64990234375,4048.6591796875,7894300
2025-01-13,4245.0,4322.9501953125,4227.39990234375,4291.10009765625,4072.814697265625,4003771
2025-01-14,4302.0,4313.89990234375,4219.0498046875,4233.0498046875,4017.717529296875,3441709
2025-01-15,4218.0,4256.4501953125,4207.4501953125,4249.60009765625,4033.42578125,1653474
2025-01-16,4260.0,4294.0,4191.85009765625,4206.2998046875,3992.328125,2637705
2025-01-17,4159.89990234375,4160.60009765625,4100.0498046875,4124.2998046875,3986.528564453125,1761466
2025-01-20,4145.7998046875,4145.7998046875,4068.10009765625,4077.800048828125,3941.582275390625,1287799
2025-01-21,4095.300048828125,4111.0,4030.0,4035.85009765625,3901.033447265625,1971591
2025-01-22,4050.0,4163.14990234375,4044.199951171875,4156.60009765625,4017.749755859375,2409223
2025-01-23,4168.0,4191.35009765625,4140.0498046875,4145.4501953125,4006.972412109375,1822998
2025-01-24,4104.0,4178.0,4104.0,4152.35009765625,4013.642333984375,1910099
2025-01-27,4102.0,4156.35009765625,4041.050048828125,4065.14990234375,3929.35498046875,1551782
2025-01-28,4070.800048828125,4102.0,4028.300048828125,4040.300048828125,3905.335205078125,2468272
2025-01-29,4054.0,4107.85009765625,4054.0,4099.7998046875,3962.846923828125,1217089
2025-01-30,4099.89990234375,4129.89990234375,4058.5,4100.0498046875,3963.088623046875,1531251
2025-01-31,4110.0,4128.4501953125,4085.25,4112.39990234375,3975.0263671875,1492943
2025-02-01,4113.0,4135.89990234375,4056.0,4073.14990234375,3937.08740234375,437172
2025-02-03,4030.89990234375,4077.0,3998.699951171875,4068.64990234375,3932.737548828125,1265713
2025-02-04,4083.699951171875,4118.85009765625,4066.050048828125,4107.0498046875,3969.854736328125,2547132
2025-02-05,4150.0,4150.0,4076.0,4091.10009765625,3954.43798828125,1693912
2025-02-06,4105.39990234375,4139.5,4051.550048828125,4082.75,3946.366943359375,2284536
2025-02-07,4090.0,4090.0,4008.0,4029.39990234375,3894.799072265625,1548940
2025-02-10,4040.0,4052.0,4014.35009765625,4036.949951171875,3902.096923828125,1339511
2025-02-11,4018.39990234375,4040.0,3955.0,3963.550048828125,3831.14892578125,1810908
2025-02-12,3971.10009765625,4021.75,3940.14990234375,3950.14990234375,3818.1962890625,1678002
2025-02-13,3968.0,3984.449951171875,3902.25,3910.14990234375,3779.532470703125,2277310
2025-02-14,3925.0,3948.0,3900.0,3934.85009765625,3803.407470703125,1681975
2025-02-17,3856.5,3934.0,3856.199951171875,3904.5,3774.071533203125,1799806
2025-02-18,3898.39990234375,3924.39990234375,3864.5,3873.199951171875,3743.816650390625,2149879
2025-02-19,3872.199951171875,3874.949951171875,3768.14990234375,3784.10009765625,3657.693359375,4366672
2025-02-20,3761.5,3788.0,3751.300048828125,3779.39990234375,3653.150390625,2888572
2025-02-21,3776.10009765625,3817.0,3775.0,3786.0,3659.52978515625,1833931
2025-02-24,3743.14990234375,3763.199951171875,3670.0,3675.60009765625,3552.8173828125,2508516
2025-02-25,3625.0,3658.0,3621.25,3629.550048828125,3508.305908203125,4101954
2025-02-27,3611.699951171875,3638.0,3600.699951171875,3612.550048828125,3491.87353515625,3823856
2025-02-28,3584.949951171875,3600.0,3457.0,3483.25,3366.892822265625,7085018
2025-03-03,3485.0,3523.25,3476.14990234375,3493.050048828125,3376.36572265625,4990439
2025-03-04,3474.0,3551.0,3464.300048828125,3532.050048828125,3414.06298828125,2797737
2025-03-05,3520.85009765625,3600.35009765625,3520.85009765625,3547.050048828125,3428.561767578125,2501894
2025-03-06,3557.0,3609.449951171875,3536.10009765625,3601.60009765625,3481.289794921875,2786513
2025-03-07,3600.0,3625.0,3574.39990234375,3611.199951171875,3490.56884765625,2051315
2025-03-10,3606.5,3622.10009765625,3582.60009765625,3589.64990234375,3469.73876953125,1004626
2025-03-11,3558.0,3588.75,3537.64990234375,3575.300048828125,3455.8681640625,1995450
2025-03-12,3565.0,3569.25,3486.85009765625,3506.199951171875,3389.076416015625,3174167
2025-03-13,3502.300048828125,3524.300048828125,3484.10009765625,3511.050048828125,3393.764404296875,1693004
2025-03-17,3489.0,3530.449951171875,3477.35009765625,3497.699951171875,3380.8603515625,2690906
2025-03-18,3497.699951171875,3497.699951171875,3497.699951171875,3497.699951171875,3380.8603515625,0
2025-03-19,3547.0,3547.0,3462.75,3497.10009765625,3380.280517578125,3051244
2025-03-20,3512.0,3578.949951171875,3512.0,3563.14990234375,3444.123779296875,2845192
2025-03-21,3475.0,3616.25,3465.0,3578.10009765625,3458.57470703125,4161925
2025-03-24,3600.0,3649.75,3566.60009765625,3628.949951171875,3507.725830078125,1834751
2025-03-25,3645.0,3710.0,3638.0,3657.75,3535.56396484375,3135390
2025-03-26,3647.75,3680.5,3625.85009765625,3635.800048828125,3514.34716796875,1734499
2025-03-27,3614.85009765625,3663.0,3610.5,3651.199951171875,3529.23291015625,2528474
2025-03-28,3651.0,3660.949951171875,3591.89990234375,3606.14990234375,3485.687744140625,2051919
2025-04-01,3572.699951171875,3584.0,3525.0,3550.800048828125,3432.186767578125,2618493
2025-04-02,3544.0,3564.10009765625,3530.050048828125,3543.949951171875,3425.565185546875,1764313
2025-04-03,3491.0,3502.0,3396.14990234375,3403.14990234375,3289.46875,4537821
2025-04-04,3362.60009765625,3399.64990234375,3295.5,3299.39990234375,3189.1845703125,5317367
2025-04-07,3100.0,3291.39990234375,3056.050048828125,3274.050048828125,3164.68115234375,6623955
2025-04-08,3302.050048828125,3349.0,3255.300048828125,3292.949951171875,3182.949951171875,5557558
2025-04-09,3260.550048828125,3270.0,3212.050048828125,3246.60009765625,3138.1484375,2990265
2025-04-11,3289.550048828125,3298.949951171875,3206.0,3231.5,3123.552978515625,7108961
2025-04-15,3314.39990234375,3314.39990234375,3238.60009765625,3248.199951171875,3139.694580078125,3512160
2025-04-16,3248.199951171875,3278.10009765625,3229.0,3273.800048828125,3164.439697265625,2384391
2025-04-17,3245.5,3303.60009765625,3218.0,3298.89990234375,3188.701171875,2932346
2025-04-21,3290.10009765625,3354.0,3284.10009765625,3321.60009765625,3210.642822265625,2432946
2025-04-22,3322.60009765625,3333.89990234375,3295.0,3314.39990234375,3203.683349609375,2710498
2025-04-23,3365.0,3420.89990234375,3337.300048828125,3413.0,3298.98974609375,3543923
2025-04-24,3401.10009765625,3412.5,3387.699951171875,3401.60009765625,3287.970703125,2252175
2025-04-25,3420.0,3477.800048828125,3405.0,3448.0,3332.82080078125,2742991
2025-04-28,3435.0,3457.800048828125,3405.0,3443.5,3328.470947265625,1593296
2025-04-29,3455.0,3495.0,3430.39990234375,3472.5,3356.501953125,1578332
2025-04-30,3472.0,3509.89990234375,3366.0,3453.699951171875,3338.330078125,2809332
2025-05-02,3472.0,3491.5,3420.0,3431.0,3316.38818359375,1721761
2025-05-05,3450.0,3504.5,3446.39990234375,3454.300048828125,3338.910400390625,1284443
2025-05-06,3460.0,3473.0,3437.0,3460.0,3344.419677734375,1324763
2025-05-07,3420.60009765625,3459.5,3420.60009765625,3445.10009765625,3330.017578125,1477128
2025-05-08,3448.0,3477.0,3428.699951171875,3448.89990234375,3333.6904296875,2543591
2025-05-09,3399.0,3446.199951171875,3398.10009765625,3440.300048828125,3325.3779296875,2531757
2025-05-12,3505.0,3630.5,3502.199951171875,3620.39990234375,3499.46142578125,2228678
2025-05-13,3620.39990234375,3623.0,3510.5,3515.0,3397.58251953125,3062887
2025-05-14,3521.0,3561.0,3508.60009765625,3548.699951171875,3430.15673828125,2119499
2025-05-15,3564.0,3600.0,3514.10009765625,3579.89990234375,3460.314208984375,3548330
2025-05-16,3593.89990234375,3593.89990234375,3546.10009765625,3561.300048828125,3442.3359375,1666727
2025-05-19,3550.0,3550.0,3503.699951171875,3518.800048828125,3401.255615234375,2537377
2025-05-20,3531.800048828125,3558.0,3494.0,3498.300048828125,3381.440185546875,2038374
2025-05-21,3508.0,3537.0,3498.300048828125,3525.800048828125,3408.021728515625,1440153
2025-05-22,3495.0,3497.800048828125,3451.300048828125,3477.0,3360.8515625,2034383
2025-05-23,3477.0,3535.0,3465.60009765625,3514.60009765625,3397.19580078125,1274331
2025-05-26,3521.0,3545.0,3510.10009765625,3537.300048828125,3419.137451171875,967470
2025-05-27,3532.0,3540.0,3483.10009765625,3498.699951171875,3381.826904296875,2467680
2025-05-28,3520.0,3529.0,3493.0,3497.699951171875,3380.8603515625,1222933
2025-05-29,3504.699951171875,3532.5,3486.5,3498.10009765625,3381.2470703125,3188072
2025-05-30,3490.0,3506.699951171875,3453.10009765625,3463.39990234375,3347.7060546875,3404365
2025-06-02,3450.0,3460.0,3418.60009765625,3449.800048828125,3334.560546875,1877585
2025-06-03,3446.0,3473.5,3400.5,3405.199951171875,3291.4501953125,2848125
2025-06-04,3389.0,3394.800048828125,3370.0,3380.89990234375,3297.0087890625,2544807
2025-06-05,3409.0,3409.0,3363.699951171875,3371.10009765625,3287.4521484375,3584683
2025-06-06,3371.10009765625,3390.89990234375,3358.699951171875,3384.199951171875,3300.226806640625,2070390
2025-06-09,3400.0,3434.0,3390.89990234375,3421.89990234375,3336.991455078125,1718678
2025-06-10,3440.0,3485.800048828125,3423.199951171875,3462.89990234375,3376.97412109375,2419874
2025-06-11,3470.0,3489.0,3449.10009765625,3471.89990234375,3385.750732421875,2847013
2025-06-12,3471.89990234375,3474.699951171875,3423.199951171875,3434.199951171875,3348.986328125,4060134
2025-06-13,3393.199951171875,3450.5,3393.199951171875,3445.699951171875,3360.200927734375,2178493
2025-06-16,3440.0,3509.0,3426.199951171875,3496.300048828125,3409.54541015625,1934088
2025-06-17,3510.0,3520.0,3488.10009765625,3515.300048828125,3428.073974609375,2111940
2025-06-18,3519.10009765625,3538.0,3443.10009765625,3451.39990234375,3365.759521484375,2696327
2025-06-19,3450.0,3451.0,3413.0,3424.0,3339.039306640625,2672768
2025-06-20,3425.0,3446.300048828125,3410.89990234375,3435.699951171875,3350.448974609375,2351248
2025-06-23,3415.0,3425.0,3370.0,3393.60009765625,3309.393798828125,3123421
2025-06-24,3434.60009765625,3442.10009765625,3382.0,3390.39990234375,3306.27294921875,3403048
2025-06-25,3407.300048828125,3450.0,3400.0,3444.800048828125,3359.3232421875,1757699
2025-06-26,3444.800048828125,3451.39990234375,3415.300048828125,3441.800048828125,3356.397705078125,2879106
2025-06-27,3455.0,3466.39990234375,3431.0,3441.10009765625,3355.71533203125,1778433
2025-06-30,3439.89990234375,3464.89990234375,3430.0,3462.0,3376.09619140625,1468351
2025-07-01,3455.0,3485.0,3413.5,3429.699951171875,3344.597900390625,2375183
2025-07-02,3487.199951171875,3489.89990234375,3420.0,3423.300048828125,3338.3564453125,3090585
2025-07-03,3430.0,3435.300048828125,3397.60009765625,3400.800048828125,3316.4150390625,2531870
2025-07-04,3408.0,3427.0,3390.10009765625,3419.800048828125,3334.943603515625,1109320
2025-07-07,3418.300048828125,3426.10009765625,3408.39990234375,3411.699951171875,3327.044677734375,1639174
2025-07-08,3405.0,3425.0,3393.39990234375,3406.199951171875,3321.680908203125,2325242
2025-07-09,3410.0,3414.0,3367.0,3383.800048828125,3299.837158203125,2034938
2025-07-10,3380.0,3399.0,3356.0,3382.0,3298.08154296875,3035012
2025-07-11,3299.89990234375,3335.0,3261.10009765625,3266.0,3184.9599609375,7635550
2025-07-14,3266.0,3272.0,3200.0,3222.699951171875,3142.734375,3924009
2025-07-15,3206.0,3259.39990234375,3206.0,3252.300048828125,3171.599853515625,2590889
2025-07-16,3227.0,3244.89990234375,3220.60009765625,3233.10009765625,3163.576171875,2540733
2025-07-17,3224.10009765625,3242.0,3204.10009765625,3209.199951171875,3140.18994140625,2947640
2025-07-18,3225.0,3228.800048828125,3187.0,3189.89990234375,3121.304931640625,3432645
2025-07-21,3190.0,3197.60009765625,3152.0,3158.199951171875,3090.28662109375,3844346
2025-07-22,3159.60009765625,3180.10009765625,3154.60009765625,3159.60009765625,3091.65673828125,3198036
2025-07-23,3159.60009765625,3182.0,3157.60009765625,3179.10009765625,3110.7373046875,1922875
2025-07-24,3165.10009765625,3173.699951171875,3140.0,3148.0,3080.30615234375,2934778
2025-07-25,3140.0,3156.89990234375,3125.60009765625,3135.800048828125,3068.368408203125,2568917
2025-07-28,3110.0,3118.0,3069.89990234375,3079.300048828125,3013.083251953125,3374473
2025-07-29,3060.0,3074.0,3041.199951171875,3056.0,2990.284423828125,4785312
2025-07-30,3060.0,3069.0,3047.199951171875,3053.60009765625,2987.93603515625,2880121
2025-07-31,3041.699951171875,3059.800048828125,3015.0,3036.800048828125,2971.497314453125,2968371
2025-08-01,3029.89990234375,3036.800048828125,3000.0,3003.0,2938.424072265625,2053847
2025-08-04,3009.10009765625,3079.39990234375,2991.60009765625,3074.39990234375,3008.28857421875,2519252
2025-08-05,3074.39990234375,3077.5,3042.0,3063.89990234375,2998.014404296875,1927996
2025-08-06,3063.0,3066.800048828125,3026.0,3032.300048828125,2967.093994140625,1487081
2025-08-07,3016.0,3051.60009765625,3010.89990234375,3047.0,2981.47802734375,2543076
2025-08-08,3048.10009765625,3059.800048828125,3025.0,3036.39990234375,2971.105712890625,2762140
2025-08-11,3036.39990234375,3049.89990234375,3021.300048828125,3040.800048828125,2975.411376953125,1884215
2025-08-12,3041.0,3096.39990234375,3026.89990234375,3035.39990234375,2970.127197265625,3358232
2025-08-13,3036.10009765625,3044.39990234375,3028.60009765625,3036.199951171875,2970.91015625,2148166
2025-08-14,3034.0,3055.89990234375,3019.10009765625,3022.300048828125,2957.30908203125,3342174
2025-08-18,3046.5,3049.0,3003.39990234375,3011.199951171875,2946.44775390625,2945609
2025-08-19,3011.199951171875,3025.0,3011.10009765625,3016.199951171875,2951.34033203125,2650784
2025-08-20,3010.89990234375,3103.39990234375,3010.89990234375,3098.60009765625,3031.96826171875,4952358
2025-08-21,3130.0,3130.0,3083.10009765625,3102.60009765625,3035.882568359375,3230726
2025-08-22,3086.0,3095.699951171875,3050.0,3054.0,2988.327392578125,1593791
2025-08-25,3087.300048828125,3152.0,3077.10009765625,3140.60009765625,3073.065185546875,3448370
2025-08-26,3129.0,3162.0,3120.0,3157.199951171875,3089.308349609375,5522097
2025-08-28,3145.0,3146.5,3086.5,3093.699951171875,3027.173583984375,3116051
2025-08-29,3093.0,3115.0,3077.199951171875,3084.699951171875,3018.3671875,2271789
2025-09-01,3090.0,3131.10009765625,3090.0,3112.60009765625,3045.667236328125,1246862
2025-09-02,3121.10009765625,3155.0,3103.10009765625,3111.5,3044.5908203125,2185229
2025-09-03,3129.89990234375,3141.89990234375,3088.0,3097.5,3030.891845703125,1799774
2025-09-04,3116.0,3118.0,3090.800048828125,3095.699951171875,3029.130859375,1481391
2025-09-05,3097.10009765625,3103.39990234375,3028.60009765625,3048.300048828125,2982.75,2802055
2025-09-08,3050.0,3064.89990234375,3016.0,3019.0,2954.080078125,2626187
2025-09-09,3032.10009765625,3060.0,3030.800048828125,3049.39990234375,2983.826171875,2489301
2025-09-10,3056.39990234375,3122.699951171875,3053.39990234375,3110.0,3043.123291015625,2079428
2025-09-11,3139.0,3139.0,3110.10009765625,3124.199951171875,3057.017822265625,2263446
2025-09-12,3144.0,3148.699951171875,3121.0,3133.39990234375,3066.02001953125,1447167
2025-09-15,3134.0,3134.0,3096.0,3111.89990234375,3044.982177734375,1732539
2025-09-16,3128.0,3150.0,3109.10009765625,3145.699951171875,3078.0556640625,2573429
2025-09-17,3152.0,3182.39990234375,3142.39990234375,3172.800048828125,3104.57275390625,2418271
2025-09-18,3185.0,3203.0,3161.39990234375,3176.699951171875,3108.388916015625,2633138
2025-09-19,3170.0,3180.5,3144.0,3169.199951171875,3101.050048828125,4901694
2025-09-22,3095.0,3106.89990234375,3065.0,3073.800048828125,3007.70166015625,3634901
2025-09-23,3070.0,3080.699951171875,3052.0,3062.39990234375,2996.546630859375,3177741
2025-09-24,3050.0,3057.0,3033.0,3035.39990234375,2970.127197265625,1625714
2025-09-25,3022.0,3029.60009765625,2951.0,2957.39990234375,2893.804443359375,4974361
2025-09-26,2941.0,2954.800048828125,2891.300048828125,2899.10009765625,2836.758544921875,3934636
2025-09-29,2916.0,2929.300048828125,2894.0,2896.10009765625,2833.82275390625,3110035
2025-09-30,2911.0,2915.300048828125,2885.10009765625,2888.39990234375,2826.288330078125,2253458
2025-10-01,2891.0,2924.800048828125,2866.60009765625,2914.199951171875,2851.53369140625,1952902
2025-10-03,2924.0,2924.0,2891.10009765625,2901.89990234375,2839.498046875,2899519
2025-10-06,2902.0,2993.60009765625,2895.60009765625,2988.39990234375,2924.137939453125,2112774
2025-10-07,2995.0,3004.5,2955.5,2973.699951171875,2909.75390625,3062943
2025-10-08,2975.0,3043.0,2968.0,3027.199951171875,2962.103515625,4121889
2025-10-09,3034.0,3066.0,3020.0,3061.699951171875,2995.86181640625,3211304
2025-10-10,3050.0,3070.0,3006.89990234375,3028.300048828125,2963.179931640625,8817365
2025-10-13,3027.0,3035.5,2998.199951171875,3007.199951171875,2942.533935546875,2866865
2025-10-14,3021.0,3027.199951171875,2955.5,2960.300048828125,2896.642333984375,3611416
2025-10-15,2971.0,2979.699951171875,2951.0,2969.800048828125,2916.7763671875,4282226
2025-10-16,2969.89990234375,2975.0,2943.10009765625,2970.699951171875,2917.66015625,3251495
2025-10-17,2970.0,2988.800048828125,2955.39990234375,2962.199951171875,2909.311767578125,4374683
2025-10-20,2985.5,3023.0,2978.5,3015.199951171875,2961.365478515625,3133039
2025-10-21,3031.10009765625,3031.800048828125,2996.0,3006.699951171875,2953.017333984375,310644
2025-10-23,3055.0,3098.0,3036.10009765625,3073.199951171875,3018.330078125,5564758
2025-10-24,3080.0,3090.0,3058.300048828125,3063.199951171875,3008.508544921875,2684318
2025-10-27,3066.5,3094.199951171875,3060.199951171875,3084.89990234375,3029.821044921875,1946312
2025-10-28,3076.0,3090.199951171875,3040.199951171875,3057.89990234375,3003.30322265625,3470737
2025-10-29,3057.89990234375,3076.0,3046.10009765625,3057.60009765625,3003.0087890625,2895420
2025-10-30,3049.10009765625,3063.800048828125,3032.800048828125,3035.300048828125,2981.106689453125,2241536
2025-10-31,3035.0,3067.39990234375,3025.10009765625,3058.0,3003.4013671875,1868085
2025-11-03,3046.89990234375,3058.0,3010.0,3016.800048828125,2962.93701171875,2194877
2025-11-04,3019.60009765625,3029.300048828125,2976.0,2990.199951171875,2936.81201171875,2670720
2025-11-06,2990.10009765625,3024.0,2990.0,3010.89990234375,2957.142333984375,2542721
2025-11-07,3001.0,3004.0,2960.5,2991.800048828125,2938.383544921875,1830520
2025-11-10,2993.0,3047.89990234375,2992.0,3025.199951171875,2971.18701171875,1556656
2025-11-11,3045.0,3055.699951171875,3018.0,3047.0,2992.597900390625,2806868
2025-11-12,3060.0,3136.39990234375,3057.10009765625,3131.800048828125,3075.8837890625,4460315
2025-11-13,3131.800048828125,3131.89990234375,3102.0,3105.699951171875,3050.249755859375,1740435
2025-11-14,3090.0,3113.10009765625,3077.300048828125,3106.0,3050.54443359375,2210794
2025-11-17,3106.0,3123.5,3086.60009765625,3102.199951171875,3046.812255859375,2232853
2025-11-18,3102.0,3105.0,3078.0,3087.10009765625,3031.98193359375,2548350
2025-11-19,3097.0,3155.0,3083.5,3147.699951171875,3091.499755859375,3151053
2025-11-20,3148.0,3164.5,3138.10009765625,3144.800048828125,3088.65185546875,2700767
2025-11-21,3144.800048828125,3170.0,3135.199951171875,3150.60009765625,3094.34814453125,4177037
2025-11-24,3158.0,3178.89990234375,3131.0,3141.199951171875,3085.115966796875,6703764
2025-11-25,3145.300048828125,3149.800048828125,3115.0,3119.199951171875,3063.5087890625,2737920
2025-11-26,3118.800048828125,3178.0,3117.0,3162.89990234375,3106.428466796875,2508527
2025-11-27,3180.0,3180.0,3125.0,3136.60009765625,3080.59814453125,2836233
2025-11-28,3140.0,3147.300048828125,3125.0,3137.5,3081.48193359375,1616690
2025-12-01,3137.89990234375,3154.0,3122.199951171875,3133.39990234375,3077.455078125,1747647
2025-12-02,3131.0,3144.0,3120.39990234375,3135.699951171875,3079.714111328125,2512003
2025-12-03,3140.0,3211.89990234375,3139.0,3180.0,3123.22314453125,3952112
2025-12-04,3194.0,3250.0,3187.39990234375,3229.199951171875,3171.544677734375,5025905
2025-12-05,3230.0,3271.60009765625,3222.39990234375,3238.199951171875,3180.384033203125,5244013
2025-12-08,3243.0,3259.89990234375,3208.60009765625,3236.5,3178.71435546875,2544725
2025-12-09,3230.0,3233.699951171875,3181.199951171875,3208.300048828125,3151.01806640625,2734893
2025-12-10,3225.0,3225.0,3178.10009765625,3189.199951171875,3132.259033203125,1386849
2025-12-11,3205.0,3208.39990234375,3153.10009765625,3191.89990234375,3134.91064453125,1914362
2025-12-12,3197.699951171875,3223.0,3185.699951171875,3220.5,3163.0,1146554
2025-12-15,3211.10009765625,3238.199951171875,3197.300048828125,3230.199951171875,3172.52685546875,1562190
2025-12-16,3220.0,3220.0,3191.10009765625,3205.10009765625,3147.875244140625,1734623
2025-12-17,3200.5,3236.89990234375,3200.5,3217.800048828125,3160.348388671875,1376350
2025-12-18,3228.0,3287.800048828125,3221.0,3280.800048828125,3222.2236328125,2307422
2025-12-19,3299.0,3317.89990234375,3278.800048828125,3282.0,3223.402099609375,3902511
2025-12-22,3310.0,3328.60009765625,3291.0,3324.89990234375,3265.5361328125,2632816
2025-12-23,3319.89990234375,3319.89990234375,3293.5,3310.0,3250.902099609375,2365420
2025-12-24,3304.10009765625,3327.10009765625,3296.10009765625,3319.0,3259.741455078125,1367708
2025-12-26,3313.10009765625,3320.0,3271.800048828125,3280.0,3221.437744140625,1176664
2025-12-29,3280.0,3288.0,3242.89990234375,3251.5,3193.446533203125,2079473
2025-12-30,3250.0,3267.5,3239.5,3246.800048828125,3188.83056640625,2807593
2025-12-31,3240.0,3246.0,3198.5,3206.199951171875,3148.955322265625,3362634
2026-01-01,3215.0,3234.10009765625,3198.199951171875,3227.39990234375,3169.77685546875,1255735
2026-01-02,3234.0,3254.300048828125,3219.5,3250.699951171875,3192.660888671875,1184324
2026-01-05,3240.5,3247.0,3191.0,3216.10009765625,3158.6787109375,2341703
2026-01-06,3210.0,3263.199951171875,3205.0,3255.800048828125,3197.669921875,2912325
2026-01-07,3242.89990234375,3300.60009765625,3223.199951171875,3295.60009765625,3236.75927734375,1989442
2026-01-08,3286.89990234375,3286.89990234375,3182.0,3203.89990234375,3146.6962890625,4159336
2026-01-09,3191.0,3229.699951171875,3191.0,3207.800048828125,3150.52685546875,1938673
2026-01-12,3203.0,3252.0,3174.300048828125,3239.60009765625,3181.75927734375,2228342
2026-01-13,3245.0,3280.0,3210.5,3268.0,3209.652099609375,5645341
2026-01-14,3260.0,3260.0,3183.0,3192.5,3135.5,3539511
2026-01-15,3192.5,3192.5,3192.5,3192.5,3135.5,0
2026-01-16,3219.39990234375,3221.89990234375,3171.0,3206.699951171875,3206.699951171875,4293470
2026-01-19,3188.0,3220.0,3152.10009765625,3163.60009765625,3163.60009765625,3387562
2026-01-20,3151.60009765625,3160.0,3091.10009765625,3102.300048828125,3102.300048828125,4499273
2026-01-21,3100.0,3138.5,3082.0,3122.60009765625,3122.60009765625,2015150
2026-01-22,3150.0,3160.0,3122.300048828125,3150.39990234375,3150.39990234375,2269827
2026-01-23,3190.300048828125,3194.5,3152.0,3162.5,3162.5,2068857
2026-01-27,3175.0,3175.0,3130.0,3158.0,3158.0,4279874
2026-01-28,3176.0,3205.199951171875,3170.60009765625,3200.10009765625,3200.10009765625,2751234
2026-01-29,3200.10009765625,3200.10009765625,3125.60009765625,3144.39990234375,3144.39990234375,2457641
2026-01-30,3141.0,3141.0,3092.0,3123.89990234375,3123.89990234375,3022068
2026-02-02,3198.0,3198.0,3134.0,3169.60009765625,3169.60009765625,2636272
2026-02-03,3350.0,3350.0,3186.300048828125,3225.300048828125,3225.300048828125,4366060
2026-02-04,3120.0,3120.0,2986.0,2999.10009765625,2999.10009765625,10852595
2026-02-05,2990.0,3029.699951171875,2972.300048828125,2991.5,2991.5,3521545
2026-02-06,2976.60009765625,2985.0,2916.0,2941.60009765625,2941.60009765625,4687389
2026-02-09,2959.10009765625,2977.0,2937.5,2948.199951171875,2948.199951171875,2380318
2026-02-10,2949.800048828125,3011.60009765625,2943.5,2984.60009765625,2984.60009765625,3547763
2026-02-11,2980.0,2998.0,2904.199951171875,2909.800048828125,2909.800048828125,3363513
2026-02-12,2869.800048828125,2880.0,2740.0,2750.10009765625,2750.10009765625,10612156
2026-02-13,2585.0,2713.0,2585.0,2692.199951171875,2692.199951171875,11168735
2026-02-16,2700.0,2719.800048828125,2671.0,2706.60009765625,2706.60009765625,2918730
2026-02-17,2716.0,2760.0,2695.199951171875,2717.39990234375,2717.39990234375,4209118
2026-02-18,2730.0,2730.0,2657.300048828125,2694.89990234375,2694.89990234375,2950820
2026-02-19,2708.0,2748.699951171875,2666.60009765625,2677.89990234375,2677.89990234375,3238849
2026-02-20,2667.0,2702.60009765625,2647.5,2686.199951171875,2686.199951171875,2293482
2026-02-23,2686.0,2704.0,2660.199951171875,2676.300048828125,2676.300048828125,4699596
2026-02-24,2641.0,2647.5,2561.300048828125,2573.699951171875,2573.699951171875,7798833
2026-02-25,2596.0,2654.199951171875,2595.0,2629.300048828125,2629.300048828125,3621285
2026-02-26,2650.0,2671.0,2635.0,2647.699951171875,2647.699951171875,3464267
2026-02-27,2681.60009765625,2688.60009765625,2626.10009765625,2637.39990234375,2637.39990234375,5083717
2026-03-02,2592.0,2623.800048828125,2580.300048828125,2613.5,2613.5,3374385
2026-03-04,2625.0,2635.0,2580.39990234375,2587.800048828125,2587.800048828125,3446434
2026-03-05,2600.0,2609.5,2546.39990234375,2578.800048828125,2578.800048828125,2960636
2026-03-06,2572.0,2619.199951171875,2553.60009765625,2557.60009765625,2557.60009765625,3998643
2026-03-09,2530.0,2560.0,2505.0,2527.39990234375,2527.39990234375,3653428
2026-03-10,2541.0,2545.199951171875,2490.10009765625,2513.10009765625,2513.10009765625,4323710
2026-03-11,2508.10009765625,2521.0,2460.10009765625,2464.89990234375,2464.89990234375,2720664
2026-03-12,2459.800048828125,2472.89990234375,2436.0,2442.39990234375,2442.39990234375,2752075
2026-03-13,2437.0,2445.89990234375,2397.0,2410.5,2410.5,2466488
2026-03-16,2410.0,2425.0,2366.10009765625,2409.199951171875,2409.199951171875,3807907
2026-03-17,2420.0,2420.0,2360.0,2391.699951171875,2391.699951171875,2993367
2026-03-18,2410.0,2482.89990234375,2410.0,2440.800048828125,2440.800048828125,3082388
2026-03-19,2417.0,2424.0,2350.199951171875,2356.0,2356.0,2757060
2026-03-20,2386.0,2407.800048828125,2364.199951171875,2390.60009765625,2390.60009765625,4206320
2026-03-23,2365.0,2406.800048828125,2348.0,2383.800048828125,2383.800048828125,3860515
2026-03-24,2404.10009765625,2435.39990234375,2379.10009765625,2398.800048828125,2398.800048828125,3420182
2026-03-25,2400.89990234375,2421.60009765625,2369.800048828125,2377.39990234375,2377.39990234375,5843778
2026-03-27,2403.89990234375,2422.10009765625,2385.0,2389.800048828125,2389.800048828125,4979411
2026-03-30,2375.10009765625,2398.0,2346.199951171875,2358.89990234375,2358.89990234375,6804756
2026-04-01,2429.0,2472.0,2397.89990234375,2408.199951171875,2408.199951171875,4132661
2026-04-02,2386.0,2469.89990234375,2375.699951171875,2450.699951171875,2450.699951171875,5378361
2026-04-06,2474.0,2482.0,2448.199951171875,2473.89990234375,2473.89990234375,2572417
2026-04-07,2461.0,2543.89990234375,2448.0,2539.800048828125,2539.800048828125,4516550
2026-04-08,2572.0,2580.300048828125,2540.10009765625,2559.199951171875,2559.199951171875,4769337
2026-04-09,2554.0,2605.0,2531.10009765625,2589.0,2589.0,5628261
2026-04-10,2565.800048828125,2565.800048828125,2501.10009765625,2524.300048828125,2524.300048828125,10480239
2026-04-13,2489.89990234375,2504.89990234375,2470.0,2472.60009765625,2472.60009765625,3739587
2026-04-15,2501.89990234375,2559.0,2493.39990234375,2554.89990234375,2554.89990234375,5261384
2026-04-16,2572.0,2594.0,2558.0,2576.89990234375,2576.89990234375,3905403
2026-04-17,2570.0,2589.0,2555.89990234375,2581.5,2581.5,2718206
2026-04-20,2587.10009765625,2594.0,2561.199951171875,2579.60009765625,2579.60009765625,2288558
2026-04-21,2560.0,2614.0,2560.0,2610.5,2610.5,2719959
2026-04-22,2580.0,2580.0,2503.60009765625,2538.5,2538.5,5232045
2026-04-23,2529.0,2559.5,2516.300048828125,2521.800048828125,2521.800048828125,2509050
2026-04-24,2488.0,2505.0,2388.800048828125,2396.89990234375,2396.89990234375,5107719
2026-04-27,2396.89990234375,2459.0,2396.89990234375,2447.60009765625,2447.60009765625,5853425
2026-04-28,2444.0,2487.0,2427.39990234375,2444.699951171875,2444.699951171875,4508363
2026-04-29,2451.0,2487.89990234375,2447.60009765625,2474.699951171875,2474.699951171875,2835961
2026-04-30,2479.0,2491.0,2438.0,2473.89990234375,2473.89990234375,3970446
2026-05-01,2473.89990234375,2473.89990234375,2473.89990234375,2473.89990234375,2473.89990234375,0
2026-05-04,2494.0,2498.300048828125,2425.0,2431.300048828125,2431.300048828125,2632358
2026-05-05,2430.0,2460.39990234375,2412.199951171875,2427.300048828125,2427.300048828125,3385720
2026-05-06,2441.89990234375,2471.0,2406.5,2435.39990234375,2435.39990234375,3147628
2026-05-07,2438.199951171875,2439.699951171875,2398.0,2401.39990234375,2401.39990234375,5829594
2026-05-08,2398.0,2407.0,2375.10009765625,2394.39990234375,2394.39990234375,3792199
2026-05-11,2371.0,2415.0,2371.0,2392.89990234375,2392.89990234375,1975188
2026-05-12,2375.0,2375.0,2283.0,2300.300048828125,2300.300048828125,6347884
2026-05-13,2306.0,2309.199951171875,2269.0,2272.800048828125,2272.800048828125,3171843
2026-05-14,2265.0,2265.0,2206.39990234375,2246.0,2246.0,5633313
2026-05-15,2252.0,2304.89990234375,2252.0,2264.0,2264.0,3410637
2026-05-18,2264.0,2292.89990234375,2252.199951171875,2283.199951171875,2283.199951171875,3773336
2026-05-19,2300.0,2377.60009765625,2297.10009765625,2327.10009765625,2327.10009765625,10394707
2026-05-20,2323.89990234375,2342.0,2317.800048828125,,,2536699
